標的名稱,代碼,幣別,類型,成立日期,風險收益等級,配息頻率,淨值日期,淨值,三個月(%),六個月(%),一年(%),三年(%),成立以來(%),年化標準差,年化Sharpe,年化Beta,規模日期,基金規模,嘉實基金評等,備註
安聯台灣科技基金,ACDD04-EQTAL046,台幣,國內股票開放型科技類,2001/04/03,RR5,無,2026/07/31,651.99,-4.71,44.57,175.24,324.11,,49.96,0.67,1.1,-,"3,026.43億",,
統一龍馬基金,ACPS03-EQTUP005,台幣,國內股票開放型一般股票型,1995/04/08,RR4,-,2026/07/31,543.14,-2.23,71.45,169.79,273.47,,55.7,0.59,1.43,-,99.69億,,
原康健人壽標的＿元大新主流證券投資信託基金,ACYT11-CGTS0,台幣,國內股票開放型一般股票型,1999/08/20,RR4,無,2026/07/31,159.08,-11.81,37.85,163.51,226.32,,55.62,0.58,1.41,-,254.52億,,
街口中小型基金,ACCH03-EQTPA001,台幣,國內股票開放型中小型,2003/03/12,RR5,無,2026/07/31,160.26,-14.85,30.87,161.99,235.2,,54.98,0.59,1.53,-,10.33億,,
野村中小基金-累積類型,ACIC08-EQTIG013,台幣,國內股票開放型中小型,2001/04/11,RR5,無,2026/07/31,487.8,-12.96,48.96,150.28,226.77,,54.24,0.56,1.37,-,262.46億,,
原康健人壽標的＿安聯台灣大壩基金,ACDD01-CATS6,台幣,國內股票開放型一般股票型,2000/04/10,RR4,無,2026/07/31,268.54,-12.02,40.19,149.36,263.78,,51.36,0.59,1.3,-,928.05億,,
安聯台灣大壩基金-A類型-新臺幣,ACDD01-EQTAL005,台幣,國內股票開放型一般股票型,2000/04/10,RR4,無,2026/07/31,268.54,-12.02,40.19,149.36,263.78,,51.36,0.59,1.3,-,928.05億,,
原康健人壽標的＿元大多福證券投資信託基金,ACYT02-CGTA1,台幣,國內股票開放型一般股票型,1994/03/16,RR4,無,2026/07/31,289.07,-10.79,47.03,147.68,211.93,,46.63,0.63,1.18,-,109.37億,,
元大多福基金,ACYT02-EQTPL003,台幣,國內股票開放型一般股票型,1994/03/16,RR4,無,2026/07/31,289.07,-10.79,47.03,147.68,211.93,,46.63,0.63,1.18,-,109.37億,,
原康健人壽標的＿元大卓越證券投資信託基金,ACYT04-CGTS1,台幣,國內股票開放型一般股票型,1995/11/22,RR4,無,2026/07/31,195.72,-11,38.41,145.51,224.9,,49.9,0.59,1.32,-,149.36億,,
安聯台灣智慧基金,ACDD19-EQTAL047,台幣,國內股票開放型一般股票型,2008/04/24,RR4,無,2026/07/31,352.14,-6.68,34.11,144.83,255.34,,51.18,0.58,1.36,-,754.98億,,
玉山保德信中小型股基金,ACML09-EQTPD003,台幣,國內股票開放型中小型,1999/01/22,RR5,無,2026/07/31,269.65,-18.21,33.94,141.73,249.2,,52.23,0.56,1.31,-,43.85億,,
元大台灣高股息優質龍頭基金-新台幣(B)配息 - (配現金)(本基金之配息來源可能為收益平準金且並無保證收益及配息),ACYT162-ECTPL011,台幣,國內股票開放型一般股票型,2020/03/23,RR4,月配,2026/07/31,25.24,18.3,59.15,139.97,203.54,,44.35,0.64,1.31,-,307.44億,,
元大台灣高股息優質龍頭基金-新台幣(A)不配息(本基金之配息來源可能為收益平準金且並無保證收益及配息),ACYT161-EQTPL010,台幣,國內股票開放型一般股票型,2020/03/23,RR4,無,2026/07/31,45.93,18.32,59.09,139.72,203.37,,44.34,0.63,1.31,-,554.52億,,
野村優質基金-累積類型新臺幣計價,ACIC01-BLTIG071,台幣,國內股票開放型一般股票型,1999/04/21,RR4,無,2026/07/31,394.08,-5.79,61.68,139.5,220.57,,47.96,0.59,1.14,-,560.59億,,
原康健人壽標的＿野村優質證券投資信託基金,ACIC01-CCTS0,台幣,國內股票開放型一般股票型,1999/04/21,RR4,無,2026/07/31,394.08,-5.79,61.68,139.5,220.57,,47.96,0.59,1.14,-,560.59億,,
路博邁台灣5G股票基金T累積級別(新臺幣),ACNB01-EQTNB031,台幣,國內股票開放型一般股票型,2017/09/13,RR4,無,2026/07/31,80.26,-10.97,39.46,133.65,268,,59.91,0.49,1.66,-,262.70億,,
路博邁台灣5G股票基金T月配級別(新臺幣) - (配現金)(基金之配息來源可能為本金),ACNB02-ECTNB032,台幣,國內股票開放型一般股票型,2017/09/13,RR4,月配,2026/07/31,50.1,-10.97,39.44,133.63,267.87,,59.92,0.49,1.66,-,78.59億,,
瀚亞中小型股基金,ACCP10-EQTPC003,台幣,國內股票開放型中小型,1998/04/03,RR5,無,2026/07/31,135.28,-15.47,37.98,132,217.41,,53.06,0.53,1.37,-,37.57億,,
復華高成長基金,ACFH03-EQTFH007,台幣,國內股票開放型一般股票型,1998/10/17,RR4,無,2026/07/31,378.76,-6.77,39.85,131.05,208.39,,61.52,0.48,1.68,-,211.48億,,
台新主流基金,ACTT06-EQTTS002,台幣,國內股票開放型一般股票型,2007/02/08,RR4,無,2026/07/31,149.86,-17.96,43.53,130.31,237.52,,57.94,0.49,1.39,-,34.96億,,
復華復華基金,ACFH01-EQTFH008,台幣,國內股票開放型一般股票型,1998/01/23,RR4,無,2026/07/31,106.78,-6.02,37.41,126.47,217.89,,59.04,0.48,1.62,-,149.09億,,
摩根新興科技基金-一般型(本基金有相當比重投資於非投資等級之高風險債券且配息來源可能為本金),ACJF76-EQTJF077,台幣,國內股票開放型科技類,1995/03/23,RR5,無,2026/07/31,368.47,-13.63,50.02,126.25,230.53,,54.18,0.51,1.14,-,246.52億,,
復華全方位基金A類型(基金之配息來源可能為本金及收益平準金且本基金並無保證收益及配息),ACFH15-EQTFH026,台幣,國內股票開放型一般股票型,2005/08/01,RR4,無,2026/07/31,163.64,-4.14,42.72,125.99,191.33,,58.1,0.48,1.6,-,136.49億,,
統一奔騰基金,ACPS10-EQTUP004,台幣,國內股票開放型科技類,1998/08/11,RR5,無,2026/07/31,645.88,-12.72,49.98,125.23,235.8,,54.03,0.5,1,-,741.01億,,
復華中小精選基金,ACFH08-EQTFH020,台幣,國內股票開放型中小型,2001/04/03,RR5,無,2026/07/31,380.17,-11.39,41.47,125.02,181.52,,55.53,0.5,1.48,-,223.63億,,
富蘭克林華美第一富基金-A類型,ACFT01-EQTFT001,台幣,國內股票開放型一般股票型,2002/12/13,RR4,無,2026/07/31,246.87,-12.5,38.02,123.78,169.45,,50.54,0.53,1.29,-,76.53億,,
原康健人壽標的＿台新2000高科技基金,ACSH03-CTTS0,台幣,國內股票開放型科技類,2000/03/07,RR5,無,2026/07/31,217.34,-17.93,34.11,120.83,218.82,,50.66,0.52,0.97,-,51.59億,,
台新2000高科技基金,ACSH03-EQTTS005,台幣,國內股票開放型科技類,2000/03/07,RR5,無,2026/07/31,217.34,-17.93,34.11,120.83,218.82,,50.66,0.52,0.97,-,51.59億,,
統一黑馬基金,ACPS02-EQTUP003,台幣,國內股票開放型一般股票型,1994/11/01,RR4,無,2026/07/31,541.36,-14.8,39.56,120.04,178.68,,52.87,0.5,1.33,-,428.74億,,
玉山保德信高成長基金,ACML01-EQTPD001,台幣,國內股票開放型一般股票型,1994/04/11,RR4,無,2026/07/31,516.08,-11.51,41.22,118.25,192.7,,48.25,0.53,1.26,-,207.39億,,
富邦小而美基金,ACJS04-EQTJS001,台幣,國內股票開放型中小型,1998/07/30,RR5,無,2026/07/31,100.61,-21.04,38.56,116.55,162.9,,54.57,0.48,1.31,-,18.72億,,
富邦新台商基金-A類型,ACJS13-EQTJS003,台幣,國內股票開放型中概股型,2003/05/12,RR4,無,2026/07/31,316.43,-22.39,35.4,111.77,227.13,,56.69,0.46,1.3,-,93.23億,,
復華全球物聯網科技基金-新臺幣,ACFH67-EQTFH011,台幣,跨國投資股票型全球市場,2016/07/04,RR4,無,2026/07/30,71.38,-7.57,34.4,111.5,223.57,,67.58,0.42,3.11,-,421.32億,,
玉山保德信店頭市場基金,ACML05-EQTPD002,台幣,國內股票開放型上櫃股票型,1996/09/16,RR5,無,2026/07/31,154.85,-14.27,34.68,109.91,153.35,,47.45,0.52,1.21,-,21.08億,,
復華亞太神龍科技基金-新臺幣,ACFH73-EQTFH017,台幣,跨國投資股票型區域型,2018/01/31,RR5,無,2026/07/30,43.28,-7.02,31.19,109.08,195.23,,68.13,0.41,2.51,-,224.89億,,
統一大滿貫基金-A類型,ACPS14-EQTUP006,台幣,國內股票開放型一般股票型,2000/04/10,RR4,無,2026/07/31,200.96,-17.03,35.38,109.07,186.64,,52.48,0.47,1.26,-,298.44億,,
統一全球新科技基金(新台幣),ACPS38-EQTUP001,台幣,跨國投資股票型全球市場,2016/05/03,RR4,無,2026/07/30,99.84,-11.47,32.68,103.59,224.68,,61.16,0.42,2.85,-,268.57億,,
復華亞太成長基金,ACFH18-EQTFH009,台幣,跨國投資股票型區域型,2007/01/22,RR5,無,2026/07/30,36.34,-17.01,23.73,100.55,117.08,,64.11,0.41,2.3,-,100.80億,,
富邦高科技基金,ACJS07-EQTJS002,台幣,國內股票開放型科技類,2000/04/25,RR5,無,2026/07/31,80.17,-20.75,22.14,100.43,110.53,,49.54,0.47,0.99,-,24.62億,,
復華華人世紀基金,ACFH23-EQTFH003,台幣,跨國投資股票型全球市場,2009/01/05,RR5,無,2026/07/30,66.66,-8.22,26.18,99.46,228.37,,66.11,0.4,3.36,-,305.21億,,
群益馬拉松基金,ACCA03-EQTCT001,台幣,國內股票開放型一般股票型,1996/08/20,RR4,無,2026/07/31,440.77,-4.28,38.3,99.14,152.6,,42.76,0.52,1.22,-,241.08億,,
復華全球物聯網科技基金-美元,ACFH68-EQUFH011,美元,跨國投資股票型全球市場,2016/07/04,RR4,無,2026/07/30,71.12,-9.86,30.4,94.8,215.25,,70.76,0.37,3.31,-,72.70億,,
復華亞太神龍科技基金-美元,ACFH74-EQUFH018,美元,跨國投資股票型區域型,2018/01/31,RR5,無,2026/07/30,38.8,-9.32,27.21,91.51,185.71,,71.24,0.36,2.67,-,42.69億,,
復華大中華中小策略基金,ACFH28-EQTFH005,台幣,跨國投資股票型區域型,2010/12/27,RR5,無,2026/07/30,15.44,-19.25,30.85,89.45,86.47,,54.77,0.41,2.63,-,13.99億,,
元大台灣加權股價指數基金,ACKY17-EQTPL007,台幣,國內股票開放型指數型,2004/09/17,RR4,無,2026/07/31,127.465,12.04,36.73,88.52,168.42,,31.87,0.62,1,-,195.12億,,
富邦全球關鍵半導體基金(新臺幣),ACJS107-EQTJS007,台幣,跨國投資股票型全球市場,2024/07/08,RR4,無,2026/07/30,21.1,-5.04,30.65,86.89,-,,50.55,0.43,2.22,-,18.83億,,
原康健人壽標的＿富邦上選證券投資信託基金,ACJS03-CJTS1,台幣,國內股票開放型一般股票型,1997/12/27,RR4,無,2026/07/31,197.78,-21.98,16.3,83.95,129.52,,50.97,0.41,1.24,-,82.37億,,
富邦上選基金,ACJS03-EQTJS005,台幣,國內股票開放型一般股票型,1997/12/27,RR4,無,2026/07/31,197.78,-21.98,16.3,83.95,129.52,,50.97,0.41,1.24,-,82.37億,,
統一大中華中小基金(新台幣),ACPS25-EQTUP002,台幣,跨國投資股票型區域型,2010/08/26,RR5,無,2026/07/30,47.86,-16.87,21.1,83.86,158.28,,53.69,0.41,2.75,-,28.75億,,
復華人生目標基金,ACFH11-BLTFH002,台幣,股票債券平衡型一般股票型,2003/03/03,RR4,無,2026/07/31,129.0586,-12.4,27.91,81.35,114.14,,46.04,0.43,1.2,-,177.52億,,
復華傳家二號基金,ACFH07-BLTFH016,台幣,股票債券平衡型一般股票型,2000/09/06,RR4,無,2026/07/31,116.7927,-12.33,27.9,81.28,117.68,,45.91,0.43,1.2,-,255.30億,,
華南永昌永昌基金,AC0013-EQTHN006,台幣,國內股票開放型一般股票型,1993/02/16,RR4,-,2026/07/31,87.05,-10.73,13.14,77.11,79.37,,40.32,0.46,1.06,-,21.04億,,
復華全球平衡基金-新臺幣(本基金有相當比重投資於非投資等級之高風險債券),ACFH12-BLTFH004,台幣,股票債券平衡型跨國投資型,2004/01/02,RR3,無,2026/07/30,53.42,-6.4,22.52,76.13,97.12,,52,0.39,2.42,-,288.46億,,
復華全球大趨勢基金-新臺幣,ACFH22-EQTFH002,台幣,跨國投資股票型全球市場,2008/04/30,RR4,無,2026/07/30,67.49,-5.4,32.46,76.03,113.78,,66.68,0.33,2.98,-,188.74億,,
原康健人壽標的＿富邦日盛證券投資信託基金,ACJS01-CJTS0,台幣,國內股票開放型一般股票型,1997/04/07,RR4,年配,2026/07/31,22.73,-24.98,10.39,75.8,155.23,,49.85,0.39,1.18,-,21.56億,,
路博邁5G股票基金T累積(新臺幣),ACNB47-EQTNB028,台幣,跨國投資股票型全球市場,2019/06/27,RR4,無,2026/07/30,34.78,-4.48,29.05,73.29,179.13,,56.06,0.36,2.51,-,36.77億,,
摩根平衡基金,ACJF87-BLTJF002,台幣,股票債券平衡型價值型股票型,2000/09/28,RR4,無,2026/07/31,103.58,4.23,36.63,72.75,127,,28.14,0.6,0.84,-,73.07億,,
復華台灣好收益基金 - (配現金),ACFH111-ECTFH019,台幣,國內股票開放型一般股票型,2021/01/11,RR4,半年配,2026/07/31,16.23,-17.49,22.44,67.08,103.95,,50,0.36,1.29,-,56.19億,,
復華全球平衡基金-美元(本基金有相當比重投資於非投資等級之高風險債券),ACFH65-BLUFH021,美元,股票債券平衡型跨國投資型,2018/06/06,RR3,無,2026/07/30,24.73,-7,21.05,66.53,96.58,,55.91,0.34,2.64,-,17.96億,,
復華台灣科技高股息基金B類型 - (配現金)(基金之配息來源可能為本金及收益平準金且本基金並無保證收益及配息),ACFH118-ECTFH024,台幣,國內股票開放型科技類,2024/04/30,RR5,月配,2026/07/31,14.48,7.24,34.28,65.66,-,,34.97,0.46,1.07,-,17.28億,,
復華台灣科技高股息基金A類型(本基金並無保證收益及配息),ACFH117-EQTFH025,台幣,國內股票開放型科技類,2024/04/30,RR5,無,2026/07/31,16.39,7.26,34.34,65.56,-,,34.88,0.46,1.07,-,36.46億,,
復華全球大趨勢基金-美元,ACFH56-EQUFH013,美元,跨國投資股票型全球市場,2016/04/20,RR4,無,2026/07/30,41.35,-7.76,28.46,62.6,109.05,,69.93,0.29,3.19,-,22.24億,,
瀚亞美國高科技基金A類型-新臺幣,ACCP16-EQTPC035,台幣,跨國投資股票型單一國家,2002/06/17,RR4,無,2026/07/30,140.57,5.77,29.7,60.82,148.01,,49.32,0.34,2.76,-,199.96億,,
路博邁5G股票基金T累積(美元),ACNB49-EQUNB029,美元,跨國投資股票型全球市場,2019/06/27,RR4,無,2026/07/30,33.32,-6.85,25.12,58.74,170.02,,58.97,0.3,2.72,-,46.82億,,
安聯中國策略基金-新臺幣,ACDD21-EQTAL002,台幣,跨國投資股票型區域型,2009/05/18,RR5,無,2026/07/30,28.37,4.07,13.03,57.52,43.72,,27.62,0.51,1.63,-,46.25億,,
復華數位經濟基金,ACFH06-EQTFH001,台幣,國內股票開放型科技類,2000/05/10,RR5,無,2026/07/31,145.74,-18.26,21.28,56.04,90.71,,51.6,0.31,1.07,-,72.84億,,
路博邁5G股票基金T累積(人民幣),ACNB51-EQRNB030,人民幣,跨國投資股票型全球市場,2019/06/27,RR4,無,2026/07/30,30.94,-7.42,23.61,54.78,149.52,,58.79,0.29,2.71,-,9.77億,,
野村巴西基金,ACIC29-EQTIG004,台幣,跨國投資股票型單一國家,2010/04/01,RR5,無,2026/07/30,8,-6.76,1.91,51.23,27.19,,27.75,0.46,1.52,-,6.51億,,
玉山保德信拉丁美洲基金,ACML30-EQTPD008,台幣,跨國投資股票型區域型,2010/04/16,RR5,無,2026/07/30,11.34,-1.13,1.34,49.6,38.97,,21.39,0.56,1,-,4.76億,,
富蘭克林華美AI新科技基金-新台幣,ACFT115-EQTFT038,台幣,跨國投資股票型全球市場,2020/12/03,RR4,無,2026/07/30,24.03,5.67,26.41,49.16,129.51,,41.8,0.32,2.04,-,85.87億,,
元大日本龍頭企業基金-新台幣A類型,ACYT193-EQTPL014,台幣,跨國投資股票型單一國家,2023/07/07,RR4,無,2026/07/30,15.83,-4.75,7.32,47.26,58.78,,38.37,0.34,1.14,-,205.32億,,
玉山保德信全球資源基金,ACML26-EQTPD007,台幣,跨國投資股票型全球市場,2007/09/11,RR4,無,2026/07/30,16.74,1.52,15.45,46.84,51.77,,19.11,0.6,-0.43,-,22.86億,,
台新中國精選中小基金,ACTT10-EQTTS014,台幣,跨國投資股票型區域型,2010/08/05,RR5,無,2026/07/30,12.82,-12.55,2.97,45.35,35.66,,48.21,0.29,2.63,-,2.51億,,
合庫AI電動車及車聯網創新基金(TWD不配息),ACCB46-EQTTC015,台幣,跨國投資股票型全球市場,2019/03/19,RR4,無,2026/07/30,27.38,2.43,19.25,44.71,84.63,,35.9,0.34,1.16,-,8.99億,,
摩根東方內需機會基金,ACJF100-EQTJF002,台幣,跨國投資股票型區域型,2008/06/25,RR5,無,2026/07/30,31.18,0.58,8.87,44.42,51.95,,28.08,0.41,1.6,-,12.27億,,
摩根新興35基金-累積型,ACJF96-EQTJF071,台幣,跨國投資股票型區域型,2006/07/25,RR5,無,2026/07/30,23.1,0.57,7.14,42.15,56.08,,22.8,0.47,1.13,-,64.87億,,
原康健人壽標的＿安聯全球油礦金趨勢證券投資信託基金,ACDD22-CATS5,台幣,跨國投資股票型全球市場,2009/12/01,RR4,無,2026/07/30,14.99,-4.4,5.19,41.28,41.28,,15.77,0.64,0.22,-,6.56億,,
安聯全球油礦金趨勢基金,ACDD22-EQTAL003,台幣,跨國投資股票型全球市場,2009/12/01,RR4,無,2026/07/30,14.99,-4.4,5.19,41.28,41.28,,15.77,0.64,0.22,-,6.56億,,
富邦全球抗暖化基金(本基金非屬環境、社會及治理相關主題基金),ACJS26-EQTJS006,台幣,跨國投資股票型全球市場,2008/01/17,RR4,無,2026/07/30,26.58,-13.53,15.02,41.16,65.2,,53.3,0.26,2.32,-,5.33億,,
摩根中國A股基金,ACJF116-EQTJF004,台幣,跨國投資股票型區域型,2013/06/26,RR5,無,2026/07/30,21.98,-0.14,5.67,40.63,23.83,,19.11,0.53,1.1,-,69.41億,,
復華中國新經濟A股基金-新臺幣,ACFH50-EQTFH012,台幣,跨國投資股票型單一國家,2015/05/26,RR5,無,2026/07/30,10.09,-6.66,4.24,40.33,30.03,,51.41,0.26,2.74,-,34.86億,,
野村泰國基金,ACKH12-EQTIG009,台幣,跨國投資股票型單一國家,1997/06/03,RR5,無,2026/07/30,43.16,6.91,19.36,40.18,17.19,,19.35,0.52,0.94,-,8.77億,,
安聯全球生技趨勢基金-新臺幣,ACDD05-EQTAL006,台幣,跨國投資股票型全球市場,2002/06/21,RR4,無,2026/07/30,56.92,12.4,9.69,39.68,33.12,,17.93,0.55,0.07,-,23.09億,,
玉山保德信全球醫療生化基金,ACML16-EQTPD005,台幣,跨國投資股票型全球市場,2002/06/20,RR3,無,2026/07/30,60.08,14.33,9.76,39.62,35.93,,18.72,0.53,0.4,-,115.28億,,
富蘭克林華美亞太平衡基金-新台幣(分配型) - (配現金)(本基金有相當比重投資於非投資等級之高風險債券且基金之配息來源可能為本金),ACFT56-BGTFT003,台幣,股票債券平衡型跨國投資型,2016/08/29,RR4,月配,2026/07/30,10.74,-6.31,10.62,39.31,72.13,,34.97,0.32,1.34,-,4.69億,,
群益華夏盛世基金-新臺幣,ACCA25-EQTCT002,台幣,跨國投資股票型區域型,2009/12/22,RR5,無,2026/07/30,20.91,-4.39,8.17,39.21,32.01,,33.45,0.33,1.75,-,34.06億,,
富蘭克林華美亞太平衡基金-新台幣(累積型)(本基金有相當比重投資於非投資等級之高風險債券且基金之配息來源可能為本金),ACFT55-BLTFT003,台幣,股票債券平衡型跨國投資型,2016/08/29,RR4,無,2026/07/30,16.6,-6.37,10.45,39.15,72.02,,35.01,0.31,1.34,-,4.56億,,
原康健人壽標的＿台新智慧生活基金,ACTT49-CTTS1,台幣,跨國投資股票型全球市場,2017/11/27,RR4,無,2026/07/30,27.63,-2.13,17.42,38.91,97.22,,37.59,0.3,2.17,-,8.24億,,
台新智慧生活基金-新台幣,ACTT49-EQTTS012,台幣,跨國投資股票型全球市場,2017/11/27,RR4,無,2026/07/30,27.63,-2.13,17.42,38.91,97.22,,37.59,0.3,2.17,-,8.24億,,
安聯AI收益成長多重資產基金-B月配型(台幣) - (配現金)(本基金有相當比重投資於非投資等級之高風險債券且配息來源可能為本金),ACDD145-BGTAL088,台幣,多重資產型,2024/08/28,RR3,月配,2026/07/30,12.82,4.72,17.19,38.03,-,,20.58,0.46,1.38,-,74.38億,,
中國信託成長轉機多重資產基金-臺幣B - (配現金)    (本基金有相當比重投資於非投資等級之高風險債券且本基金之配息來源可能為本金),ACDS125-BGTCB006,台幣,多重資產型,2023/08/15,RR3,月配,2026/07/30,13.6608,3.37,14.98,37.47,-,,21.7,0.44,1.14,-,2.28億,,
中國信託成長轉機多重資產基金-臺幣A    (本基金有相當比重投資於非投資等級之高風險債券),ACDS124-BLTCB005,台幣,多重資產型,2023/08/15,RR3,無,2026/07/30,16.1893,3.4,14.99,37.42,-,,21.69,0.44,1.14,-,3.26億,,
瀚亞非洲基金,ACCP31-EQTPC001,台幣,跨國投資股票型區域型,2008/10/08,RR5,無,2026/07/30,37.27,2.19,-0.05,37.38,60.16,,19.51,0.49,0.57,-,4.98億,,
安聯AI收益成長多重資產基金-A類型(累積)-新臺幣(本基金有相當比重投資於非投資等級之高風險債券),ACDD144-BLTAL095,台幣,多重資產型,2024/08/28,RR3,無,2026/07/30,14.77,4.68,17.13,37.01,-,,20.53,0.46,1.37,-,52.52億,,
元大全球不動產證券化基金(A類型)(基金之配息來源可能為本金),ACKY1901-EQTPL002,台幣,不動產證券化型,2006/01/19,RR4,無,2026/07/30,20.54,4.11,17.91,36.93,47.35,,16.8,0.55,1,-,6.56億,,
元大全球不動產證券化基金(B)-配息型 - (配現金)(基金之配息來源可能為本金),ACKY19-ECTPL001,台幣,不動產證券化型,2005/06/02,RR4,月配,2026/07/30,12.01,4.05,17.89,36.93,47.19,,16.86,0.55,1,-,8.97億,,
富蘭克林華美AI新科技基金-美元,ACFT117-EQUFT039,美元,跨國投資股票型全球市場,2020/12/03,RR4,無,2026/07/30,21.22,3.01,22.52,36.55,121.97,,45.21,0.25,2.24,-,28.97億,,
野村中國機會基金,ACIC26-EQTIG003,台幣,跨國投資股票型區域型,2009/04/22,RR5,無,2026/07/30,18.1,-0.33,6.72,36.4,32.7,,56.81,0.24,2.7,-,28.37億,,
復華東協世紀基金,ACFH32-EQTFH006,台幣,跨國投資股票型區域型,2011/10/24,RR5,無,2026/07/30,20.84,6.6,14.57,36.03,39.49,,15.31,0.58,0.57,-,4.05億,,
原康健人壽標的＿安聯全球新興市場證券投資信託基金,ACDD10-CATS1,台幣,跨國投資股票型區域型,2005/03/24,RR5,無,2026/07/30,30.33,0.7,6.35,35.7,66.83,,21.79,0.42,1.16,-,18.35億,,
富蘭克林華美中國傘型基金之中國A股基金,ACFT23-EQTFT002,台幣,跨國投資股票型區域型,2014/07/02,RR5,無,2026/07/30,11.31,2.82,9.49,35.61,31.97,,27.59,0.35,1.56,-,26.35億,,
復華奧林匹克全球優勢組合基金-新臺幣A(本基金有相當比重投資於持有非投資等級高風險債券之基金),ACFH21-BLTFH003,台幣,全球組合型平衡型,2007/11/26,RR3,無,2026/07/30,25.91,2.21,14.49,35.58,51.43,,21.24,0.43,1.1,-,76.59億,,
復華奧林匹克全球優勢組合基金-新臺幣B-(配現金)(本基金有相當比重投資於持非投資等級高風險債券之基金且基金之配息來源可能為本金),ACFH2101-BCTFH023,台幣,全球組合型平衡型,2017/11/28,RR3,月配,2026/07/30,12.07,2.18,14.46,35.56,51.39,,21.28,0.43,1.1,-,1.64億,,
原康健人壽標的＿安聯全球綠能趨勢證券投資信託基金,ACDD15-CATS4,台幣,跨國投資股票型全球市場,2006/10/11,RR4,無,2026/07/30,15.85,0.06,8.56,35.35,36.64,,20.79,0.44,1.06,-,65.71億,,
玉山保德信大中華基金,ACML08-EQTPD004,台幣,跨國投資股票型區域型,1998/12/11,RR5,無,2026/07/30,43.44,-10.78,-1,35.24,45.97,,41.77,0.26,2.32,-,27.21億,,
瀚亞亞太高股息基金B-美金 - (配現金)(本基金配息來源可能為本金且基金並無保證收益及配息),ACCP50-ECUPC002,美元,跨國投資股票型區域型,2014/11/17,RR5,月配,2026/07/30,8.96,1.17,7.66,35.19,73.01,,26.85,0.35,1.14,-,0.00億,,
安聯四季成長組合基金-A類型-新臺幣,ACDD30-BSTAL001,台幣,全球組合型股票型,2014/08/13,RR4,無,2026/07/30,25.75,2.79,10.94,34.11,61.44,,15.91,0.54,0.88,-,61.40億,,
摩根龍揚證券基金,ACJF79-EQTJF003,台幣,跨國投資股票型全球市場,1997/01/29,RR5,無,2026/07/30,56.36,-5.26,6.86,32.99,42.25,,20.11,0.42,0.7,-,68.88億,,
合庫AI電動車及車聯網創新基金(USD不配息),ACCB47-EQUTC016,美元,跨國投資股票型全球市場,2019/03/19,RR4,無,2026/07/30,25.87,-0.04,15.75,32.73,78.78,,39.31,0.25,1.3,-,2.98億,,
富蘭克林華美亞太平衡基金-美元(分配型) - (配現金)(本基金有相當比重投資於非投資等級之高風險債券且基金之配息來源可能為本金),ACFT58-BGUFT003,美元,股票債券平衡型跨國投資型,2016/08/29,RR4,月配,2026/07/30,10.58,-8.02,8.33,32.54,71.82,,37.3,0.26,1.46,-,1.48億,,
台新高股息平衡基金(本基金並無保證收益及配息),ACTT03-BLTTS002,台幣,股票債券平衡型一般股票型,2005/06/10,RR4,無,2026/07/31,115.6384,0.61,22.53,32.23,88.93,,32.17,0.28,0.84,-,12.20億,,
原康健人壽標的＿台新高股息平衡基金(本基金並無保證收益及配息),ACTT03-CTTA0,台幣,股票債券平衡型一般股票型,2005/06/10,RR4,無,2026/07/31,115.6384,0.61,22.53,32.23,88.93,,32.17,0.28,0.84,-,12.20億,,
東方匯理實質收息多重資產證券投資信託基金-AD 月配型(新臺幣) - (配現金)(本基金之配息來源可能為本金),ACCF47-BGTPI025,台幣,多重資產型,2019/10/31,RR4,月配,2026/07/30,9.84,1.53,7.28,32.08,29.48,,10.2,0.78,0.39,-,1.02億,,
富蘭克林華美中國消費基金-新臺幣,ACFT11-EQTFT003,台幣,跨國投資股票型區域型,2011/03/23,RR5,無,2026/07/30,12.3,2.67,8.18,31.41,34.43,,18.24,0.44,0.47,-,10.30億,,
群益全民成長樂退組合B基金(月配型－新台幣) - (配現金)(本基金有相當比重投資於持有非投資等級高風險債券之基金且配息來源可能為本金),ACCA221-BGTCT013,台幣,全球組合型平衡型,2019/07/23,RR4,月配,2026/07/30,12.3651,-1.25,9.01,30.48,52.91,,22.47,0.36,1.13,-,11.27億,,
群益全民成長樂退組合A基金(累積型－新台幣)(本基金有相當比重投資於持有非投資等級高風險債券之基金且配息來源可能為本金),ACCA219-BSTCT011,台幣,全球組合型平衡型,2019/07/23,RR4,無,2026/07/30,18.7147,-1.26,9,30.45,52.93,,22.46,0.36,1.13,-,13.77億,,
原康健人壽標的＿安聯全球股票多元投資風格證券投資信託基金-A類型-新臺幣,ACDD17-CATS2,台幣,跨國投資股票型全球市場,2007/09/27,RR4,無,2026/07/30,21.73,5.74,11.38,30.35,37.1,,12.13,0.62,0.7,-,16.51億,,
柏瑞ESG減碳全球股票基金A(新臺幣),ACAI377-EQTPB034,台幣,跨國投資股票型全球市場,2022/12/30,RR4,無,2026/07/30,19.13,2.3,9.07,30.22,57.32,,18.6,0.42,1.05,-,8.97億,,
元大全球優質龍頭平衡基金-新台幣A類型不配息,ACYT168-BLTPL013,台幣,股票債券平衡型跨國投資型,2022/08/24,RR3,無,2026/07/30,21.22,-8.46,0.05,29.94,82.93,,20.36,0.39,0.88,-,107.55億,,
安聯四季雙收入息組合基金-B類型 - (配現金)(本基金之配息來源可能為本金且無保證收益及配息),ACDD29-BGTAL001,台幣,全球組合型平衡型,2013/12/04,RR3,月配,2026/07/30,14.44,2.18,9.14,29.03,46.32,,12.36,0.59,0.66,-,5.46億,,
野村全球基礎建設大未來基金-新臺幣,ACKH227-EQTIG065,台幣,跨國投資股票型全球市場,2022/03/03,RR4,無,2026/07/30,16.15,0.19,7.95,28.99,57.1,,12.78,0.57,-0.02,-,6.69億,,
富蘭克林華美多重資產收益基金-新台幣(分配型) - (配現金)(本基金有相當比重投資於非投資等級之高風險債券且基金之配息來源可能為本金),ACFT48-BGTFT004,台幣,多重資產型,2016/05/18,RR3,月配,2026/07/30,8.43,0.87,12.91,28.9,57.2,,20.46,0.37,0.96,-,52.86億,,
富蘭克林華美多重資產收益基金-新台幣累積型(本基金有相當比重投資於非投資等級之高風險債券),ACFT47-BLTFT045,台幣,多重資產型,2016/05/18,RR3,無,2026/07/30,17.04,0.83,12.92,28.9,57.2,,20.47,0.37,0.96,-,25.00億,,
摩根中國A股基金(美元),ACJF135-EQUJF031,美元,跨國投資股票型區域型,2015/10/20,RR5,無,2026/07/30,16.38,-2.67,2.31,28.57,19.56,,20.59,0.37,1.19,-,30.40億,,
復華全球原物料基金,ACFH26-EQTFH004,台幣,跨國投資股票型全球市場,2010/03/30,RR4,無,2026/07/30,13.11,-19.57,-10.94,27.28,9.71,,53.21,0.2,2.39,-,16.15億,,
原康健人壽標的＿台新智慧生活基金,ACTT50-CTUS0,美元,跨國投資股票型全球市場,2017/11/27,RR4,無,2026/07/30,25.5417,-4.56,13.84,27.21,90.77,,40.78,0.22,2.36,-,6.11億,,
台新智慧生活基金-美元,ACTT50-EQUTS015,美元,跨國投資股票型全球市場,2017/11/27,RR4,無,2026/07/30,25.5417,-4.56,13.84,27.21,90.77,,40.78,0.22,2.36,-,6.11億,,
瀚亞亞太高股息基金B-人民幣 - (配現金)(本基金配息來源可能為本金且基金並無保證收益及配息),ACCP56-ECRPC001,人民幣,跨國投資股票型區域型,2014/11/17,RR5,月配,2026/07/30,10.87,-0.11,4.5,26.55,61.5,,25.27,0.29,1.06,-,0.29億,,
中國信託成長轉機多重資產基金-美元A     (本基金有相當比重投資於非投資等級之高風險債券),ACDS127-BLUCB007,美元,多重資產型,2023/08/15,RR3,無,2026/07/30,16.1631,0.83,11.62,26.51,-,,24.8,0.29,1.33,-,1.31億,,
中國信託成長轉機多重資產基金-美元B - (配現金)          (本基金有相當比重投資於非投資等級之高風險債券且本基金之配息來源可能為本金),ACDS128-BGUCB008,美元,多重資產型,2023/08/15,RR3,月配,2026/07/30,13.9293,0.81,11.6,26.48,-,,24.81,0.29,1.33,-,0.93億,,
安聯AI收益成長多重資產基金- B類型(月配息)-美元 - (配現金)(本基金有相當比重投資於非投資等級之高風險債券且配息來源可能為本金),ACDD154-BGUAL093,美元,多重資產型,2024/08/28,RR3,月配,2026/07/30,12.66,2.12,13.61,26.35,-,,23.86,0.29,1.56,-,30.57億,,
安聯AI收益成長多重資產基金- B類型(月配息)-美元 - (配股數)(本基金有相當比重投資於非投資等級之高風險債券且配息來源可能為本金),ACDD154-BSUAL092,美元,多重資產型,2024/08/28,RR3,月配,2026/07/30,12.66,2.12,13.61,26.35,-,,23.86,0.29,1.56,-,30.57億,,
瀚亞股債入息組合基金B類型 - (配現金)(本基金配息來源可能為本金且基金並無保證收益及配息),ACCP2101-BGTPC001,台幣,全球組合型平衡型,2013/11/15,RR3,月配,2026/07/30,17.4732,1.8,9.73,26.33,45.91,,14.28,0.47,0.82,-,0.89億,,
合庫全球醫療照護產業多重資產收益基金B(TWD配息) - (配現金)(基金之配息來源可能為本金),ACCB110-BGTTC013,台幣,多重資產型,2021/08/02,RR4,月配,2026/07/30,9.68,9.4,13.13,26.24,48.21,,15.88,0.43,0.88,-,0.95億,,
合庫全球醫療照護產業多重資產收益基金A(TWD不配息),ACCB109-BLTTC011,台幣,多重資產型,2021/08/02,RR4,無,2026/07/30,12.18,9.34,13.09,26.09,48.18,,15.91,0.42,0.88,-,2.41億,,
群益中國新機會基金-美元,ACCA43-EQUCT002,美元,跨國投資股票型全球市場,2014/03/26,RR5,無,2026/07/30,8.7397,-11.73,5.17,26.08,10.53,,55.18,0.2,2.82,-,9.07億,,
安聯中國東協基金,ACDD23-EQTAL001,台幣,跨國投資股票型區域型,2010/05/26,RR5,無,2026/07/30,20.83,6.06,6.99,25.48,50.29,,10.96,0.59,0.42,-,11.88億,,
安聯AI收益成長多重資產基金-A類型(累積)-美元(本基金有相當比重投資於非投資等級之高風險債券),ACDD153-BLUAL094,美元,多重資產型,2024/08/28,RR3,無,2026/07/30,14.54,2.11,13.51,25.45,-,,23.83,0.29,1.56,-,9.50億,,
華南永昌中國A股基金,ACYC32-EQTHN001,台幣,跨國投資股票型區域型,2014/06/12,RR5,無,2026/07/30,13.81,-18.38,-5.54,24.53,14.32,,36.66,0.22,1.99,-,4.41億,,
元大全球ETF穩健組合基金,ACKY18-EQTPL001,台幣,全球組合型平衡型,2005/03/08,RR3,無,2026/07/30,22.68,2.02,6.68,24.21,35.08,,11.29,0.54,0.62,-,16.48億,,
合庫全球醫療照護產業多重資產收益基金A(USD不配息),ACCB112-BLUTC012,美元,多重資產型,2021/08/02,RR4,無,2026/07/30,12.94,9.66,13.61,24.18,57.8,,16.44,0.38,0.86,-,1.65億,,
合庫全球醫療照護產業多重資產收益基金B(USD配息) - (配現金)(基金之配息來源可能為本金),ACCB113-BGUTC014,美元,多重資產型,2021/08/02,RR4,月配,2026/07/30,9.9,9.58,13.54,24.18,57.85,,16.41,0.39,0.86,-,1.90億,,
富蘭克林華美中國傘型基金之中國A股基金-美元,ACFT32-EQUFT030,美元,跨國投資股票型區域型,2015/10/08,RR5,無,2026/07/30,10.99,0.18,6.18,24.18,27.49,,29.59,0.24,1.64,-,3.51億,,
玉山保德信全球基礎建設基金,ACML27-EQTPD006,台幣,跨國投資股票型全球市場,2008/01/21,RR4,無,2026/07/30,23.76,-1.78,6.5,24.14,50.48,,11.07,0.55,0.17,-,12.39億,,
路博邁收益成長多重資產基金T累積(新臺幣)(本基金得投資於非投資等級之高風險債券且配息來源可能為本金),ACNB15-BSTNB012,台幣,多重資產型,2018/10/15,RR3,無,2026/07/30,13.05,0.77,7.85,23.23,30.76,,14.36,0.42,0.76,-,0.75億,,
路博邁收益成長多重資產基金T月配(新臺幣) - (配現金)(本基金得投資於非投資等級之高風險債券且配息來源可能為本金),ACNB17-BGTNB010,台幣,多重資產型,2018/10/15,RR3,月配,2026/07/30,6.78,0.81,7.88,23.19,30.7,,14.47,0.41,0.76,-,2.62億,,
野村全球不動產證券化基金-累積型(本基金之配息來源可能為本金),ACIC15-EQTIG005,台幣,不動產證券化型,2005/07/29,RR4,無,2026/07/30,18.58,4.74,11.19,22.96,30.02,,15.35,0.39,0.94,-,4.83億,,
台新北美收益資產證券化基金(B) - (配現金)(本基金配息來源可能為本金),ACTC1501-ECTTS001,台幣,不動產證券化型,2012/10/11,RR4,月配,2026/07/30,13.68,3.93,13.83,22.92,15.42,,12.47,0.47,0.75,-,8.06億,,
台新北美收益資產證券化基金(本基金配息來源可能為本金),ACTC15-EQTTS004,台幣,不動產證券化型,2006/06/16,RR4,無,2026/07/30,31.2,3.97,13.87,22.83,15.43,,12.42,0.47,0.74,-,7.68億,,
施羅德全週期成長多重資產基金-B月配型(台幣) - (配現金)(本基金有相當比重投資於非投資等級之高風險債券且基金之配息來源可能為本金),ACES95-BGTSC039,台幣,多重資產型,2021/01/11,RR3,月配,2026/07/30,11.06,3.61,5.74,22.83,43.51,,10.01,0.58,0.56,-,23.92億,,
安聯四季成長組合基金-A類型-美元,ACDD31-BLUAL003,美元,全球組合型股票型,2014/08/13,RR4,無,2026/07/30,23.84,0.25,7.58,22.82,56.12,,19.02,0.32,1.08,-,1.08億,,
摩根全球平衡基金,ACJF90-BLTJF001,台幣,股票債券平衡型跨國投資型,2003/12/09,RR3,無,2026/07/30,18.3483,1.83,4.32,22.57,22.24,,8.48,0.67,0.42,-,8.14億,,
群益環球金綻雙喜B(月配型-新台幣) - (配現金)(本基金有相當比重投資於持有非投資等級高風險債券之基金且配息來源可能為本金),ACCA54-BGTCT001,台幣,全球組合型平衡型,2015/01/21,RR3,月配,2026/07/30,8.28,0.54,6.66,22.31,34.04,,15.89,0.37,0.88,-,1.82億,,
安聯AI收益成長多重資產基金-HB類型(月配息)-人民幣(避險) - (配現金)(本基金有相當比重投資於非投資等級之高風險債券且配息來源可能為本金),ACDD151-BGRAL098,人民幣,多重資產型,2024/08/28,RR3,月配,2026/07/30,11.99,1.49,11.83,22.1,-,,23.65,0.25,1.54,-,4.32億,,
安聯AI收益成長多重資產基金-HB類型(月配息)-人民幣(避險) - (配股數)(本基金有相當比重投資於非投資等級之高風險債券且配息來源可能為本金),ACDD151-BSRAL097,人民幣,多重資產型,2024/08/28,RR3,月配,2026/07/30,11.99,1.49,11.83,22.1,-,,23.65,0.25,1.54,-,4.32億,,
摩根泛亞太股票入息基金-月配息型(人民幣) - (配現金)(本基金之配息來源可能為本金且並無保證收益及配息),ACJF121-BCRJF001,人民幣,跨國投資股票型區域型,2014/10/20,RR5,月配,2026/07/30,12.51,-0.74,3.11,22.03,47.38,,20.85,0.29,0.91,-,0.71億,,
摩根泛亞太股票入息基金-月配息型(人民幣) - (配股數)(本基金之配息來源可能為本金且並無保證收益及配息),ACJF121-BNRJF001,人民幣,跨國投資股票型區域型,2014/10/20,RR5,月配,2026/07/30,12.51,-0.74,3.11,22.03,47.38,,20.85,0.29,0.91,-,0.71億,,
台新全球多元資產組合基金(月配息型)-新臺幣 - (配現金)(本基金得投資於非投資等級之高風險債券基金且配息來源可能為本金),ACTT33-BGTTS010,台幣,全球組合型平衡型,2016/06/20,RR3,月配,2026/07/30,11.06,1.37,7.16,21.44,37.97,,16.82,0.34,0.78,-,1.45億,,
台新全球多元資產組合基金(累積型)-新臺幣(本基金得投資於非投資等級之高風險債券基金且配息來源可能為本金),ACTT31-BLTTS008,台幣,全球組合型平衡型,2016/06/20,RR3,無,2026/07/30,16.39,1.36,7.12,21.41,37.96,,16.85,0.34,0.79,-,1.86億,,
原康健人壽標的＿匯豐成功證券投資信託基金(本基金自110年5月2日起停止申購),AC0005-CHTS0,台幣,國內股票開放型一般股票型,1990/08/13,RR5,-,2026/07/31,61.32,13.07,14.64,21.35,17.43,,20.65,0.28,0.53,-,5.61億,,
野村環球時機多重資產基金-月配類型新臺幣計價 - (配現金)(本基金有相當比重投資於非投資等級之高風險債券且配息來源可能為本金),ACKH238-BGTIG072,台幣,多重資產型,2023/01/11,RR3,月配,2026/07/30,10.8255,3.77,5.91,21.07,30.31,,7.95,0.67,0.42,-,1.97億,,
安聯AI收益成長多重資產基金-HA類型(累積)-人民幣(避險)(本基金有相當比重投資於非投資等級之高風險債券),ACDD150-BLRAL096,人民幣,多重資產型,2024/08/28,RR3,無,2026/07/30,13.79,1.4,11.75,21.07,-,,23.66,0.25,1.54,-,2.87億,,
東方匯理實質收息多重資產證券投資信託基金-AD 月配型(美元) - (配現金)(本基金之配息來源可能為本金),ACCF59-BGUPI026,美元,多重資產型,2019/10/31,RR4,月配,2026/07/30,9.2,-1.05,4.06,20.83,25.13,,12.08,0.44,0.59,-,1.46億,,
野村全球生技醫療基金,ACIC19-EQTIG006,台幣,跨國投資股票型全球市場,2007/01/18,RR4,無,2026/07/30,27.23,12.52,5.95,20.7,18.34,,15.68,0.35,0.03,-,14.12億,,
中國信託科技趨勢多重資產基金-臺幣A(本基金有相當比重投資於非投資等級之高風險債券),ACDS102-BLTCB001,台幣,多重資產型,2021/12/06,RR3,無,2026/07/30,16.1099,0.88,7.78,20.56,46.34,,19.68,0.28,0.95,-,6.35億,,
中國信託科技趨勢多重資產基金-臺幣B - (配現金)(本基金有相當比重投資於非投資等級之高風險債券且本基金之配息來源可能為本金),ACDS103-BGTCB002,台幣,多重資產型,2021/12/06,RR3,月配,2026/07/30,12.2536,0.85,7.76,20.54,46.2,,19.69,0.28,0.95,-,20.32億,,
柏瑞趨勢動態多重資產基金-B類型 - (配現金)(本基金有相當比重投資於非投資等級之高風險債券且配息來源可能為本金),ACAI356-BGTPB030,台幣,多重資產型,2022/01/18,RR3,月配,2026/07/30,11.0388,5.06,5.79,20.28,36.4,,11.72,0.44,0.69,-,4.71億,,
柏瑞趨勢動態多重資產基金-A類型(本基金有相當比重投資於非投資等級之高風險債券),ACAI355-BLTPB028,台幣,多重資產型,2022/01/18,RR3,無,2026/07/30,14.4776,5.06,5.79,20.27,36.4,,11.72,0.44,0.69,-,6.16億,,
原康健人壽標的＿野村環球證券投資信託基金,ACKH04-CCTS1,台幣,跨國投資股票型全球市場,1988/11/28,RR3,-,2026/07/30,41.58,3.46,5.32,20.1,63.38,,15.97,0.33,0.91,-,52.20億,,
野村環球基金-累積類型新臺幣計價,ACKH04-EQTIG014,台幣,跨國投資股票型全球市場,1988/11/28,RR3,-,2026/07/30,41.58,3.46,5.32,20.1,63.38,,15.97,0.33,0.91,-,52.20億,,
野村多元收益多重資產基金-月配類型新臺幣計價 - (配現金)(本基金有相當比重投資於非投資等級之高風險債券且配息來源可能為本金且並無保證收益及配息),ACKH69-BGTIG002,台幣,多重資產型,2016/06/29,RR3,月配,2026/07/30,6.799,4.27,10.87,20,33.3,,14.5,0.36,0.79,-,11.21億,,
野村多元收益多重資產基金-累積類型新臺幣計價(本基金有相當比重投資於非投資等級之高風險債券且配息來源可能為本金且並無保證收益及配息),ACKH66-BLTIG070,台幣,多重資產型,2016/06/29,RR3,無,2026/07/30,15.2681,4.28,10.86,19.93,33.16,,14.51,0.36,0.79,-,2.43億,,
群益全民成長樂退組合B基金(月配型－美元) - (配現金)(本基金有相當比重投資於持有非投資等級高風險債券之基金且配息來源可能為本金),ACCA222-BGUCT014,美元,全球組合型平衡型,2019/07/23,RR4,月配,2026/07/30,11.8496,-3.7,5.7,19.48,47.9,,25.75,0.22,1.33,-,1.96億,,
群益全民成長樂退組合A基金(累積型－美元)(本基金有相當比重投資於持有非投資等級高風險債券之基金且配息來源可能為本金),ACCA220-BSUCT012,美元,全球組合型平衡型,2019/07/23,RR4,無,2026/07/30,17.9323,-3.71,5.69,19.46,47.92,,25.74,0.22,1.33,-,1.69億,,
富蘭克林華美新興國家固定收益基金-新台幣B分配型 - (配現金)(本基金有相當比重投資於非投資等級之高風險債券且基金之配息來源可能為本金),ACFT94-BCTFT032,台幣,債券型海外債券投資等級全球新興市場,2019/04/09,RR3,月配,2026/07/30,3.435,4.24,4.47,19.34,25.06,,6.24,0.78,1.18,-,21.46億,,
柏瑞ESG減碳全球股票基金A(美元),ACAI384-EQUPB035,美元,跨國投資股票型全球市場,2022/12/30,RR4,無,2026/07/30,18.11,-0.17,5.78,19.3,52.31,,21.66,0.25,1.25,-,2.24億,,
元大全球優質龍頭平衡基金-美元A類型不配息,ACYT169-BLUPL012,美元,股票債券平衡型跨國投資型,2022/08/24,RR3,無,2026/07/30,19.793,-10.71,-2.98,18.99,76.98,,22.89,0.24,1.07,-,34.42億,,
野村全天候組合基金-累積類型新臺幣計價(本基金有相當比重投資於非投資等級之高風險債券基金且配息來源可能為本金),ACKH276-BSTIG078,台幣,全球組合型其他,2024/11/14,RR3,無,2026/07/30,11.8272,3.01,6.59,18.97,-,,10.82,0.45,0.62,-,3.82億,,
野村全天候組合基金-月配類型新臺幣計價 - (配現金)(本基金有相當比重投資於非投資等級之高風險債券基金且配息來源可能為本金),ACKH277-BGTIG077,台幣,全球組合型其他,2024/11/14,RR3,月配,2026/07/30,10.5551,2.99,6.56,18.8,-,,10.84,0.44,0.62,-,2.92億,,
野村動態配置多重資產基金-累積類型新臺幣計價(本基金有相當比重投資於非投資等級之高風險債券且配息來源可能為本金),ACKH47-BLTIG001,台幣,多重資產型,2015/05/29,RR4,無,2026/07/30,16.4639,-1.04,6.95,18.55,27.22,,20.53,0.25,1.07,-,3.76億,,
野村動態配置多重資產基金-月配類型新臺幣計價 - (配現金)(本基金有相當比重投資於非投資等級之高風險債券且配息來源可能為本金),ACKH48-BGTIG001,台幣,多重資產型,2015/05/29,RR4,月配,2026/07/30,12.3614,-1.04,6.95,18.55,27.22,,20.53,0.25,1.07,-,1.09億,,
復華新興市場非投資等級債券基金B-(配現金)(基金之配息來源可能為本金),ACFH31-BCTFH001,台幣,債券型非投資等級債券型,2011/05/06,RR4,月配,2026/07/30,4.18,4.65,5.57,18.29,22.56,,9.53,0.49,2.4,-,2.26億,,
瀚亞多重收益優化組合基金A類型-新臺幣(本基金得投資於非投資等級之高風險債券基金),ACCP134-BLTPC026,台幣,全球組合型平衡型,2018/09/26,RR3,無,2026/07/30,15.85,2.86,6.09,18.28,33.98,,9.27,0.5,0.54,-,17.51億,,
瀚亞多重收益優化組合基金B類型-新臺幣 - (配現金)(本基金得投資於非投資等級之高風險債券基金且配息來源可能為本金),ACCP135-BGTPC027,台幣,全球組合型平衡型,2018/09/26,RR3,月配,2026/07/30,9.71,2.74,6.14,18.28,33.89,,9.4,0.49,0.54,-,30.64億,,
柏瑞旗艦全球平衡組合基金,ACAI09-BLTPB001,台幣,全球組合型平衡型,2004/03/10,RR3,無,2026/07/30,27.4,2.62,4.86,18.26,33.85,,12.51,0.38,0.72,-,30.63億,,
瀚亞中國A股基金-新台幣,ACCP35-EQTPC032,台幣,跨國投資股票型單一國家,2011/10/11,RR5,無,2026/07/30,19.87,-2.12,-11.29,18.2,11.57,,23.77,0.22,0.66,-,6.23億,,
復華全球消費基金-新臺幣,ACFH42-EQTFH010,台幣,跨國投資股票型全球市場,2013/11/13,RR4,無,2026/07/30,22.64,-8.34,8.22,18.16,50.83,,33.82,0.18,1.68,-,3.75億,,
野村全球基礎建設大未來基金-美元,ACKH229-EQUIG066,美元,跨國投資股票型全球市場,2022/03/03,RR4,無,2026/07/30,13.96,-2.38,4.65,18.1,51.9,,12.58,0.37,0.18,-,5.59億,,
富蘭克林華美多重資產收益基金-美元累積型(本基金有相當比重投資於非投資等級之高風險債券),ACFT49-BLUFT044,美元,多重資產型,2016/05/18,RR3,無,2026/07/30,17.19,-1.72,9.49,18.06,51.86,,23.45,0.22,1.16,-,5.98億,,
富蘭克林華美多重資產收益基金-美元(分配型) - (配現金)(本基金有相當比重投資於非投資等級之高風險債券且基金之配息來源可能為本金),ACFT50-BGUFT004,美元,多重資產型,2016/05/18,RR3,月配,2026/07/30,8.52,-1.73,9.52,18.05,51.84,,23.53,0.22,1.16,-,11.32億,,
聯博多重資產傘型基金之聯博歐洲多重資產基金-AD類型(新台幣) - (配現金)(本基金得投資於非投資等級之高風險債券且配息來源可能為本金及收益平準金),ACTI25-BGTAB002,台幣,多重資產型,2014/11/27,RR3,月配,2026/07/30,9.1,3.68,2.69,17.55,33.79,,12.3,0.37,0.75,-,0.62億,,
摩根中國雙息平衡基金-累積型(本基金有相當比重投資於非投資等級之高風險債券且並無保證收益及配息),ACJF131-BLTJF032,台幣,股票債券平衡型跨國投資型,2015/08/25,RR4,無,2026/07/30,15.9835,-0.09,1.15,17.5,23.52,,11.11,0.4,0.21,-,6.10億,,
東方匯理實質收息多重資產證券投資信託基金-AD 月配型(人民幣) - (配現金)(本基金之配息來源可能為本金),ACCF63-BGRPI027,人民幣,多重資產型,2019/10/31,RR4,月配,2026/07/30,8.3,-1.81,2.53,17.48,14.93,,12.07,0.37,0.58,-,0.71億,,
摩根中國雙息平衡基金-月配息型 - (配現金)(本基金有相當比重投資於非投資等級之高風險債券且配息來源可能為本金且並無保證收益及配息),ACJF132-BGTJF035,台幣,股票債券平衡型跨國投資型,2015/08/25,RR4,月配,2026/07/30,10.2885,-0.09,1.15,17.45,23.27,,11.1,0.4,0.21,-,8.07億,,
摩根中國雙息平衡基金-月配息型 - (配股數)(本基金有相當比重投資於非投資等級之高風險債券且配息來源可能為本金且並無保證收益及配息),ACJF132-BSTJF057,台幣,股票債券平衡型跨國投資型,2015/08/25,RR4,月配,2026/07/30,10.2885,-0.09,1.15,17.45,23.27,,11.1,0.4,0.21,-,8.07億,,
原康健人壽標的＿匯豐資源豐富國家收益基金 -台幣不配息(本基金有一定比重投資於非投資等級之高風險債券且配息來源可能為本金，本基金自110年5月2日起停止申購),ACCI34-CHTB1,台幣,債券型海外債券投資等級,2010/08/11,RR3,無,2026/07/30,10.5247,2.26,1.93,16.76,14.61,,7.63,0.55,1.1,-,2.21億,,
野村全球品牌基金,ACIC09-EQTIG007,台幣,跨國投資股票型全球市場,2002/06/21,RR4,無,2026/07/30,57.2,-4.59,2.67,16.64,33.64,,30.46,0.18,1.54,-,38.62億,,
路博邁收益成長多重資產基金T月配(美元) - (配現金)(本基金得投資於非投資等級之高風險債券且配息來源可能為本金),ACNB21-BGUNB014,美元,多重資產型,2018/10/15,RR3,月配,2026/07/30,6.56,-1.07,5.72,15.96,33.61,,16.66,0.26,0.91,-,1.99億,,
路博邁收益成長多重資產基金T累積(美元)(本基金得投資於非投資等級之高風險債券且配息來源可能為本金),ACNB19-BSUNB013,美元,多重資產型,2018/10/15,RR3,無,2026/07/30,13.84,-1,5.73,15.91,33.59,,16.57,0.26,0.9,-,0.95億,,
安聯收益成長多重資產基金-B類型(月配息)-新臺幣 - (配現金)(本基金有相當比重投資於非投資等級之高風險債券且配息來源可能為本金),ACDD75-BGTAL009,台幣,多重資產型,2018/04/23,RR3,月配,2026/07/30,8.38,1.99,6.59,15.76,24.58,,12.24,0.32,0.87,-,270.50億,,
安聯收益成長多重資產基金-B類型(月配息)-新臺幣-(配股數)(本基金有相當比重投資於非投資等級之高風險債券且配息來源可能為本金),ACDD75-BSTAL017,台幣,多重資產型,2018/04/23,RR3,月配,2026/07/30,8.38,1.99,6.59,15.76,24.58,,12.24,0.32,0.87,-,270.50億,,
復華奧林匹克全球組合基金(本基金有相當比重投資於持有非投資等級高風險債券之基金),ACFH14-BLTFH001,台幣,全球組合型平衡型,2005/04/21,RR3,無,2026/07/30,19.61,3.21,4.14,15.42,21.65,,5.78,0.67,0.27,-,42.05億,,
群益潛力收益多重資產基金B(月配型-新台幣) - (配現金)(本子基金有相當比重投資於非投資等級之高風險債券且基金之配息來源可能為本金),ACCA203-BGTCT018,台幣,多重資產型,2018/12/05,RR3,月配,2026/07/30,9.6057,-2.71,1.51,15.09,36.22,,17.96,0.23,0.49,-,20.25億,,
群益潛力收益多重資產基金A(累積型-新台幣)(本子基金有相當比重投資於非投資等級之高風險債券),ACCA202-BLTCT016,台幣,多重資產型,2018/12/05,RR3,無,2026/07/30,16.2299,-2.73,1.49,15.07,36.22,,17.97,0.23,0.49,-,11.37億,,
安聯收益成長多重資產基金-A類型(累積)-新臺幣(本基金有相當比重投資於非投資等級之高風險債券),ACDD74-BLTAL008,台幣,多重資產型,2018/04/23,RR3,無,2026/07/30,15.56,1.97,6.58,14.92,24.48,,12.26,0.32,0.87,-,49.10億,,
聯博多重資產傘型基金之聯博歐洲多重資產基金-AD類型(美元) - (配現金)(本基金得投資於非投資等級之高風險債券且配息來源可能為本金及收益平準金),ACTI51-BGUAB004,美元,多重資產型,2015/07/24,RR3,月配,2026/07/30,14.08,4.3,4.8,14.64,39.78,,11.23,0.34,0.69,-,3.36億,,
聯博收益傘型基金之聯博多元資產收益組合基金-AD類型(新台幣) - (配現金)(本基金得投資於非投資等級之高風險債券基金且配息來源可能為本金及收益平準金),ACTI23-BGTAB001,台幣,全球組合型平衡型,2014/03/19,RR3,月配,2026/07/30,10.17,3.22,4.59,14.58,30.37,,10.22,0.37,0.6,-,14.40億,,
聯博收益傘型基金之聯博多元資產收益組合基金-AD類型(新台幣) - (配股數)(本基金得投資於非投資等級之高風險債券基金且配息來源可能為本金及收益平準金),ACTI23-BSTAB050,台幣,全球組合型平衡型,2014/03/19,RR3,月配,2026/07/30,10.17,3.22,4.59,14.58,30.37,,10.22,0.37,0.6,-,14.40億,,
聯博收益傘型基金之聯博多元資產收益組合基金-A2類型(新台幣)(本基金得投資於非投資等級之高風險債券基金且配息來源可能為本金及收益平準金),ACTI22-BLTAB001,台幣,全球組合型平衡型,2014/03/19,RR3,無,2026/07/30,18.83,2.95,4.32,14.54,30.49,,10.2,0.37,0.6,-,20.02億,,
施羅德全週期成長多重資產基金-B月配型(美元) - (配現金)(本基金有相當比重投資於非投資等級之高風險債券且基金之配息來源可能為本金),ACES97-BGUSC040,美元,多重資產型,2021/01/11,RR3,月配,2026/07/30,10.35,1.62,3.22,14.49,42,,12.39,0.3,0.73,-,14.22億,,
聯博收益傘型基金之聯博多元資產收益組合基金-AI類型(新台幣) - (配現金)(本基金得投資於非投資等級之高風險債券基金且配息來源可能為本金及收益平準金),ACTI70-BGTAB005,台幣,全球組合型平衡型,2018/01/16,RR3,月配,2026/07/30,6.48,3.63,4.95,14.46,30.34,,10.14,0.37,0.59,-,144.84億,,
聯博收益傘型基金之聯博多元資產收益組合基金-AI類型(新台幣) - (配股數)(本基金得投資於非投資等級之高風險債券基金且配息來源可能為本金及收益平準金),ACTI70-BSTAB006,台幣,全球組合型平衡型,2018/01/16,RR3,月配,2026/07/30,6.48,3.63,4.95,14.46,30.34,,10.14,0.37,0.59,-,144.84億,,
群益全球關鍵生技基金-美元,ACCA39-EQUCT001,美元,跨國投資股票型區域型,2013/12/25,RR4,無,2026/07/30,21.7348,5.02,0.27,13.91,21.05,,15.94,0.24,0.49,-,0.43億,,
聯博美國成長入息基金-AI類型(新台幣) - (配現金)(本基金配息來源可能為本金且並無保證收益及配息),ACTI98-ECTAB048,台幣,跨國投資股票型單一國家,2021/01/26,RR4,月配,2026/07/30,11.55,3.25,5.45,13.86,52.45,,17.22,0.22,1.19,-,79.56億,,
聯博美國成長入息基金-AI類型(新台幣) - (配股數)(本基金配息來源可能為本金且並無保證收益及配息),ACTI98-EQTAB047,台幣,跨國投資股票型單一國家,2021/01/26,RR4,月配,2026/07/30,11.55,3.25,5.45,13.86,52.45,,17.22,0.22,1.19,-,79.56億,,
聯博美國成長入息基金-A2類型(新台幣)(本基金配息來源可能為本金且並無保證收益及配息),ACTI97-EQTAB045,台幣,跨國投資股票型單一國家,2021/01/26,RR4,無,2026/07/30,18.59,2.42,4.67,13.84,52.38,,17.25,0.22,1.19,-,9.62億,,
摩根中國亮點基金,ACJF104-EQTJF001,台幣,跨國投資股票型區域型,2009/12/01,RR5,無,2026/07/30,15.24,0.07,-3.91,13.82,16.6,,14.8,0.25,0.35,-,13.84億,,
富蘭克林華美新興國家固定收益基金-美元B分配型 - (配現金)(本基金有相當比重投資於非投資等級之高風險債券且基金之配息來源可能為本金),ACFT97-BCUFT033,美元,債券型海外債券投資等級全球新興市場,2019/04/09,RR3,月配,2026/07/30,3.567,2.57,2.61,13.59,25.76,,7.11,0.48,1.53,-,3.67億,,
野村環球時機多重資產基金-月配類型美元計價 - (配現金)(本基金有相當比重投資於非投資等級之高風險債券且配息來源可能為本金),ACKH243-BGUIG073,美元,多重資產型,2023/01/11,RR3,月配,2026/07/30,10.5488,1.78,3.53,13.5,29.72,,9.92,0.35,0.59,-,0.34億,,
華南永昌Shiller US CAPER ETF組合基金(累積新台幣) (本基金之配息來源可能為本金),ACYC53-BLTHN002,台幣,全球組合型股票型,2017/07/24,RR4,無,2026/07/30,22.03,1.85,1.66,13.26,29.44,,11.55,0.3,0.81,-,1.44億,,
華南永昌Shiller US CAPER ETF組合基金(月配新台幣) - (配現金) (本基金之配息來源可能為本金),ACYC55-BGTHN002,台幣,全球組合型股票型,2017/07/24,RR4,月配,2026/07/30,15.72,1.86,1.65,13.25,29.44,,11.55,0.3,0.81,-,0.44億,,
路博邁收益成長多重資產基金T累積(人民幣)(本基金得投資於非投資等級之高風險債券且配息來源可能為本金),ACNB23-BSRNB015,人民幣,多重資產型,2018/10/15,RR3,無,2026/07/30,13.08,-1.58,4.47,13.15,23.63,,16.43,0.22,0.9,-,0.28億,,
野村全天候組合基金-累積類型美元計價(本基金有相當比重投資於非投資等級之高風險債券基金且配息來源可能為本金),ACKH281-BSUIG080,美元,全球組合型其他,2024/11/14,RR3,無,2026/07/30,12.0142,1.3,4.61,13.13,-,,12.83,0.27,0.77,-,0.44億,,
路博邁收益成長多重資產基金T月配(人民幣) - (配現金)(本基金得投資於非投資等級之高風險債券且配息來源可能為本金),ACNB25-BGRNB011,人民幣,多重資產型,2018/10/15,RR3,月配,2026/07/30,5.87,-1.61,4.38,13.09,23.42,,16.56,0.22,0.9,-,0.90億,,
野村多元收益多重資產基金-累積類型美元計價(本基金有相當比重投資於非投資等級之高風險債券且配息來源可能為本金且並無保證收益及配息),ACKH67-BLUIG069,美元,多重資產型,2016/06/29,RR3,無,2026/07/30,15.7985,2.57,8.79,13,34.52,,16.6,0.21,0.94,-,0.44億,,
野村多元收益多重資產基金-月配類型美元計價 - (配現金)(本基金有相當比重投資於非投資等級之高風險債券且配息來源可能為本金且並無保證收益及配息),ACKH70-BGUIG002,美元,多重資產型,2016/06/29,RR3,月配,2026/07/30,7.0721,2.54,8.77,12.97,34.57,,16.61,0.21,0.94,-,3.24億,,
野村全天候組合基金-月配類型美元計價 - (配現金)(本基金有相當比重投資於非投資等級之高風險債券基金且配息來源可能為本金),ACKH282-BGUIG079,美元,全球組合型其他,2024/11/14,RR3,月配,2026/07/30,10.7583,1.3,4.61,12.96,-,,12.84,0.26,0.77,-,0.52億,,
復華全球債券組合基金(本基金有相當比重投資於持有非投資等級高風險債券之基金),ACFH17-BNTFH001,台幣,全球組合型債券型,2006/09/13,RR3,無,2026/07/30,16.73,2.7,2.45,12.81,16.59,,4.75,0.67,0.81,-,32.78億,,
原康健人壽標的＿台新北美收益資產證券化證券投資信託基金,ACTT22-CTUP0,美元,不動產證券化型,2014/12/01,RR4,無,2026/07/30,0.9665,1.37,10.41,12.5,11.64,,13.99,0.24,0.86,-,2.55億,,
台新北美收益資產證券化基金(B)-USD - (配現金)(本基金配息來源可能為本金),ACTT23-ECUTS001,美元,不動產證券化型,2014/12/01,RR4,月配,2026/07/30,0.4194,1.36,10.43,12.47,11.65,,13.96,0.24,0.86,-,3.43億,,
安聯收益成長多重資產基金-B月配型(美元) - (配現金)(本基金有相當比重投資於非投資等級之高風險債券且配息來源可能為本金),ACDD104-BGUAL084,美元,多重資產型,2020/01/03,RR3,月配,2026/07/30,8.68,0.65,5.27,12.39,33.08,,13.92,0.22,0.98,-,35.26億,,
安聯收益成長多重資產基金-B月配型(美元) - (配股數)(本基金有相當比重投資於非投資等級之高風險債券且配息來源可能為本金),ACDD104-BSUAL099,美元,多重資產型,2020/01/03,RR3,月配,2026/07/30,8.68,0.65,5.27,12.39,33.08,,13.92,0.22,0.98,-,35.26億,,
瀚亞亞太豐收平衡基金B-美元 - (配現金)(本基金有相當比重投資於非投資等級之高風險債券且配息來源可能為本金),ACCP60-BGUPC001,美元,股票債券平衡型跨國投資型,2014/11/17,RR4,月配,2026/07/30,7.5914,-0.08,2.35,12.09,29.71,,11.49,0.27,0.66,-,0.17億,,
原康健人壽標的＿兆豐美元貨幣市場證券投資信託基金,ACII38-CMTM0,台幣,海外貨幣市場型,2016/08/04,RR1,無,2026/07/31,12.7651,2.95,4.44,11.98,17.08,,4.43,0.67,-0.23,-,2.52億,,
復華高益策略組合基金(本基金有相當比重投資於持有非投資等級高風險債券之基金),ACFH25-BNTFH002,台幣,全球組合型平衡型,2009/10/20,RR3,無,2026/07/30,14.62,2.81,2.31,11.77,11.43,,3.66,0.79,0.07,-,16.27億,,
柏瑞趨勢動態多重資產基金-A類型(美元)(本基金有相當比重投資於非投資等級之高風險債券),ACAI368-BLUPB029,美元,多重資產型,2022/01/18,RR3,無,2026/07/30,12.9889,2.89,3.2,11.7,34.24,,14.46,0.22,0.85,-,3.63億,,
聯博收益傘型基金之聯博多元資產收益組合基金-AI類型(美元) - (配現金)(本基金得投資於非投資等級之高風險債券基金且配息來源可能為本金及收益平準金),ACTI71-BGUAB007,美元,全球組合型平衡型,2018/01/16,RR3,月配,2026/07/30,9.37,2.62,4.14,11.7,34.8,,11.46,0.26,0.68,-,286.05億,,
聯博收益傘型基金之聯博多元資產收益組合基金-AI類型(美元) - (配股數)(本基金得投資於非投資等級之高風險債券基金且配息來源可能為本金及收益平準金),ACTI71-BSUAB008,美元,全球組合型平衡型,2018/01/16,RR3,月配,2026/07/30,9.37,2.62,4.14,11.7,34.8,,11.46,0.26,0.68,-,286.05億,,
柏瑞趨勢動態多重資產基金-B類型(美元) - (配現金)(本基金有相當比重投資於非投資等級之高風險債券且配息來源可能為本金),ACAI369-BGUPB031,美元,多重資產型,2022/01/18,RR3,月配,2026/07/30,9.9024,2.89,3.2,11.69,34.23,,14.46,0.22,0.85,-,2.86億,,
聯博收益傘型基金之聯博多元資產收益組合基金-A2類型(美金)(本基金得投資於非投資等級之高風險債券基金且配息來源可能為本金及收益平準金),ACTI30-BSUAB001,美元,全球組合型平衡型,2015/01/14,RR3,無,2026/07/30,28.58,1.78,3.25,11.64,34.75,,11.36,0.27,0.68,-,3.67億,,
聯博收益傘型基金之聯博多元資產收益組合基金-AD類型(美金) - (配現金)(本基金得投資於非投資等級之高風險債券基金且配息來源可能為本金及收益平準金),ACTI31-BGUAB002,美元,全球組合型平衡型,2015/01/13,RR3,月配,2026/07/30,15.31,2.16,3.65,11.63,34.7,,11.38,0.26,0.68,-,12.56億,,
聯博收益傘型基金之聯博多元資產收益組合基金-AD類型(美元) - (配股數)(本基金得投資於非投資等級之高風險債券基金且配息來源可能為本金及收益平準金),ACTI31-BSUAB049,美元,全球組合型平衡型,2015/01/13,RR3,月配,2026/07/30,15.31,2.16,3.65,11.63,34.7,,11.38,0.26,0.68,-,12.56億,,
聯博多重資產傘型基金之聯博歐洲多重資產基金-AD類型(人民幣) - (配現金)(本基金得投資於非投資等級之高風險債券且配息來源可能為本金及收益平準金),ACTI52-BGRAB002,人民幣,多重資產型,2015/07/27,RR3,月配,2026/07/30,13.47,3.27,3.11,11.56,28.01,,11.31,0.26,0.7,-,0.42億,,
聯博多重資產傘型基金之聯博歐洲多重資產基金-AD類型(人民幣) - (配股數)(本基金得投資於非投資等級之高風險債券且配息來源可能為本金及收益平準金),ACTI52-BSRAB002,人民幣,多重資產型,2015/07/27,RR3,月配,2026/07/30,13.47,3.27,3.11,11.56,28.01,,11.31,0.26,0.7,-,0.42億,,
安聯收益成長多重資產基金-A累積型(美元)(本基金有相當比重投資於非投資等級之高風險債券),ACDD103-BSUAL083,美元,多重資產型,2020/01/03,RR3,無,2026/07/30,15.87,0.7,5.24,11.37,33.14,,13.81,0.22,0.97,-,7.41億,,
台新全球多元資產組合基金(累積型)-美元(本基金得投資於非投資等級之高風險債券基金且配息來源可能為本金),ACTT32-BLUTS009,美元,全球組合型平衡型,2016/06/20,RR3,無,2026/07/30,16.2619,-1.15,3.88,11.2,33.48,,19.86,0.16,0.98,-,0.22億,,
台新全球多元資產組合基金(月配息型)-美元 - (配現金)(本基金得投資於非投資等級之高風險債券基金且配息來源可能為本金),ACTT34-BGUTS011,美元,全球組合型平衡型,2016/06/20,RR3,月配,2026/07/30,10.9847,-1.15,3.88,11.18,33.4,,19.86,0.16,0.98,-,0.52億,,
群益全民安穩樂退組合B基金(月配型－新台幣) - (配現金)(本基金配息來源可能為本金),ACCA233-BGTCT009,台幣,全球組合型債券型,2019/07/23,RR2,月配,2026/07/30,9.9987,1.52,1.65,11.05,18.12,,5.12,0.53,0.21,-,0.32億,,
群益全民安穩樂退組合A基金(累積型－新台幣)(本基金配息來源可能為本金),ACCA231-BSTCT007,台幣,全球組合型債券型,2019/07/23,RR2,無,2026/07/30,11.4766,1.52,1.65,11.05,18.12,,5.12,0.53,0.21,-,5.21億,,
瀚亞多重收益優化組合基金A類型-美元(本基金得投資於非投資等級之高風險債券基金),ACCP137-BLUPC028,美元,全球組合型平衡型,2018/09/26,RR3,無,2026/07/30,15.11,0.73,3.56,10.86,32.54,,11.85,0.24,0.7,-,9.92億,,
瀚亞多重收益優化組合基金B類型-美元 - (配現金)(本基金得投資於非投資等級之高風險債券基金且配息來源可能為本金),ACCP138-BGUPC029,美元,全球組合型平衡型,2018/09/26,RR3,月配,2026/07/30,8.21,0.8,3.68,10.83,32.56,,11.81,0.24,0.7,-,250.95億,,
瀚亞多重收益優化組合基金B類型-美元 - (配股數)(本基金得投資於非投資等級之高風險債券基金且配息來源可能為本金),ACCP138-BSUPC044,美元,全球組合型平衡型,2018/09/26,RR3,月配,2026/07/30,8.21,0.8,3.68,10.83,32.56,,11.81,0.24,0.7,-,250.95億,,
摩根中國雙息平衡基金-月配息型(美元) - (配現金)(本基金有相當比重投資於非投資等級之高風險債券且配息來源可能為本金且並無保證收益及配息),ACJF140-BGUJF034,美元,股票債券平衡型跨國投資型,2017/10/11,RR4,月配,2026/07/30,8.9054,-1.79,-0.88,10.83,23.66,,11.83,0.24,0.29,-,3.77億,,
摩根中國雙息平衡基金-月配息型(美元) - (配股數)(本基金有相當比重投資於非投資等級之高風險債券且配息來源可能為本金且並無保證收益及配息),ACJF140-BSUJF058,美元,股票債券平衡型跨國投資型,2017/10/11,RR4,月配,2026/07/30,8.9054,-1.79,-0.88,10.83,23.66,,11.83,0.24,0.29,-,3.77億,,
東方匯理美元核心收益債券基金-AD 月配型(新臺幣) - (配現金)(本基金有一定比重得投資於非投資等級之高風險債券且配息來源可能為本金),ACCF95-BCTPI030,台幣,債券型海外債券投資等級,2020/10/06,RR2,月配,2026/07/30,8.19,1.53,1.71,10.59,11.49,,4.94,0.53,0.46,-,1.01億,,
野村亞太複合非投資等級債券基金-累積類型人民幣計價(本基金配息來源可能為本金),ACKH36-BNRIG002,人民幣,債券型非投資等級債券型,2014/10/07,RR4,無,2026/07/30,12.2316,2.55,1.53,10.45,34.64,,5.31,0.48,0.93,-,0.39億,,
中國信託科技趨勢多重資產基金-美元A(本基金有相當比重投資於非投資等級之高風險債券),ACDS105-BLUCB003,美元,多重資產型,2021/12/06,RR3,無,2026/07/30,13.7566,-1.63,4.5,10.39,41.38,,22.66,0.14,1.15,-,4.31億,,
中國信託科技趨勢多重資產基金-美元B - (配現金)(本基金有相當比重投資於非投資等級之高風險債券且本基金之配息來源可能為本金),ACDS106-BGUCB004,美元,多重資產型,2021/12/06,RR3,月配,2026/07/30,10.505,-1.66,4.47,10.36,41.5,,22.68,0.14,1.15,-,3.26億,,
摩根大美國領先收成多重資產基金-月配息型(新臺幣) - (配現金)(本基金有相當比重投資於非投資等級之高風險債券且配息來源可能為本金或收益平準金),ACJF159-BGTJF072,台幣,多重資產型,2024/08/27,RR3,月配,2026/07/30,9.56,3.35,6.78,10.3,-,,8.79,0.29,0.61,-,18.43億,,
摩根大美國領先收成多重資產基金-月配息型(新臺幣) - (配股數)(本基金有相當比重投資於非投資等級之高風險債券且配息來源可能為本金或收益平準金),ACJF159-BSTJF074,台幣,多重資產型,2024/08/27,RR3,月配,2026/07/30,9.56,3.35,6.78,10.3,-,,8.79,0.29,0.61,-,18.43億,,
野村環球基金-美元計價,ACKH78-EQUIG014,美元,跨國投資股票型全球市場,2017/05/09,RR3,無,2026/07/30,28.29,0.96,2.24,10.29,58.13,,18.6,0.16,1.1,-,4.11億,,
安聯特別收益多重資產基金- B類型(月配息)-新臺幣 - (配現金)(本基金有相當比重投資於非投資等級之高風險債券且配息來源可能為本金),ACDD107-BGTAL052,台幣,多重資產型,2020/07/21,RR3,月配,2026/07/30,8.93,0.82,0.89,10.25,17,,4.37,0.53,0.04,-,1.36億,,
安聯特別收益多重資產基金- B類型(月配息)-新臺幣 - (配股數)(本基金有相當比重投資於非投資等級之高風險債券且配息來源可能為本金),ACDD107-BSTAL055,台幣,多重資產型,2020/07/21,RR3,月配,2026/07/30,8.93,0.82,0.89,10.25,17,,4.37,0.53,0.04,-,1.36億,,
野村亞太複合非投資等級債券基金-月配型 - (配現金)(本基金配息來源可能為本金),ACIC35-BCTIG002,台幣,債券型非投資等級債券型,2011/06/20,RR4,月配,2026/07/30,4.3222,2.26,0.88,10.13,33.9,,5.17,0.48,0.85,-,4.12億,,
原康健人壽標的＿野村亞太複合非投資等級債券證券投資信託基金－月配型新臺幣計價(現金配息)(本基金配息來源可能為本金),ACIC35-CCTB1,台幣,債券型非投資等級債券型,2011/06/20,RR4,月配,2026/07/30,4.3222,2.26,0.88,10.13,33.9,,5.17,0.48,0.85,-,4.12億,,
復華新興市場短期收益基金(本基金有相當比重投資於非投資等級之高風險債券),ACFH29-BNTFH015,台幣,債券型海外債券投資等級全球新興市場,2011/05/06,RR3,無,2026/07/30,12.62,2.6,2.85,10.12,11.48,,3.54,0.69,0.58,-,11.43億,,
華南永昌低波動多重資產基金,ACYC69-BLUHN005,美元,多重資產型,2020/01/31,RR3,無,2026/07/30,13.95,-3.19,3.95,10.02,33.37,,27.07,0.12,1.4,-,2.64億,,
富蘭克林華美全球債券組合基金-分配型 - (配現金)(本基金之配息來源可能為本金),ACFT0301-BCTFT001,台幣,全球組合型債券型,2007/05/15,RR3,月配,2026/07/30,6.4103,1.64,1.33,9.64,18.1,,4.03,0.58,0.91,-,2.89億,,
富蘭克林華美全球債券組合基金-累積(本基金之配息來源可能為本金),ACFT03-BNTFT001,台幣,全球組合型債券型,2005/06/29,RR3,無,2026/07/30,14.0346,1.64,1.32,9.64,18.09,,4.03,0.58,0.91,-,8.16億,,
富達亞洲非投資等級債券基金A股累積型新臺幣計價級別,ACFD23-BLTFD041,台幣,債券型非投資等級債券型,2017/10/30,RR4,無,2026/07/30,7.4537,2.89,2.34,9.54,17.56,,3.97,0.58,0.86,-,1.16億,,
柏瑞新興市場非投資等級債券基金-B類型 - (配現金)(本基金之配息來源可能為本金),ACAI22-BCTPB002,台幣,債券型非投資等級債券型,2010/05/17,RR4,月配,2026/07/30,4.5513,1.91,0.83,9.52,16.09,,5.2,0.45,1.24,-,4.01億,,
富達亞洲非投資等級債券基金A股月配息型新臺幣計價級別 - (配現金)(本基金之配息來源可能為本金),ACFD24-BCTFD042,台幣,債券型非投資等級債券型,2017/10/30,RR4,月配,2026/07/30,3.5548,2.91,2.36,9.5,16.91,,3.97,0.58,0.86,-,2.59億,,
野村亞太複合非投資等級債券基金-月配類型人民幣計價 - (配現金)(本基金配息來源可能為本金),ACKH37-BCRIG002,人民幣,債券型非投資等級債券型,2014/10/07,RR4,月配,2026/07/30,4.6466,1.94,0.8,9.37,33.57,,5.28,0.43,0.96,-,1.78億,,
原康健人壽標的＿野村亞太複合非投資等級債券證券投資信託基金(現金配息)(本基金配息來源可能為本金),ACKH37-CCCB1,人民幣,債券型非投資等級債券型,2014/10/07,RR4,月配,2026/07/30,4.6466,1.94,0.8,9.37,33.57,,5.28,0.43,0.96,-,1.78億,,
安聯目標收益基金-B類型(月配息)-新臺幣 - (配現金)(本基金主要係投資於高風險非投資等級債券基金且配息來源可能為本金),ACDD41-BGTAL002,台幣,全球組合型平衡型,2015/01/27,RR3,月配,2026/07/30,5.7682,2.16,2.6,9.31,17.01,,3.61,0.58,0.63,-,2.35億,,
安聯四季豐收債券組合基金-B類型(月配息)-新臺幣 - (配現金)(本基金有一定比例之投資包含高風險非投資等級債券基金且配息來源可能為本金),ACDD27-BCTAL001,台幣,全球組合型債券型,2012/01/02,RR3,月配,2026/07/30,6.9408,1.79,1.67,9.14,15.05,,3.76,0.55,0.84,-,57.26億,,
台新台新基金,ACDD27-EQTTS003,台幣,全球組合型債券型,2012/01/02,RR5,月配,2026/07/30,6.9408,1.79,1.67,9.14,15.05,,3.76,0.55,0.84,-,57.26億,,
野村亞太複合非投資等級債券基金-月配類型美元計價 - (配現金)(本基金配息來源可能為本金),ACKH76-BCUIG009,美元,債券型非投資等級債券型,2017/03/01,RR4,月配,2026/07/30,4.1853,1.48,0.54,8.87,37.7,,5.54,0.39,1.08,-,0.36億,,
安聯新興債券收益組合基金- HB類型(月配息)-新臺幣(避險) - (配現金)(本基金有一定比例之投資包含高風險非投資等級債券基金且配息來源可能為本金),ACDD122-BGTAL059,台幣,全球組合型債券型,2020/09/02,RR3,月配,2026/07/30,7.0515,0.65,0.32,8.75,14.92,,6.4,0.31,1.51,-,0.23億,,
聯博收益傘型基金之聯博多元資產收益組合基金-AI類型(人民幣) - (配現金)(本基金得投資於非投資等級之高風險債券基金且配息來源可能為本金及收益平準金),ACTI72-BGRAB016,人民幣,全球組合型平衡型,2018/01/16,RR3,月配,2026/07/30,8.92,1.69,2.52,8.72,24.24,,11.44,0.2,0.68,-,11.25億,,
聯博收益傘型基金之聯博多元資產收益組合基金-AI類型(人民幣) - (配股數)(本基金得投資於非投資等級之高風險債券基金且配息來源可能為本金及收益平準金),ACTI72-BSRAB017,人民幣,全球組合型平衡型,2018/01/16,RR3,月配,2026/07/30,8.92,1.69,2.52,8.72,24.24,,11.44,0.2,0.68,-,11.25億,,
安聯四季豐收債券組合基金-A類型(累積)-新臺幣(本基金有一定比例之投資包含高風險非投資等級債券基金),ACDD26-BLTAL002,台幣,全球組合型債券型,2012/01/02,RR3,無,2026/07/30,14.1976,1.79,1.67,8.69,15.05,,3.76,0.55,0.84,-,102.45億,,
聯博收益傘型基金之聯博多元資產收益組合基金-AD類型(人民幣) - (配現金)(本基金得投資於非投資等級之高風險債券基金且配息來源可能為本金及收益平準金),ACTI29-BGRAB001,人民幣,全球組合型平衡型,2015/01/12,RR3,月配,2026/07/30,14.74,1.29,2.05,8.64,24.04,,11.32,0.2,0.68,-,9.94億,,
聯博收益傘型基金之聯博多元資產收益組合基金-AD類型(人民幣) - (配股數)(本基金得投資於非投資等級之高風險債券基金且配息來源可能為本金及收益平準金),ACTI29-BSRAB001,人民幣,全球組合型平衡型,2015/01/12,RR3,月配,2026/07/30,14.74,1.29,2.05,8.64,24.04,,11.32,0.2,0.68,-,9.94億,,
摩根大美國領先收成多重資產基金-月配息型(美元) - (配現金)(本基金有相當比重投資於非投資等級之高風險債券且配息來源可能為本金或收益平準金),ACJF162-BGUJF073,美元,多重資產型,2024/08/27,RR3,月配,2026/07/30,9.89,2.48,6.08,8.56,-,,9.75,0.22,0.68,-,7.24億,,
柏瑞旗艦全球債券組合基金(本基金有一定比例之投資包含高風險非投資等級債券基金),ACAI11-BLTPB002,台幣,全球組合型債券型,2005/06/09,RR3,無,2026/07/30,13.8563,1.58,0.93,8.53,13.46,,4.23,0.48,0.93,-,3.29億,,
安聯收益成長多重資產基金-B類型(月配息)-人民幣-(配現金)(本基金有相當比重投資於非投資等級之高風險債券且配息來源可能為本金),ACDD77-BGRAL019,人民幣,多重資產型,2018/04/23,RR3,月配,2026/07/30,7.94,-0.03,3.56,8.37,23.25,,13.83,0.15,0.97,-,71.41億,,
安聯收益成長多重資產基金-B類型(月配息)-人民幣-(配股數)(本基金有相當比重投資於非投資等級之高風險債券且配息來源可能為本金),ACDD77-BSRAL020,人民幣,多重資產型,2018/04/23,RR3,月配,2026/07/30,7.94,-0.03,3.56,8.37,23.25,,13.83,0.15,0.97,-,71.41億,,
富蘭克林華美全球非投資等級債券基金-新台幣C分配型 - (配現金)(本基金之配息來源可能為本金),ACFT60-BCTFT035,台幣,債券型非投資等級債券型,2017/03/02,RR3,月配,2026/07/30,6.2358,1.16,1.23,8.24,18.43,,3.74,0.52,0.69,-,2.18億,,
富蘭克林華美全球非投資等級債券基金-新台幣B分配型 - (配現金)(本基金之配息來源可能為本金),ACFT15-BCTFT004,台幣,債券型非投資等級債券型,2012/06/28,RR3,月配,2026/07/30,6.2998,1.15,1.23,8.23,18.43,,3.74,0.52,0.69,-,17.46億,,
瀚亞中國A股基金-美元,ACCP77-EQUPC034,美元,跨國投資股票型單一國家,2020/09/09,RR5,無,2026/07/30,9.73,-4.61,-13.97,8.23,7.87,,23.02,0.11,0.76,-,0.33億,,
富蘭克林華美全球非投資等級債券基金-新台幣A累積型(本基金之配息來源可能為本金),ACFT14-BNTFT002,台幣,債券型非投資等級債券型,2012/06/28,RR3,無,2026/07/30,13.7547,1.15,1.23,8.23,18.41,,3.74,0.52,0.68,-,10.32億,,
聯博美國傘型基金之聯博美國多重資產收益基金-AI類型(新台幣) - (配現金)(本基金得投資於非投資等級之高風險債券且配息來源可能為本金),ACTI90-BGTAB052,台幣,多重資產型,2021/01/26,RR3,月配,2026/07/30,8.1,1.57,2.7,8.03,27.46,,10.54,0.19,0.75,-,19.23億,,
聯博美國傘型基金之聯博美國多重資產收益基金-AI類型(新台幣) - (配股數)(本基金得投資於非投資等級之高風險債券且配息來源可能為本金),ACTI90-BSTAB051,台幣,多重資產型,2021/01/26,RR3,月配,2026/07/30,8.1,1.57,2.7,8.03,27.46,,10.54,0.19,0.75,-,19.23億,,
群益全球優先順位非投資等級債券基金B(月配型-新台幣) - (配現金)(本基金配息來源可能為本金),ACCA187-BCTCT005,台幣,債券型非投資等級債券型,2018/04/30,RR3,月配,2026/07/30,7.201,2.64,2.37,8.03,16.98,,2.92,0.65,0.46,-,1.57億,,
安聯四季回報債券組合基金-A類型(累積)- 新臺幣(本基金有相當比重之投資包含高風險非投資等級債券基金),ACDD20-BLTAL001,台幣,全球組合型債券型,2008/10/17,RR3,無,2026/07/30,16.9931,1.78,1.4,7.88,13.53,,3.38,0.55,0.72,-,66.93億,,
宏利新興市場非投資等級債券基金-B類型 - (配現金)(本基金之配息來源可能為本金),ACAP22-BCTMA002,台幣,債券型非投資等級債券型,2010/09/29,RR4,月配,2026/07/30,4.9859,1.48,2.94,7.82,20.84,,3.94,0.47,0.89,-,0.70億,,
台新中國傘型基金之台新中証消費服務領先指數基金,ACTT20-EQTTS006,台幣,跨國投資指數型,2014/06/03,RR5,無,2026/07/30,18.765,-1.41,-1.5,7.71,-1.83,,16.13,0.13,0.6,-,14.15億,,
安聯收益成長多重資產基金-A類型(累積)-人民幣(本基金有相當比重投資於非投資等級之高風險債券),ACDD76-BLRAL018,人民幣,多重資產型,2018/04/23,RR3,無,2026/07/30,17.32,-0.06,3.59,7.58,23.19,,13.68,0.15,0.96,-,12.12億,,
柏瑞全球策略非投資等級債券基金-B類型 - (配現金)(本基金之配息來源可能為本金),ACAI20-BCTPB001,台幣,債券型非投資等級債券型,2008/08/01,RR3,月配,2026/07/30,5.0741,1.57,1.3,7.46,17.04,,3.59,0.49,0.74,-,32.59億,,
柏瑞全球策略非投資等級債券基金-Bt類型-(配現金)(本基金之配息來源可能為本金),ACAI177-BCTPB013,台幣,債券型非投資等級債券型,2017/04/07,RR3,月配,2026/07/30,4.7933,1.57,1.3,7.46,17.04,,3.59,0.49,0.39,-,5.47億,,
台新靈活入息債券基金(月配)－新臺幣 - (配現金)(本基金有一定比重得投資於非投資等級之高風險債券，配息來源可能為本金且並無保證收益及配息),ACTT181-BCTTS021,台幣,債券型海外債券投資等級,2023/11/27,RR2,月配,2026/07/30,9.2807,1.96,1.91,7.37,-,,3.03,0.57,0.32,-,1.00億,,
瀚亞全球非投資等級債券基金B - (配現金)(本基金配息來源可能為本金),ACCP34-BCTPC001,台幣,債券型非投資等級債券型,2010/09/16,RR3,月配,2026/07/30,7.1843,1.67,1.8,7.2,16.97,,2.98,0.56,0.57,-,5.50億,,
原康健人壽標的＿瀚亞全球非投資等級債券證券投資信託基金(現金配息),ACCP34-CDTB0,台幣,債券型非投資等級債券型,2010/09/16,RR3,月配,2026/07/30,7.1843,1.67,1.8,7.2,16.97,,2.98,0.56,0.57,-,5.50億,,
瀚亞全球非投資等級債券基金C類型 - (配現金)(本基金配息來源可能為本金),ACCP3401-BCTPC004,台幣,債券型非投資等級債券型,2013/09/03,RR3,月配,2026/07/30,6.2093,1.67,1.8,7.2,16.97,,2.98,0.56,0.57,-,1.71億,,
瀚亞全球非投資等級債券基金A類型,ACCP33-BNTPC001,台幣,債券型非投資等級債券型,2010/09/16,RR3,無,2026/07/30,14.6525,1.67,1.8,7.2,16.96,,2.98,0.56,0.57,-,3.46億,,
瀚亞印度基金Ａ類型-新臺幣,ACCP22-EQTPC002,台幣,跨國投資股票型單一國家,2005/06/06,RR5,無,2026/07/30,58.42,10.64,5.32,7.15,33.23,,20.84,0.11,1.09,-,123.22億,,
安聯新興債券收益組合基金- HB類型(月配息)-人民幣(避險) - (配現金)(本基金有一定比例之投資包含高風險非投資等級債券基金且配息來源可能為本金),ACDD125-BGRAL060,人民幣,全球組合型債券型,2020/09/02,RR3,月配,2026/07/30,7.0178,0.01,-0.79,7.13,17.45,,6.85,0.22,1.58,-,0.10億,,
宏利中國離岸債券基金-A類型(本基金之配息來源可能為本金及收益平準金),ACAP25-BNTMA003,台幣,債券型海外債券投資等級,2011/11/09,RR3,無,2026/07/30,11.7703,1.42,2.04,7.08,10.17,,2.88,0.57,0.36,-,0.64億,,
復華全球短期收益基金-新臺幣(本基金有一定比重得投資於非投資等級之高風險債券),ACFH24-BNTFH004,台幣,債券型海外債券投資等級,2009/05/07,RR2,無,2026/07/30,13.3645,1.71,1.6,7.02,9.42,,2.96,0.55,0.23,-,11.54億,,
復華新興市場非投資等級債券基金人民幣計價配息類型 - (配現金)(基金之配息來源可能為本金),ACFH49-BCRFH002,人民幣,債券型非投資等級債券型,2014/10/17,RR4,月配,2026/07/30,9.36,1.85,1.65,6.99,16.96,,10.83,0.16,2.87,-,0.30億,,
宏利中國離岸債券基金-B類型 - (配現金)(本基金之配息來源可能為本金及收益平準金),ACAP26-BCTMA004,台幣,債券型海外債券投資等級,2011/11/09,RR3,季配,2026/07/30,7.822,1.37,1.97,6.97,9.11,,2.66,0.6,0.37,-,0.04億,,
聯博全球非投資等級債券基金-TA類型(新台幣) - (配現金)(基金之配息來源可能為本金及收益平準金),ACTI41-BCTAB002,台幣,債券型非投資等級債券型,2015/04/02,RR3,月配,2026/07/30,4.73,2.25,2.36,6.96,18.56,,3.7,0.44,0.57,-,103.74億,,
聯博全球非投資等級債券基金-TA類型(新台幣) - (配股數)(基金之配息來源可能為本金及收益平準金),ACTI41-BNTAB001,台幣,債券型非投資等級債券型,2015/04/02,RR3,月配,2026/07/30,4.73,2.25,2.36,6.96,18.56,,3.7,0.44,0.57,-,103.74億,,
野村美利堅非投資等級債券基金-月配類型新臺幣計價 - (配現金)(本基金配息來源可能為本金),ACKH61-BCTIG005,台幣,債券型非投資等級債券型,2015/11/09,RR3,月配,2026/07/30,6.5863,1.24,1.68,6.92,16.01,,2.66,0.6,0.54,-,1.53億,,
野村特別時機非投資等級債券基金-月配類型新臺幣計價 - (配現金)(本基金配息來源可能為本金),ACKH205-BCTIG062,台幣,債券型非投資等級債券型,2021/06/09,RR3,月配,2026/07/30,7.4139,1.27,1.46,6.74,14.61,,3.11,0.5,0.7,-,11.55億,,
摩根中國雙息平衡基金-月配息型(人民幣) - (配現金)(本基金有相當比重投資於非投資等級之高風險債券且配息來源可能為本金且並無保證收益及配息),ACJF134-BGRJF033,人民幣,股票債券平衡型跨國投資型,2015/08/25,RR4,月配,2026/07/30,11.1285,-2.63,-2.64,6.63,14.92,,11.2,0.15,0.26,-,6.38億,,
摩根中國雙息平衡基金-月配息型(人民幣) - (配股數)(本基金有相當比重投資於非投資等級之高風險債券且配息來源可能為本金且並無保證收益及配息),ACJF134-BSRJF056,人民幣,股票債券平衡型跨國投資型,2015/08/25,RR4,月配,2026/07/30,11.1285,-2.63,-2.64,6.63,14.92,,11.2,0.15,0.26,-,6.38億,,
柏瑞美國雙核心收益基金-A類型,ACAI14-BNTPB020,台幣,債券型海外債券投資等級,2007/04/10,RR2,無,2026/07/30,11.8527,0.81,0.51,6.59,7.53,,3.29,0.46,0.6,-,2.92億,,
柏瑞美國雙核心收益基金-B類型 - (配現金)(基金之配息來源可能為本金),ACAI15-BCTPB021,台幣,債券型海外債券投資等級,2007/04/10,RR2,月配,2026/07/30,6.0583,0.81,0.51,6.59,7.53,,3.29,0.46,0.6,-,0.43億,,
安聯新興債券收益組合基金- HA類型(累積)-人民幣(避險)(本基金有一定比例之投資包含高風險非投資等級債券基金),ACDD124-BLRAL061,人民幣,全球組合型債券型,2020/09/02,RR3,無,2026/07/30,10.5722,0.01,-0.79,6.51,17.43,,6.85,0.22,1.58,-,0.10億,,
路博邁全球非投資等級債券基金T累積(新臺幣)(本基金配息來源可能為本金),ACNB10-BNTNB022,台幣,債券型非投資等級債券型,2018/07/30,RR3,無,2026/07/30,11.86,0.94,0.85,6.37,16.96,,3.53,0.41,0.8,-,0.66億,,
路博邁全球非投資等級債券基金T月配(新臺幣) - (配現金)(本基金配息來源可能為本金),ACNB05-BCTNB023,台幣,債券型非投資等級債券型,2018/07/30,RR3,月配,2026/07/30,5.86,0.78,0.89,6.29,16.9,,3.54,0.4,0.83,-,4.67億,,
富達亞洲非投資等級債券基金A股累積型美元計價級別,ACFD25-BLUFD043,美元,債券型非投資等級債券型,2017/10/30,RR4,無,2026/07/30,8.0018,1.9,1.4,6.22,21.52,,4.85,0.29,1.16,-,0.26億,,
富達亞洲非投資等級債券基金A股月配息型美元計價級別 - (配現金)(本基金之配息來源可能為本金),ACFD26-BCUFD044,美元,債券型非投資等級債券型,2017/10/30,RR4,月配,2026/07/30,4.0784,1.9,1.4,6.22,21.53,,4.86,0.29,1.16,-,2.11億,,
群益大印度基金-新臺幣,ACCA79-EQTCT019,台幣,跨國投資股票型單一國家,2016/03/22,RR5,無,2026/07/30,20.5,5.07,2.4,6.22,25.69,,21.22,0.09,1.09,-,7.77億,,
復華全球債券基金(本基金有一定比重得投資於非投資等級之高風險債券),ACFH10-BNTFH003,台幣,債券型海外債券投資等級,2002/08/02,RR2,無,2026/07/30,14.8433,0.1,-0.81,6.06,1.13,,5.25,0.26,1.25,-,43.29億,,
路博邁ESG優選平衡基金T累積(新臺幣)(本基金有相當比重投資於非投資等級之高風險債券),ACNB150-BSTNB033,台幣,股票債券平衡型跨國投資型,2024/03/21,RR3,無,2026/07/30,10.41,-0.48,-0.76,5.79,-,,10.12,0.14,0.52,-,0.90億,,
宏利實質多重資產基金A類型(新臺幣)(本基金有相當比重投資於非投資等級之高風險債券),ACAP184-BLTMA020,台幣,多重資產型,2021/08/17,RR3,無,2026/07/30,10.4704,-0.17,1.02,5.78,10.67,,4.07,0.32,0.13,-,0.31億,,
安聯目標收益基金-B類型(月配息)-美元 - (配現金)(本基金主要係投資於高風險非投資等級債券基金且配息來源可能為本金),ACDD43-BGUAL003,美元,全球組合型平衡型,2015/01/27,RR3,月配,2026/07/30,6.6908,0.72,1.2,5.76,23.24,,4.96,0.23,0.99,-,0.69億,,
宏利新興市場非投資等級債券基金-C類型(美元) - (配現金)(本基金之配息來源可能為本金),ACAP51-BCUMA004,美元,債券型非投資等級債券型,2015/01/26,RR4,月配,2026/07/30,0.1986,0.69,2.31,5.54,27.94,,4.5,0.27,0.54,-,0.47億,,
聯博美國傘型基金之聯博美國多重資產收益基金-AI類型(美元) - (配現金)(本基金得投資於非投資等級之高風險債券且配息來源可能為本金),ACTI94-BGUAB033,美元,多重資產型,2021/01/26,RR3,月配,2026/07/30,11.86,0.71,2,5.47,33.02,,11.67,0.12,0.84,-,36.06億,,
聯博美國傘型基金之聯博美國多重資產收益基金-AI類型(美元) - (配股數)(本基金得投資於非投資等級之高風險債券且配息來源可能為本金),ACTI94-BNUAB034,美元,多重資產型,2021/01/26,RR3,月配,2026/07/30,11.86,0.71,2,5.47,33.02,,11.67,0.12,0.84,-,36.06億,,
野村全球金融收益基金-累積類型新臺幣計價(本基金之配息來源可能為本金且並無保證收益及配息),ACKH113-BNTIG028,台幣,債券型海外債券投資等級,2018/08/21,RR2,無,2026/07/30,10.9518,0.6,-0.35,5.4,10.04,,3.75,0.32,0.89,-,15.82億,,
群益潛力收益多重資產基金B(月配型-美元) - (配現金)(本子基金有相當比重投資於非投資等級之高風險債券且基金之配息來源可能為本金),ACCA205-BGUCT017,美元,多重資產型,2018/12/05,RR3,月配,2026/07/30,9.135,-5.13,-1.58,5.39,31.76,,20.82,0.08,1.04,-,6.52億,,
安聯四季豐收債券組合基金-B類型(月配息)-美元 - (配現金)(本基金有一定比例之投資包含高風險非投資等級債券基金且配息來源可能為本金),ACDD35-BGUAL005,美元,全球組合型債券型,2016/08/24,RR3,月配,2026/07/30,7.9949,0.25,0.07,5.38,20.95,,5.02,0.21,1.22,-,0.57億,,
群益潛力收益多重資產基金A(累積型-美元)(本子基金有相當比重投資於非投資等級之高風險債券),ACCA204-BLUCT015,美元,多重資產型,2018/12/05,RR3,無,2026/07/30,15.4348,-5.14,-1.59,5.37,31.78,,20.82,0.08,1.04,-,2.70億,,
瀚亞多重收益優化組合基金A類型-人民幣(本基金得投資於非投資等級之高風險債券基金),ACCP166-BLRPC030,人民幣,全球組合型平衡型,2019/11/22,RR3,無,2026/07/30,13.65,-0.29,1.19,5.32,24.2,,10.83,0.12,0.63,-,0.52億,,
野村全球金融收益基金-月配類型新臺幣計價 - (配現金)(本基金之配息來源可能為本金且並無保證收益及配息),ACKH116-BCTIG029,台幣,債券型海外債券投資等級,2018/08/21,RR2,月配,2026/07/30,7.23,0.56,-0.39,5.3,10.01,,3.75,0.31,0.9,-,18.02億,,
野村全球金融收益基金-月配類型新臺幣計價 - (配股數)(本基金之配息來源可能為本金且並無保證收益及配息),ACKH116-BNTIG049,台幣,債券型海外債券投資等級,2018/08/21,RR2,月配,2026/07/30,7.23,0.56,-0.39,5.3,10.01,,3.75,0.31,0.9,-,18.02億,,
瀚亞多重收益優化組合基金B類型-人民幣 - (配現金)(本基金得投資於非投資等級之高風險債券基金且配息來源可能為本金),ACCP140-BGRPC031,人民幣,全球組合型平衡型,2018/09/26,RR3,月配,2026/07/30,8.21,-0.34,1.2,5.28,24.28,,10.8,0.12,0.63,-,1.82億,,
路博邁優質企業債券基金T累積(新臺幣)(本基金有一定比重得投資於非投資等級之高風險債券且配息來源可能為本金),ACNB57-BNTNB019,台幣,債券型海外債券投資等級,2020/01/17,RR2,無,2026/07/30,10.2,0.49,-0.29,5.26,10.39,,3.28,0.35,0.78,-,0.95億,,
路博邁優質企業債券基金T月配(新臺幣) - (配現金)(本基金有一定比重得投資於非投資等級之高風險債券且配息來源可能為本金),ACNB58-BCTNB017,台幣,債券型海外債券投資等級,2020/01/17,RR2,月配,2026/07/30,7.63,0.46,-0.24,5.25,10.38,,3.26,0.35,0.77,-,1.16億,,
柏瑞ESG量化債券基金-B類型 - (配現金)(本基金有一定比重得投資於非投資等級之高風險債券且配息來源可能為本金),ACAI262-BCTPB015,台幣,債券型海外債券投資等級,2020/01/30,RR2,月配,2026/07/30,6.7647,1.34,-0.16,5.21,9.02,,3.54,0.32,0.84,-,5.83億,,
瀚亞亞太豐收平衡基金 B - 人民幣 - (配現金)(本基金有相當比重投資於非投資等級之高風險債券且配息來源可能為本金),ACCP66-BGRPC001,人民幣,股票債券平衡型跨國投資型,2014/12/08,RR4,月配,2026/07/30,7.6273,-1.33,-0.71,5,22.46,,10.03,0.12,0.56,-,0.33億,,
柏瑞多重資產特別收益基金-B類型 - (配現金)(本基金有相當比重投資於非投資等級之高風險債券且配息來源可能為本金),ACAI192-BGTPB022,台幣,多重資產型,2018/01/31,RR3,月配,2026/07/30,6.7266,-0.48,-0.47,4.98,11.68,,4.14,0.26,1.08,-,4.57億,,
富蘭克林華美全球投資級債券基金-分配型 - (配現金)(本基金之配息來源可能為本金),ACFT18-BCTFT005,台幣,債券型海外債券投資等級,2013/03/28,RR2,月配,2026/07/30,6.0942,0.52,0.32,4.97,7.3,,3.02,0.35,0.55,-,1.75億,,
宏利亞太入息債券基金-B類型 - (配現金)(本基金之配息來源可能為本金及收益平準金且並無保證收益及配息),ACAP19-BCTMA001,台幣,債券型海外債券投資等級,2009/12/09,RR3,月配,2026/07/30,7.509,0.29,0.2,4.95,7.18,,2.89,0.36,0.56,-,0.17億,,
安聯美國短年期非投資等級債券基金-B類型(月配息)-新臺幣 - (配現金)(基金之配息來源可能為本金),ACDD91-BCTAL034,台幣,債券型非投資等級債券型,2019/05/03,RR3,月配,2026/07/30,7.1851,1.49,1.46,4.86,-1.1,,2.35,0.37,0.45,-,3.96億,,
安聯美國短年期非投資等級債券基金-B類型(月配息)-新臺幣 - (配股數)(基金之配息來源可能為本金),ACDD91-BNTAL037,台幣,債券型非投資等級債券型,2019/05/03,RR3,月配,2026/07/30,7.1851,1.49,1.46,4.86,-1.1,,2.35,0.37,0.45,-,3.96億,,
原康健人壽標的＿安聯全球農金趨勢證券投資信託基金,ACDD18-CATS3,台幣,跨國投資股票型全球市場,2008/02/12,RR4,無,2026/07/30,7.76,3.6,1.44,4.58,-4.32,,13.16,0.09,0.36,-,17.79億,,
安聯全球農金趨勢基金,ACDD18-EQTAL004,台幣,跨國投資股票型全球市場,2008/02/12,RR4,無,2026/07/30,7.76,3.6,1.44,4.58,-4.32,,13.16,0.09,0.36,-,17.79億,,
野村全天候環球債券基金-月配類型新臺幣計價 - (配現金)(本基金有一定比重投資於非投資等級之高風險債券且配息來源可能為本金),ACKH290-BCTIG082,台幣,全球組合型債券型,2025/03/03,RR2,月配,2026/07/30,9.3321,0.63,-0.13,4.54,-,,3.51,0.27,0.86,-,2.42億,,
安聯美國短年期非投資等級債券基金-A類型(累積)-新臺幣,ACDD90-BNTAL033,台幣,債券型非投資等級債券型,2019/05/03,RR3,無,2026/07/30,10.4864,1.5,1.47,4.29,-1.09,,2.35,0.37,0.45,-,5.51億,,
聯博美國傘型基金之聯博美國成長入息基金-AI類型(美元) - (配現金)(本基金配息來源可能為本金且並無保證收益及配息),ACTI100-ECUAB035,美元,跨國投資股票型單一國家,2021/01/26,RR4,月配,2026/07/30,15.09,0.69,2.32,4.27,47.5,,19.62,0.07,1.38,-,40.42億,,
聯博美國傘型基金之聯博美國成長入息基金-AI類型(美元) - (配股數)(本基金配息來源可能為本金且並無保證收益及配息),ACTI100-EQUAB036,美元,跨國投資股票型單一國家,2021/01/26,RR4,月配,2026/07/30,15.09,0.69,2.32,4.27,47.5,,19.62,0.07,1.38,-,40.42億,,
聯博美國成長入息基金-A2類型(美元)(本基金配息來源可能為本金且並無保證收益及配息),ACTI99-EQUAB046,美元,跨國投資股票型單一國家,2021/01/26,RR4,無,2026/07/30,24.38,-0.12,1.46,4.23,47.4,,19.65,0.07,1.38,-,5.72億,,
野村環球非投資等級債券基金-月配類型新臺幣計價 - (配現金)(本基金配息來源可能為本金),ACKH33-BCTIG004,台幣,債券型非投資等級債券型,2013/11/26,RR3,月配,2026/07/30,6.0498,1.51,1,4.21,14.07,,3.29,0.26,0.81,-,3.10億,,
聯博全球非投資等級債券基金-TA類型(美金) - (配現金)(基金之配息來源可能為本金及收益平準金),ACTI43-BCUAB011,美元,債券型非投資等級債券型,2015/04/02,RR3,月配,2026/07/30,7.39,1.24,1.41,4.18,22.81,,4.15,0.21,0.78,-,29.92億,,
聯博全球非投資等級債券基金-TA類型(美金) - (配股數)(基金之配息來源可能為本金及收益平準金),ACTI43-BNUAB030,美元,債券型非投資等級債券型,2015/04/02,RR3,月配,2026/07/30,7.39,1.24,1.41,4.18,22.81,,4.15,0.21,0.78,-,29.92億,,
安聯美國短年期非投資等級債券基金- B類型(月配息)-美元 - (配現金)(基金之配息來源可能為本金),ACDD95-BCUAL036,美元,債券型非投資等級債券型,2019/05/03,RR3,月配,2026/07/30,7.1288,0.67,0.87,4.16,7.76,,2.59,0.22,0.7,-,3.75億,,
安聯美國短年期非投資等級債券基金- B類型(月配息)-美元 - (配股數)(基金之配息來源可能為本金),ACDD95-BNUAL039,美元,債券型非投資等級債券型,2019/05/03,RR3,月配,2026/07/30,7.1288,0.67,0.87,4.16,7.76,,2.59,0.22,0.7,-,3.75億,,
摩根多元入息成長基金月配息型(人民幣) - (配現金)(本基金之配息來源可能為本金且並無保證收益及配息),ACJF126-BGRJF001,人民幣,全球組合型平衡型,2014/10/15,RR3,月配,2026/07/30,9.8844,0.32,0.46,4.04,18.85,,7.02,0.12,0.41,-,10.98億,,
群益全民安穩樂退組合B基金(月配型－美元) - (配現金)(本基金配息來源可能為本金),ACCA234-BGUCT010,美元,全球組合型債券型,2019/07/23,RR2,月配,2026/07/30,9.7254,-0.48,-0.58,3.86,15.99,,7.04,0.11,0.39,-,0.01億,,
野村美利堅非投資等級債券基金-月配類型美元計價 - (配現金)(本基金配息來源可能為本金),ACKH62-BCUIG008,美元,債券型非投資等級債券型,2015/11/09,RR3,月配,2026/07/30,6.6465,0,0.44,3.85,19.21,,3.32,0.23,0.95,-,0.19億,,
群益全民安穩樂退組合A基金(累積型－美元)(本基金配息來源可能為本金),ACCA232-BSUCT008,美元,全球組合型債券型,2019/07/23,RR2,無,2026/07/30,11.1644,-0.48,-0.58,3.82,15.99,,7.04,0.11,0.39,-,0.05億,,
華南永昌Shiller US CAPER ETF組合基金(累積美元) (本基金之配息來源可能為本金),ACYC54-BLUHN002,美元,全球組合型股票型,2017/07/24,RR4,無,2026/07/30,20.82,-0.67,-1.42,3.74,25.42,,13.8,0.07,1,-,0.63億,,
華南永昌Shiller US CAPER ETF組合基金(月配美元) - (配現金) (本基金之配息來源可能為本金),ACYC56-BGUHN002,美元,全球組合型股票型,2017/07/24,RR4,月配,2026/07/30,14.64,-0.63,-1.42,3.68,25.25,,13.72,0.07,0.99,-,0.09億,,
富蘭克林華美全球非投資等級債券基金-美元A累積型(本基金之配息來源可能為本金),ACFT19-BNUFT016,美元,債券型非投資等級債券型,2013/10/21,RR3,無,2026/07/30,13.3445,-0.07,-0.04,3.62,20.68,,3.99,0.17,1.13,-,2.84億,,
富蘭克林華美全球非投資等級債券基金-美元B分配型 - (配現金)(本基金之配息來源可能為本金),ACFT20-BCUFT016,美元,債券型非投資等級債券型,2013/10/21,RR3,月配,2026/07/30,6.5545,-0.07,-0.04,3.62,20.68,,3.99,0.17,1.13,-,1.16億,,
宏利實質多重資產基金A類型(美元)(本基金有相當比重投資於非投資等級之高風險債券),ACAP186-BLUMA019,美元,多重資產型,2021/08/17,RR3,無,2026/07/30,10.2055,-1.19,0.08,3.59,13.73,,4.99,0.14,0.22,-,3.04億,,
富達亞洲非投資等級債券基金A股累積型人民幣計價避險級別,ACFD27-BLRFD045,人民幣,債券型非投資等級債券型,2017/10/30,RR4,無,2026/07/30,7.4842,1.3,0.15,3.52,12.56,,4.78,0.14,1.13,-,0.12億,,
富達亞洲非投資等級債券基金A股月配息型人民幣計價避險級別 - (配現金)(本基金之配息來源可能為本金),ACFD28-BCRFD046,人民幣,債券型非投資等級債券型,2017/10/30,RR4,月配,2026/07/30,3.3247,1.24,0.13,3.46,12.63,,4.76,0.14,1.13,-,0.52億,,
柏瑞全球策略非投資等級債券基金-B類型(美元) - (配現金)(本基金之配息來源可能為本金),ACAI124-BCUPB019,美元,債券型非投資等級債券型,2016/01/27,RR3,月配,2026/07/30,7.2974,0.21,-0.07,3.39,19.92,,3.89,0.16,1.09,-,1.00億,,
野村特別時機非投資等級債券基金-月配類型美元計價 - (配現金)(本基金配息來源可能為本金),ACKH209-BCUIG061,美元,債券型非投資等級債券型,2021/06/09,RR3,月配,2026/07/30,7.19,-0.17,-0.11,3.22,17.61,,4.39,0.13,1.17,-,5.45億,,
台新優先順位資產抵押非投資等級債券基金(月配息型)－美元 - (配現金)(本基金配息來源可能為本金),ACTT59-BCUTS018,美元,債券型非投資等級債券型,2019/04/29,RR3,月配,2026/07/30,7.9427,0.24,0.36,3.17,16.07,,3.73,0.15,1.06,-,0.98億,,
台新優先順位資產抵押非投資等級債券基金(累積型)－美元(本基金配息來源可能為本金),ACTT56-BNUTS017,美元,債券型非投資等級債券型,2019/04/29,RR3,無,2026/07/30,11.68,0.25,0.35,3.16,16.08,,3.74,0.15,1.06,-,0.31億,,
路博邁全球非投資等級債券基金T累積(美元)(本基金配息來源可能為本金),ACNB11-BNUNB024,美元,債券型非投資等級債券型,2018/07/30,RR3,無,2026/07/30,12.59,0.08,0,3.03,20.48,,3.92,0.13,1.11,-,0.29億,,
路博邁全球非投資等級債券基金T月配(美元) - (配現金)(本基金配息來源可能為本金),ACNB06-BCUNB025,美元,債券型非投資等級債券型,2018/07/30,RR3,月配,2026/07/30,5.83,0.03,0.08,2.94,20.59,,4.06,0.12,1.14,-,2.95億,,
摩根亞洲總合非投資等級債券基金-月配息型 - (配現金)(本基金之配息來源可能為本金),ACJF112-BCTJF003,台幣,債券型非投資等級債券型,2011/09/29,RR4,月配,2026/07/30,4.3356,0.96,0.1,2.82,5.62,,3.94,0.12,0.93,-,6.66億,,
聯博美國傘型基金之聯博美國多重資產收益基金-AI類型(人民幣) - (配現金)(本基金得投資於非投資等級之高風險債券且配息來源可能為本金),ACTI96-BGRAB039,人民幣,多重資產型,2021/01/26,RR3,月配,2026/07/30,11.35,-0.17,0.5,2.75,22.66,,11.65,0.05,0.83,-,5.37億,,
聯博美國傘型基金之聯博美國多重資產收益基金-AI類型(人民幣) - (配股數)(本基金得投資於非投資等級之高風險債券且配息來源可能為本金),ACTI96-BSRAB038,人民幣,多重資產型,2021/01/26,RR3,月配,2026/07/30,11.35,-0.17,0.5,2.75,22.66,,11.65,0.05,0.83,-,5.37億,,
復華全球短期收益基金-美元(本基金有一定比重得投資於非投資等級之高風險債券),ACFH66-BLUFH022,美元,債券型海外債券投資等級,2022/06/09,RR2,無,2026/07/30,11.1795,0.15,0,2.56,10.41,,2.15,0.18,0.56,-,0.53億,,
安聯目標收益基金-B類型(月配息)-人民幣 - (配現金)(本基金主要係投資於高風險非投資等級債券基金且配息來源可能為本金),ACDD45-BGRAL001,人民幣,全球組合型平衡型,2015/01/27,RR3,月配,2026/07/30,5.9343,0.02,-0.32,2.49,14.1,,4.9,0.04,0.94,-,1.90億,,
柏瑞特別股息收益基金-B類型 - (配現金)(本基金並無保證收益及配息且配息來源可能為本金),ACAI166-ECTPB003,台幣,跨國投資股票型全球市場,2017/01/23,RR3,月配,2026/07/30,6.13,-2.14,-2.97,2.44,6.35,,4.84,0.08,0.2,-,42.26億,,
柏瑞特別股息收益基金-A類型(本基金並無保證收益及配息),ACAI165-EQTPB003,台幣,跨國投資股票型全球市場,2017/01/23,RR3,無,2026/07/30,11.82,-2.15,-3.04,2.43,6.3,,4.82,0.08,0.19,-,7.84億,,
野村環球非投資等級債券基金-月配類型美元計價 - (配現金)(本基金配息來源可能為本金),ACKH31-BCUIG005,美元,債券型非投資等級債券型,2013/11/26,RR3,月配,2026/07/30,6.4225,0.75,0.23,2.33,16.7,,3.94,0.08,1.1,-,0.28億,,
安聯四季豐收債券組合基金-B類型(月配息)-人民幣 - (配現金)(本基金有一定比例之投資包含高風險非投資等級債券基金且配息來源可能為本金),ACDD37-BCRAL001,人民幣,全球組合型債券型,2014/10/16,RR3,月配,2026/07/30,7.3488,-0.37,-1.3,2.32,11.94,,4.99,0.04,1.17,-,4.94億,,
群益印度中小基金,ACCA30-EQTCT004,台幣,跨國投資股票型單一國家,2011/06/08,RR5,無,2026/07/30,31.07,3.91,1.8,2.04,28.23,,19.01,0.04,1.02,-,87.52億,,
安聯目標收益基金-A類型(累積)-人民幣(本基金主要係投資於高風險非投資等級債券基金),ACDD44-BSRAL001,人民幣,全球組合型平衡型,2015/01/27,RR3,無,2026/07/30,14.2913,0.02,-0.32,1.87,14.09,,4.9,0.04,0.94,-,0.28億,,
安聯四季豐收債券組合基金-A類型(累積)-人民幣(本基金有一定比例之投資包含高風險非投資等級債券基金),ACDD36-BNRAL001,人民幣,全球組合型債券型,2014/11/04,RR3,無,2026/07/30,15.1441,-0.37,-1.3,1.83,11.93,,4.99,0.04,1.17,-,0.92億,,
路博邁優質企業債券基金T月配(美元) - (配現金)(本基金有一定比重得投資於非投資等級之高風險債券且配息來源可能為本金),ACNB62-BCUNB016,美元,債券型海外債券投資等級,2020/01/17,RR2,月配,2026/07/30,7.58,-0.4,-1.15,1.76,14.17,,3.96,0.04,1.02,-,0.67億,,
路博邁優質企業債券基金T累積(美元)(本基金有一定比重得投資於非投資等級之高風險債券且配息來源可能為本金),ACNB61-BNUNB020,美元,債券型海外債券投資等級,2020/01/17,RR2,無,2026/07/30,10.58,-0.38,-1.21,1.73,14.13,,3.86,0.04,0.99,-,0.21億,,
施羅德中國非投資等級債券證券投資信託基金(人民幣)- 配息型 - (配現金)(本基金之配息來源可能為本金),ACES21-BCRSC001,人民幣,債券型非投資等級債券型,2013/05/24,RR4,月配,2026/07/30,1.2646,-0.02,-0.19,1.61,6.47,,2.69,0.04,0.73,-,1.91億,,
施羅德中國非投資等級債券證券投資信託基金(人民幣)- 累積型(本基金之配息來源可能為本金),ACES20-BNRSC001,人民幣,債券型非投資等級債券型,2013/05/24,RR4,無,2026/07/30,2.2936,-0.03,-0.21,1.57,6.74,,2.71,0.04,0.73,-,0.55億,,
原康健人壽標的＿兆豐寶鑽貨幣市場證券投資信託基金,ACAS08-CMTB0,台幣,國內貨幣市場型,2000/11/28,RR1,無,2026/07/31,13.3935,0.39,0.76,1.5,4.37,,0.03,2.4,0,-,829.37億,,
原康健人壽標的＿元大得利貨幣市場基金,ACKY02-CGTM1,台幣,國內貨幣市場型,1995/09/21,RR1,無,2026/07/31,17.4007,0.39,0.76,1.47,4.32,,0.04,1.87,0,-,405.02億,,
原康健人壽標的＿元大萬泰貨幣市場證券投資信託基金,ACYT08-CGTM0,台幣,國內貨幣市場型,1997/02/19,RR1,無,2026/07/31,16.1401,0.4,0.76,1.46,4.3,,0.04,1.72,0,-,333.24億,,
元大萬泰貨幣市場基金,ACYT08-MMTPL006,台幣,國內貨幣市場型,1997/02/19,RR1,無,2026/07/31,16.1401,0.4,0.76,1.46,4.3,,0.04,1.72,0,-,333.24億,,
野村全球金融收益基金-累積類型美元計價(本基金之配息來源可能為本金且並無保證收益及配息),ACKH114-BNUIG030,美元,債券型海外債券投資等級,2018/08/21,RR2,無,2026/07/30,11.4912,-0.78,-1.85,1.4,13.12,,4.69,0.02,1.27,-,4.36億,,
野村全球金融收益基金-月配類型美元計價 - (配現金)(本基金之配息來源可能為本金且並無保證收益及配息),ACKH117-BCUIG031,美元,債券型海外債券投資等級,2018/08/21,RR2,月配,2026/07/30,7.5785,-0.78,-1.85,1.38,13.08,,4.69,0.02,1.27,-,3.35億,,
野村全球金融收益基金-月配類型美元計價 - (配股數)(本基金之配息來源可能為本金且並無保證收益及配息),ACKH117-BNUIG051,美元,債券型海外債券投資等級,2018/08/21,RR2,月配,2026/07/30,7.5785,-0.78,-1.85,1.38,13.08,,4.69,0.02,1.27,-,3.35億,,
瀚亞中國A股基金-人民幣,ACCP78-EQRPC033,人民幣,跨國投資股票型單一國家,2015/10/01,RR5,無,2026/07/30,17.8,-5.72,-16.55,1.37,1.83,,22.69,0.03,0.69,-,1.73億,,
聯博全球非投資等級債券基金-TA類型(人民幣) - (配現金)(基金之配息來源可能為本金及收益平準金),ACTI45-BCRAB001,人民幣,債券型非投資等級債券型,2015/04/02,RR3,月配,2026/07/30,7.17,0.33,-0.15,1.37,13.36,,4.16,0.01,0.77,-,52.29億,,
聯博全球非投資等級債券基金-TA類型(人民幣) - (配股數)(基金之配息來源可能為本金及收益平準金),ACTI45-BNRAB001,人民幣,債券型非投資等級債券型,2015/04/02,RR3,月配,2026/07/30,7.17,0.33,-0.15,1.37,13.36,,4.16,0.01,0.77,-,52.29億,,
聯博美國傘型基金之聯博美國成長入息基金-AI類型(人民幣) - (配現金)(本基金配息來源可能為本金且並無保證收益及配息),ACTI101-ECRAB041,人民幣,跨國投資股票型單一國家,2021/01/26,RR4,月配,2026/07/30,14.31,-0.27,0.67,1.36,35.55,,19.49,0.03,1.37,-,8.43億,,
聯博美國傘型基金之聯博美國成長入息基金-AI類型(人民幣) - (配股數)(本基金配息來源可能為本金且並無保證收益及配息),ACTI101-EQRAB040,人民幣,跨國投資股票型單一國家,2021/01/26,RR4,月配,2026/07/30,14.31,-0.27,0.67,1.36,35.55,,19.49,0.03,1.37,-,8.43億,,
柏瑞ESG量化債券基金-A類型(美元)(本基金有一定比重投資於非投資等級之高風險債券),ACAI274-BNUPB017,美元,債券型海外債券投資等級,2020/01/30,RR2,無,2026/07/30,10.1283,-0.13,-1.67,1.26,11.9,,4.47,0.01,1.18,-,2.46億,,
柏瑞ESG量化債券基金-B類型(美元) - (配現金)(本基金有一定比重得投資於非投資等級之高風險債券且配息來源可能為本金),ACAI275-BCUPB018,美元,債券型海外債券投資等級,2020/01/30,RR2,月配,2026/07/30,7.0104,-0.13,-1.67,1.25,11.89,,4.47,0.01,1.18,-,4.23億,,
野村全天候環球債券基金-月配類型美元計價 - (配現金)(本基金有一定比重投資於非投資等級之高風險債券且配息來源可能為本金),ACKH295-BCUIG081,美元,全球組合型債券型,2025/03/03,RR2,月配,2026/07/30,9.6173,-0.76,-1.62,1.23,-,,4.76,0.01,1.28,-,0.27億,,
柏瑞多重資產特別收益基金-A類型(美元)(本基金有相當比重投資於非投資等級之高風險債券),ACAI189-BSUPB023,美元,多重資產型,2018/01/31,RR3,無,2026/07/30,12.4039,-1.59,-1.58,1.1,13.26,,5.04,0,1.4,-,1.36億,,
柏瑞多重資產特別收益基金-B類型(美元) - (配現金)(本基金有相當比重投資於非投資等級之高風險債券且配息來源可能為本金),ACAI193-BGUPB024,美元,多重資產型,2018/01/31,RR3,月配,2026/07/30,6.8018,-1.6,-1.59,1.09,13.26,,5.05,0,1.4,-,2.92億,,
原康健人壽標的＿兆豐人民幣貨幣市場證券投資信託基金,ACII30-CMCM0,人民幣,海外貨幣市場型,2014/03/20,RR1,無,2026/07/31,13.6777,0.25,0.51,1.02,5.18,,0.02,-3.03,0,-,3.38億,,
安聯特別收益多重資產基金- B類型(月配息)-美元 - (配現金)(本基金有相當比重投資於非投資等級之高風險債券且配息來源可能為本金),ACDD116-BGUAL053,美元,多重資產型,2020/07/21,RR3,月配,2026/07/30,7.55,-1.53,-2.01,0.92,14.01,,4.41,-0.05,0.23,-,1.35億,,
安聯特別收益多重資產基金- B類型(月配息)-美元 - (配股數)(本基金有相當比重投資於非投資等級之高風險債券且配息來源可能為本金),ACDD116-BSUAL051,美元,多重資產型,2020/07/21,RR3,月配,2026/07/30,7.55,-1.53,-2.01,0.92,14.01,,4.41,-0.05,0.23,-,1.35億,,
元大人民幣貨幣市場基金-人民幣,ACYT57-MMRPL001,人民幣,海外貨幣市場型,2014/06/27,RR1,無,2026/07/30,13.246,0.21,0.43,0.91,4.79,,0.02,-4.43,0,-,3.06億,,
安聯美國短年期非投資等級債券基金- B類型(月配息)-人民幣 - (配現金)(基金之配息來源可能為本金),ACDD93-BCRAL035,人民幣,債券型非投資等級債券型,2019/05/03,RR3,月配,2026/07/30,6.8974,-0.05,-0.62,0.65,-0.06,,2.36,-0.15,0.66,-,1.97億,,
安聯美國短年期非投資等級債券基金- B類型(月配息)-人民幣 - (配股數)(基金之配息來源可能為本金),ACDD93-BNRAL038,人民幣,債券型非投資等級債券型,2019/05/03,RR3,月配,2026/07/30,6.8974,-0.05,-0.62,0.65,-0.06,,2.36,-0.15,0.66,-,1.97億,,
摩根亞洲總合非投資等級債券基金-月配息型(人民幣) - (配現金)(本基金之配息來源可能為本金),ACJF122-BCRJF002,人民幣,債券型非投資等級債券型,2015/01/07,RR4,月配,2026/07/30,5.5632,0.38,-0.8,0.61,6.8,,3.94,-0.04,0.89,-,0.21億,,
路博邁全球非投資等級債券基金T月配(人民幣) - (配現金)(本基金配息來源可能為本金),ACNB07-BCRNB027,人民幣,債券型非投資等級債券型,2018/07/30,RR3,月配,2026/07/30,5.29,-0.44,-1.02,0.6,11.87,,3.9,-0.04,1.09,-,0.85億,,
路博邁全球非投資等級債券基金T累積(人民幣)(本基金配息來源可能為本金),ACNB12-BNRNB026,人民幣,債券型非投資等級債券型,2018/07/30,RR3,無,2026/07/30,12.01,-0.58,-1.15,0.5,11.83,,3.88,-0.05,1.09,-,0.20億,,
瀚亞全球非投資等級債券基金B-人民幣 - (配現金)(本基金配息來源可能為本金),ACCP48-BCRPC001,人民幣,債券型非投資等級債券型,2014/09/25,RR3,月配,2026/07/30,4.2951,-0.22,-0.9,-0.25,11.35,,2.7,-0.15,0.76,-,1.86億,,
野村環球非投資等級債券基金-累積類型人民幣計價(本基金配息來源可能為本金),ACKH34-BNRIG001,人民幣,債券型非投資等級債券型,2014/09/25,RR3,無,2026/07/30,13.925,0.31,-0.93,-0.26,11.1,,3.64,-0.11,1.01,-,0.28億,,
野村環球非投資等級債券基金-月配類型人民幣計價 - (配現金)(本基金配息來源可能為本金),ACKH35-BCRIG001,人民幣,債券型非投資等級債券型,2014/09/25,RR3,月配,2026/07/30,6.2688,0.22,-1.07,-0.58,10.89,,3.65,-0.14,1.01,-,1.31億,,
路博邁優質企業債券基金T月配(人民幣) - (配現金)(本基金有一定比重得投資於非投資等級之高風險債券且配息來源可能為本金),ACNB66-BCRNB018,人民幣,債券型海外債券投資等級,2020/01/17,RR2,月配,2026/07/30,6.99,-0.89,-2.28,-0.64,5.95,,3.78,-0.14,0.99,-,0.49億,,
路博邁優質企業債券基金T累積(人民幣)(本基金有一定比重得投資於非投資等級之高風險債券且配息來源可能為本金),ACNB65-BNRNB021,人民幣,債券型海外債券投資等級,2020/01/17,RR2,無,2026/07/30,10.04,-0.99,-2.24,-0.69,5.91,,3.75,-0.14,0.98,-,0.43億,,
柏瑞特別股息收益基金-B類型(美元) - (配現金)(本基金並無保證收益及配息且配息來源可能為本金),ACAI168-ECUPB005,美元,跨國投資股票型全球市場,2017/01/23,RR3,月配,2026/07/30,6.77,-3.26,-4.05,-1.15,9.15,,5.71,-0.11,0.3,-,34.88億,,
柏瑞特別股息收益基金-A類型(美元)(本基金並無保證收益及配息),ACAI167-EQUPB005,美元,跨國投資股票型全球市場,2017/01/23,RR3,無,2026/07/30,12.8,-3.32,-4.12,-1.16,9.22,,5.75,-0.11,0.3,-,6.11億,,
富蘭克林華美全球非投資等級債券基金-人民幣B分配型- (配現金)(本基金之配息來源可能為本金),ACFT26-BCRFT001,人民幣,債券型非投資等級債券型,2014/10/01,RR3,月配,2026/07/30,6.655,-0.95,-2.12,-1.3,10.76,,3.1,-0.23,0.88,-,1.02億,,
台新中國傘型基金之台新中証消費服務領先指數基金-美元,ACTT52-EQUTS016,美元,跨國投資指數型,2018/05/03,RR5,無,2026/07/30,0.5795,-3.88,-4.5,-1.4,-5.03,,15.2,-0.03,0.69,-,6.19億,,
野村特別時機非投資等級債券基金-月配類型人民幣計價 - (配現金)(本基金配息來源可能為本金),ACKH213-BCRIG060,人民幣,債券型非投資等級債券型,2021/06/09,RR3,月配,2026/07/30,7.0387,-1.09,-2.13,-1.42,8.44,,3.78,-0.2,0.98,-,0.83億,,
柏瑞ESG量化債券基金-B類型(人民幣) - (配現金)(本基金有一定比重得投資於非投資等級之高風險債券且配息來源可能為本金),ACAI271-BCRPB016,人民幣,債券型海外債券投資等級,2020/01/30,RR2,月配,2026/07/30,6.358,-0.81,-2.97,-1.65,4.07,,4.26,-0.19,1.13,-,1.07億,,
瀚亞印度基金Ａ類型-美元,ACCP79-EQUPC010,美元,跨國投資股票型單一國家,2015/10/01,RR5,無,2026/07/30,25.02,7.89,2.12,-1.88,28.84,,21.95,-0.01,1.19,-,1.88億,,
野村全球金融收益基金-累積類型人民幣計價(本基金之配息來源可能為本金且並無保證收益及配息),ACKH115-BNRIG052,人民幣,債券型海外債券投資等級,2018/08/21,RR2,無,2026/07/30,11.1239,-1.43,-3.25,-2.05,5.59,,4.32,-0.21,1.16,-,1.01億,,
柏瑞多重資產特別收益基金-A類型(人民幣)(本基金有相當比重投資於非投資等級之高風險債券),ACAI190-BSRPB025,人民幣,多重資產型,2018/01/31,RR3,無,2026/07/30,11.9794,-2.28,-2.95,-2.09,5.19,,4.63,-0.2,1.28,-,0.12億,,
柏瑞多重資產特別收益基金-B類型(人民幣) - (配現金)(本基金有相當比重投資於非投資等級之高風險債券且配息來源可能為本金),ACAI194-BGRPB026,人民幣,多重資產型,2018/01/31,RR3,月配,2026/07/30,6.0547,-2.28,-2.96,-2.1,5.22,,4.63,-0.2,1.28,-,1.25億,,
野村全球金融收益基金-月配類型人民幣計價 - (配現金)(本基金之配息來源可能為本金且並無保證收益及配息),ACKH118-BCRIG053,人民幣,債券型海外債券投資等級,2018/08/21,RR2,月配,2026/07/30,7.4275,-1.49,-3.38,-2.3,5.32,,4.27,-0.23,1.14,-,1.63億,,
野村全球金融收益基金-月配類型人民幣計價 - (配股數)(本基金之配息來源可能為本金且並無保證收益及配息),ACKH118-BNRIG054,人民幣,債券型海外債券投資等級,2018/08/21,RR2,月配,2026/07/30,7.4275,-1.49,-3.38,-2.3,5.32,,4.27,-0.23,1.14,-,1.63億,,
群益全球優先順位非投資等級債券基金B(月配型-人民幣) - (配現金)(本基金配息來源可能為本金),ACCA195-BCRCT006,人民幣,債券型非投資等級債券型,2018/04/30,RR3,月配,2026/07/30,7.1395,-0.35,-2.03,-2.31,11.17,,2.72,-0.37,0.71,-,0.38億,,
宏利澳洲優選債券收益基金B月配息美元避險 - (配現金)(本基金有一定比重得投資於非投資等級之高風險債券且配息來源可能為本金),ACIB28-BCUAD016,美元,債券型海外債券投資等級,2019/05/29,RR2,月配,2026/07/30,7.7856,2.97,-0.65,-2.31,8.87,,4.43,-0.23,0.77,-,0.83億,,
富蘭克林華美特別股收益基金-美元B分配型 - (配現金)(本基金之配息來源可能為本金),ACFT79-ECUFT034,美元,跨國投資股票型全球市場,2018/04/09,RR3,月配,2026/07/30,6.68,-3.71,-4.7,-2.77,4.17,,5.69,-0.2,0.3,-,1.55億,,
柏瑞特別股息收益基金-A類型(人民幣)(本基金並無保證收益及配息),ACAI169-EQRPB008,人民幣,跨國投資股票型全球市場,2017/01/23,RR3,無,2026/07/30,12.56,-3.98,-5.49,-4.12,1.62,,5.5,-0.28,0.28,-,1.45億,,
柏瑞特別股息收益基金-B類型(人民幣) - (配現金)(本基金並無保證收益及配息且配息來源可能為本金),ACAI170-ECRPB009,人民幣,跨國投資股票型全球市場,2017/01/23,RR3,月配,2026/07/30,6.04,-3.95,-5.4,-4.13,1.69,,5.53,-0.28,0.29,-,8.50億,,
中國信託越南機會基金-美元,ACDS95-EQUCB009,美元,跨國投資股票型單一國家,2020/08/25,RR5,無,2026/07/30,12.6,-6.53,-11.45,-10.38,-2.4,,22.49,-0.13,0.95,-,58.51億,,
東方匯理全球多重資產成長收益證券投資信託基金-AD 月配型(美元) - (配現金)(本基金之配息來源可能為本金),ACCF296-BGUPI034,美元,多重資產型,2025/11/03,RR3,月配,2026/07/30,9.96,0.97,2.19,-,-,,-,-,-,-,0.81億,,
瀚亞環球智慧數據股息基金B配息(美元) - (配現金)(本基金配息來源可能為本金且基金並無保證收益及配息),ACCP230-ECUPC048,美元,跨國投資股票型全球市場,2025/09/09,RR3,月配,2026/07/30,10.8,3,7.22,-,-,,-,-,-,-,1.59億,,
東方匯理全球策略收益證券投資信託基金-AD 月配型(新臺幣) - (配現金)(本基金之配息來源可能為本金),ACCF306-BCTPI037,台幣,債券型海外債券投資等級,2026/03/23,RR2,月配,2026/07/30,10.19,3.09,-,-,-,,-,-,-,-,2.85億,,
東方匯理全球多重資產成長收益證券投資信託基金-AD 月配型(新臺幣) - (配現金)(本基金之配息來源可能為本金),ACCF295-BGTPI035,台幣,多重資產型,2025/11/03,RR3,月配,2026/07/30,10.48,3.45,5.42,-,-,,-,-,-,-,1.02億,,
東方匯理全球策略收益證券投資信託基金-AD 月配型(美元) - (配現金)(本基金之配息來源可能為本金),ACCF310-BCUPI036,美元,債券型海外債券投資等級,2026/03/23,RR2,月配,2026/07/30,10.08,0.58,-,-,-,,-,-,-,-,1.39億,,
瀚亞環球智慧數據股息基金B配息(美元) - (配股數)(本基金配息來源可能為本金且基金並無保證收益及配息),ACCP230-EQUPC049,美元,跨國投資股票型全球市場,2025/09/09,RR3,月配,2026/07/30,10.8,3,7.22,-,-,,-,-,-,-,1.59億,,
瀚亞環球智慧數據股息基金B配息(台幣) - (配現金)(本基金配息來源可能為本金且基金並無保證收益及配息),ACCP225-ECTPC046,台幣,跨國投資股票型全球市場,2025/09/09,RR3,月配,2026/07/30,11.56,5.7,10.55,-,-,,-,-,-,-,3.29億,,
瀚亞環球智慧數據股息基金B配息(台幣) - (配股數)(本基金配息來源可能為本金且基金並無保證收益及配息),ACCP225-EQTPC047,台幣,跨國投資股票型全球市場,2025/09/09,RR3,月配,2026/07/30,11.56,5.7,10.55,-,-,,-,-,-,-,3.29億,,
原康健人壽標的＿富蘭克林坦伯頓全球投資系列－生技領航基金,FLZ81-CKUSU,美元,生物科技,2000/04/03,RR4,無,2026/07/31,69.04,11.72,16.33,69.8,102.05,,19.31,0.82,1.15,-,1875百萬,,
富蘭克林坦伯頓全球投資系列-生技領航基金A(acc)股,FLZ81-EQUFT006,美元,生物科技,2000/04/03,RR4,無,2026/07/31,69.04,11.72,16.33,69.8,102.05,,19.31,0.82,1.15,-,1875百萬,,
原康健人壽標的＿富蘭克林黃金基金(本基金之配息來源可能為本金),FLZ01-CKUS6,美元,貴重金屬,1969/05/19,RR5,年配,2026/07/31,40.43,-17.99,-20.8,64.07,201.36,,50.83,0.35,0.99,-,3483百萬,,
原康健人壽標的＿百達－生物科技－R美元,PIC03-CPUS1,美元,生物科技,2000/06/28,RR4,無,2026/07/30,1287.09,13.21,14.55,63.24,88.94,,20.34,0.72,1.03,-,2352百萬,,
百達-生物科技-R 美元,PIC03-EQUPA006,美元,生物科技,2000/06/28,RR4,無,2026/07/30,1287.09,13.21,14.55,63.24,88.94,,20.34,0.72,1.03,-,2352百萬,,
原康健人壽標的＿百達－生物科技－R歐元,PIC04-CPES1,歐元,生物科技,2006/06/14,RR4,無,2026/07/30,1116.8,14.86,18.32,62.44,80.63,,22.22,0.66,1.02,-,2064百萬,,
晉達環球策略基金 - 環球黃金基金 C 收益股份,GSF17-EQUIN004,美元,貴重金屬,2004/12/23,RR5,無,2026/07/30,153.7,-10.67,-21.14,61.53,167.82,,51.37,0.34,0.99,-,1300百萬,,
瀚亞投資-日本動力股票基金A (美元避險),IOFA4-EQUPC009,美元,股票型,2013/09/09,RR4,無,2026/07/31,61.631,15.32,24.55,61.22,114.67,,19.01,0.75,0.43,-,"479,411百萬",,
施羅德環球基金系列－環球黃金(美元)A-累積,PYZQ4-EQUSC043,美元,貴重金屬,2016/06/29,RR5,無,2026/07/30,355.412,-17.51,-23.17,59.07,219.7,,49.08,0.34,0.93,-,"1,861百萬",,
摩根太平洋科技基金,JFZ57-EQUJF005,美元,資訊科技股,1997/08/15,RR5,無,2026/07/30,158.25,5.34,16.85,56.89,93.39,,46.91,0.34,1.08,-,"1,917百萬",,
摩根南韓基金,JFZ11-EQUJF010,美元,股票型,1991/12/11,RR5,無,2026/07/30,138.35,-14.99,1,56.88,92.07,,58.21,0.3,0.8,-,748百萬,,
安聯亞洲不含中國股票基金-A配息類股(美元)(基金之配息來源可能為本金),TLZ26-EQUAL004,美元,股票型,1986/05/09,RR5,年配,2026/07/31,128.9335,4.26,29.09,56.72,89.79,,46.51,0.33,1.82,-,99百萬,,
原康健人壽標的＿貝萊德全球系列基金－世界礦業基金,SHZ19-CLUS2,美元,天然資源,1997/03/24,RR4,無,2026/07/31,101.69,-5.69,-8.99,55.39,54.19,,32.53,0.43,0.15,-,"7,754百萬",,
貝萊德世界礦業基金 A2 美元,SHZ19-EQUML004,美元,天然資源,1997/03/24,RR4,無,2026/07/31,101.69,-5.69,-8.99,55.39,54.19,,32.53,0.43,0.15,-,"7,754百萬",,
安本基金-未來礦業基金 A 累積 美元,ANZ99-EQUAD010,美元,原物料,2010/07/26,RR4,無,2026/07/31,27.1459,-3.72,-4.59,54.71,51.2,,30.97,0.44,1.03,-,267百萬,,
貝萊德世界礦業基金 A2 歐元,SHZ54-EQEML012,歐元,天然資源,1997/03/24,RR4,無,2026/07/31,88.69,-3.83,-5.53,54.65,48.46,,28.84,0.47,0.12,-,"7,754百萬",,
施羅德環球基金系列－環球黃金(歐元避險)A-累積,PYZR0-EQUSC044,歐元,貴重金屬,2016/06/29,RR5,無,2026/07/30,266.6919,-18.07,-24.34,54.03,193.8,,48.89,0.32,0.93,-,"1,861百萬",,
新加坡大華黃金及綜合基金(美元),UOB22-EQUUO003,美元,貴重金屬,1995/07/28,RR5,無,2026/07/30,2.9644,-11.36,-21.37,53.43,132.68,,47.03,0.32,0.9,-,138百萬,,
貝萊德新興歐洲基金 A2 美元 II,SHZX8-EQUML097,美元,股票型,2024/05/13,RR5,無,2026/07/31,121.08,3.23,17.54,51.37,-,,35.99,0.38,1.7,-,402百萬,,
原康健人壽標的＿富達基金－亞洲成長趨勢基金（現金配息）,FTZF7-CFUSQ,美元,股票型,1994/10/03,RR5,年配,2026/07/31,90.54,3.29,17.46,50.38,75.96,,38.07,0.35,1.48,-,"3,111百萬",,
原康健人壽標的＿富達基金－亞洲成長趨勢基金（單位數配息）,FTZF7-CFUSR,美元,股票型,1994/10/03,RR5,年配,2026/07/31,90.54,3.29,17.46,50.38,75.96,,38.07,0.35,1.48,-,"3,111百萬",,
原康健人壽標的＿富達基金－亞洲成長趨勢基金,FTZF8-CFUSP,美元,股票型,2006/09/25,RR5,無,2026/07/31,47.99,3.27,17.45,50.34,75.92,,38.06,0.35,1.48,-,"3,111百萬",,
富達基金—亞洲成長趨勢基金 (A股累計美元),FTZF8-EQUFD018,美元,股票型,2006/09/25,RR5,無,2026/07/31,47.99,3.27,17.45,50.34,75.92,,38.06,0.35,1.48,-,"3,111百萬",,
安本環球-新興市場股票基金,ANZ45-EQUAD006,美元,股票型,2003/06/30,RR5,無,2026/07/31,116.5047,6.92,15.54,48.98,68.67,,28.64,0.43,1.47,-,868百萬,,
聯博-亞洲股票基金AD股美元(基金之配息來源可能為本金),ALB11-EQUAB009,美元,股票型,2009/11/30,RR5,月配,2026/07/31,22.8,4.32,11.11,48.22,83.51,,32.49,0.39,1.35,-,474百萬,,
原康健人壽標的＿貝萊德全球系列基金－世界黃金基金,SHZ18-CLUS3,美元,貴重金屬,1994/12/30,RR5,無,2026/07/31,86.15,-15.88,-24.84,47.85,147.2,,45.68,0.3,0.88,-,"10,886百萬",,
貝萊德世界黃金基金 A2 美元,SHZ18-EQUML010,美元,貴重金屬,1994/12/30,RR5,無,2026/07/31,86.15,-15.88,-24.84,47.85,147.2,,45.68,0.3,0.88,-,"10,886百萬",,
瀚亞投資-日本動力股票基金A (美元),IOFA3-EQUPC045,美元,股票型,2011/02/07,RR4,無,2026/07/31,35.519,12.79,19.03,47.8,70.33,,20.75,0.56,0.38,-,"479,411百萬",,
富蘭克林坦伯頓全球投資系列-新興國家基金美元A (Ydis)股,FLZ24-EQUFT010,美元,股票型,1991/02/28,RR5,年配,2026/07/31,75.83,5.86,13.21,47.59,88.89,,26.78,0.45,1.28,-,2546百萬,,
貝萊德新興歐洲基金 A2 歐元 II,SHZX9-EQEML091,歐元,股票型,2024/05/13,RR5,無,2026/07/31,107.41,2.57,15.72,47.18,-,,36.14,0.35,1.71,-,402百萬,,
聯博-亞洲股票基金AD股澳幣避險(基金之配息來源可能為本金),ALB09-EQAAB003,澳幣,股票型,2010/06/30,RR5,月配,2026/07/31,18.52,4.23,10.92,46.73,75.06,,32.63,0.38,1.35,-,474百萬,,
聯博-國際科技基金 A股美元,ALZ03-EQUAB003,美元,資訊科技股,1995/10/02,RR4,無,2026/07/31,1471.08,2.55,19.98,46.65,127.73,,35.82,0.35,1.19,-,"3,849百萬",,
貝萊德世界黃金基金 A10美元(總報酬穩定配息) - (配現金)(基金之配息來源可能為本金),SHZV6-ECUML040,美元,貴重金屬,2022/10/19,RR5,月配,2026/07/31,24.09,-16.68,-25.5,46.49,144.73,,45.81,0.3,0.88,-,"10,886百萬",,
安聯亞洲總回報股票基金-AM穩定月收類股(美元) - (配現金)(基金之配息來源可能為本金),TLZ65-ECUAL001,美元,股票型,2014/02/04,RR5,月配,2026/07/31,17.0152,6.53,17.35,45.58,68.32,,29.78,0.4,1.25,-,471百萬,,
安聯亞洲總回報股票基金─A配息類股 (美元)(基金之配息來源可能為本金),TLH03-EQUAL002,美元,股票型,2004/05/28,RR5,年配,2026/07/31,54.3241,6.53,17.34,45.54,68.27,,29.79,0.4,1.25,-,471百萬,,
瑞銀 (盧森堡) 生化股票基金 (美元),SBZ36-EQUBS002,美元,生物科技,1996/10/15,RR4,無,2026/07/29,992.48,12.03,7.83,45.46,43.94,,19.72,0.57,1.06,-,469百萬,,
安本基金-日本永續股票基金 A 累積 日圓,ANZ33-EQJAD001,日圓,股票型,1988/04/26,RR4,無,2026/07/31,1228.0816,8.49,17.26,45.28,90.38,,24.6,0.46,0.71,-,"98,870百萬",,
原康健人壽標的＿富蘭克林坦伯頓全球投資系列－亞洲成長基金（單位數配息）,FLZ25-CKUS1,美元,股票型,1991/04/16,RR5,年配,2026/07/31,54.59,9.33,16.9,44.95,68.8,,28.98,0.4,1.15,-,2498百萬,,
原康健人壽標的＿富蘭克林坦伯頓全球投資系列－亞洲成長基金（現金配息）,FLZ25-CKUSL,美元,股票型,1991/04/16,RR5,年配,2026/07/31,54.59,9.33,16.9,44.95,68.8,,28.98,0.4,1.15,-,2498百萬,,
富蘭克林坦伯頓全球投資系列-亞洲成長基金美元A (Ydis)股,FLZ25-EQUFT005,美元,股票型,1991/04/16,RR5,年配,2026/07/31,54.59,9.33,16.9,44.95,68.8,,28.98,0.4,1.15,-,2498百萬,,
原康健人壽標的＿摩根基金－環球天然資源基金,JFH30-CBUS6,美元,天然資源,2006/09/12,RR4,無,2026/07/30,22.17,-4.19,0.32,44.81,62.66,,22.77,0.49,0.53,-,"1,260百萬",,
摩根基金－環球天然資源基金 - JPM 環球天然資源(美元)－A股(累計),JFH30-EQUJF019,美元,天然資源,2006/09/12,RR4,無,2026/07/30,22.17,-4.19,0.32,44.81,62.66,,22.77,0.49,0.53,-,"1,260百萬",,
富達基金-新興市場基金,FTZ02-EQUFD007,美元,股票型,1993/10/18,RR5,年配,2026/07/31,47.94,0.82,12.09,44.66,70.42,,29.65,0.39,1.41,-,"4,209百萬",,
瀚亞投資-亞洲股票收益基金Azdmc1(南非幣避險穩定月配) - (配現金)(本基金配息來源可能為本金),IOF76-ECZPC002,南非幣,股票型,2014/02/14,RR4,月配,2026/07/31,11.205,5.86,12.59,44.54,86.7,,25.83,0.44,1.07,-,735百萬,,
摩根基金－環球天然資源基金 - JPM 環球天然資源(歐元)－A股(分派)(本基金之配息來源可能為本金),JFZ74-EQEJF002,歐元,天然資源,2005/03/14,RR4,年配,2026/07/30,23.08,-2.82,3.64,44.11,55.39,,20.15,0.54,0.53,-,"1,260百萬",,
安聯亞洲總回報股票基金-AM穩定月收類股(澳幣避險) - (配現金)(基金之配息來源可能為本金),TLZ66-ECAAL001,澳幣,股票型,2014/02/04,RR5,月配,2026/07/31,14.4199,6.38,16.77,43.84,59.98,,29.69,0.39,1.24,-,471百萬,,
施羅德環球基金系列－環球能源(美元)A1-累積,PYZE3-EQUSC011,美元,能源,2006/06/30,RR5,無,2026/07/30,26.3076,-4.86,19.36,43.01,57.49,,23.5,0.46,0.93,-,691百萬,,
原康健人壽標的＿施羅德環球基金系列－環球能源,PYZF1-CRES2,歐元,能源,2007/01/12,RR5,無,2026/07/30,22.7995,-3.05,23.93,42.99,51.1,,24.4,0.45,0.95,-,691百萬,,
施羅德環球基金系列－環球能源(歐元)A1-累積,PYZF1-EQESC013,歐元,能源,2007/01/12,RR5,無,2026/07/30,22.7995,-3.05,23.93,42.99,51.1,,24.4,0.45,0.95,-,691百萬,,
瀚亞投資-亞洲股票收益基金Admc1(美元穩定月配) - (配現金)(本基金配息來源可能為本金),IOF74-ECUPC012,美元,股票型,2014/02/14,RR4,月配,2026/07/31,9.915,5.5,12.07,42.61,77.47,,25.85,0.42,1.07,-,735百萬,,
法巴日本股票基金 C (日幣),PAZ11-EQJBN001,日圓,股票型,1990/03/27,RR4,無,2026/07/30,14643,6.92,14.98,42.23,92.75,,19.66,0.53,0.57,-,88276百萬,,
富達基金－日本價值基金 (A股累計美元避險),FTZN10-EQUFD049,美元,股票型,2014/01/10,RR4,無,2026/07/31,51.51,1.22,10.75,42.06,108.46,,25.74,0.42,0.68,-,"669,284百萬",,
晉達環球策略基金 - 環球天然資源基金 C 收益股份,GSF26-EQUIN006,美元,天然資源,2008/01/31,RR4,年配,2026/07/30,21.07,-4.92,0.72,41.98,61.09,,22.34,0.47,0.57,-,2200百萬,,
聯博-新興市場價值基金A股美元,ALZZ5-EQUAB010,美元,股票型,2010/02/26,RR5,無,2026/07/31,88.57,3.72,11.27,41.67,69.38,,25.98,0.41,1.18,-,440百萬,,
摩根基金 - 全方位新興市場基金 - JPM全方位新興市場(美元) - A股(分派) - (配現金)(本基金之配息來源可能為本金),JFH07-ECUJF005,美元,股票型,1994/04/13,RR5,年配,2026/07/30,63.21,1.25,9.25,41.34,60.71,,26.92,0.4,1.32,-,"5,648百萬",,
原康健人壽標的＿富蘭克林坦伯頓全球投資系列－天然資源基金,FLZB3-CKUSH,美元,天然資源,2007/07/12,RR4,無,2026/07/31,12.25,-4.97,5.42,40.97,46.36,,18.02,0.56,0.49,-,407百萬,,
富蘭克林坦伯頓全球投資系列-天然資源基金美元A(acc)股,FLZB3-EQUFT015,美元,天然資源,2007/07/12,RR4,無,2026/07/31,12.25,-4.97,5.42,40.97,46.36,,18.02,0.56,0.49,-,407百萬,,
瀚亞投資-亞洲股票收益基金Aadmc1(澳幣避險穩定月配) - (配現金)(本基金配息來源可能為本金),IOF75-ECAPC001,澳幣,股票型,2014/02/14,RR4,月配,2026/07/31,8.867,5.29,11.47,40.92,68.73,,25.77,0.41,1.06,-,735百萬,,
原康健人壽標的＿施羅德環球基金系列－日本優勢,PYZE7-CRJS1,日圓,股票型,2006/12/01,RR4,無,2026/07/30,4364.3211,5.59,14.6,40.34,80.17,,20.26,0.5,0.45,-,"77,659百萬",,
富蘭克林坦伯頓全球投資系列-拉丁美洲基金美元A (acc)股,FLH19-EQUFT004,美元,股票型,2001/05/14,RR5,無,2026/07/31,91.44,-3.97,1.55,39.69,32.77,,19.16,0.52,0.84,-,699百萬,,
原康健人壽標的＿富蘭克林坦伯頓全球投資系列－拉丁美洲基金（單位數配息）(本基金於2018/9/21起，停止開放新申購),FLZ28-CKUSB,美元,股票型,1991/02/28,RR5,年配,2026/07/31,62.7,-3.98,1.55,39.67,32.73,,19.16,0.52,0.84,-,699百萬,,
原康健人壽標的＿富蘭克林坦伯頓全球投資系列－拉丁美洲基金（現金配息）(本基金於2018/9/21起，停止開放新申購),FLZ28-CKUSN,美元,股票型,1991/02/28,RR5,年配,2026/07/31,62.7,-3.98,1.55,39.67,32.73,,19.16,0.52,0.84,-,699百萬,,
富蘭克林坦伯頓全球投資系列-拉丁美洲基金美元A (Ydis)股,FLZ28-EQUFT003,美元,股票型,1991/02/28,RR5,年配,2026/07/31,62.7,-3.98,1.55,39.67,32.73,,19.16,0.52,0.84,-,699百萬,,
高盛基金III - 高盛亞洲收益基金X股對沖級別澳幣(月配息) - (配現金)(本基金之配息來源可能為本金且並無保證收益及配息),ANZD11-ECAIG003,澳幣,股票型,2013/11/04,RR5,月配,2026/07/30,228.3,-8.68,5.08,39.54,79.82,,26.58,0.39,0.77,-,239百萬,,
聯博-新興市場成長基金 A股美元(基金之配息來源可能為本金),ALZ05-EQUAB001,美元,股票型,1992/10/30,RR5,無,2026/07/31,72.02,0.61,14.01,39.14,63.5,,25.13,0.4,1.21,-,759百萬,,
施羅德環球基金系列－新興市場(美元)A1-累積(基金之配息來源可能為本金),PYZ41-EQUSC006,美元,股票型,2002/01/11,RR5,無,2026/07/30,24.6402,-1.18,5.36,38.57,66.41,,28.66,0.36,1.4,-,"7,945百萬",,
原康健人壽標的＿貝萊德全球系列基金－新興市場基金,SHZ16-CLUS0,美元,股票型,1993/12/01,RR5,無,2026/07/31,55.82,1.47,9.19,38.51,43.87,,29.31,0.35,1.46,-,821百萬,,
貝萊德新興市場基金 A2 美元,SHZ16-EQUML011,美元,股票型,1993/12/01,RR5,無,2026/07/31,55.82,1.47,9.19,38.51,43.87,,29.31,0.35,1.46,-,821百萬,,
景順開發中市場基金A-年配息股 美元,CTH08-EQUIV011,美元,股票型,1992/09/02,RR5,年配,2026/07/31,96.16,8.22,8.42,38.1,77.79,,21.43,0.45,1.06,-,3680百萬,,
美盛銳思美國小型公司機會基金A類股美元累積型,BAT19-EQUMS003,美元,中小型股,2007/05/09,RR4,無,2026/07/31,448.77,0.97,12.74,38.09,51.11,,21.22,0.46,1.26,-,1516百萬,,
施羅德環球基金系列－新興市場優勢(美元)A1-累積,PYZG9-EQUSC015,美元,股票型,2007/01/19,RR5,無,2026/07/30,29.4813,-1.55,6.66,38.06,60.55,,27.62,0.37,1.31,-,"3,680百萬",,
聯博-新興市場成長基金A股澳幣避險(基金之配息來源可能為本金),ALZW8-EQAAB001,澳幣,股票型,2010/07/30,RR5,無,2026/07/31,28.74,0.67,13.82,37.91,55.44,,25.15,0.39,1.21,-,759百萬,,
富達基金－日本價值基金 (A2股日圓) - (配現金),FTZA66-ECJFD059,日圓,股票型,2003/01/30,RR4,年配,2026/07/31,10940.2,0.47,9.1,37.82,85.39,,25.72,0.39,0.68,-,"669,284百萬",,
高盛基金III - 高盛亞洲收益基金X股美元(本基金之配息來源可能為本金且並無保證收益及配息),ANZ53-EQUIG008,美元,股票型,2001/10/12,RR5,無,2026/07/30,1852.27,-8.3,5.24,37.64,77.12,,27.31,0.37,1.13,-,239百萬,,
高盛基金III - 高盛亞洲收益基金X股美元(月配息) - (配現金)(本基金之配息來源可能為本金且並無保證收益及配息),ANZD10-ECUIG003,美元,股票型,2013/11/05,RR5,月配,2026/07/30,221.7,-8.3,5.22,37.62,77.09,,27.32,0.36,0.79,-,239百萬,,
施羅德環球基金系列－新興市場股債收息(美元)A-累積(本基金有相當比重投資於非投資等級之高風險債券且基金之配息來源可能為本金且並無保證收益及配息),PYZP7-BSUSC003,美元,平衡型,2015/04/08,RR4,無,2026/07/30,174.93,2.94,9.69,37.62,61.13,,24.35,0.4,1.19,-,97百萬,,
施羅德環球基金系列－新興市場股債收息(美元)AX-月配固定 - (配現金)(本基金有相當比重投資於非投資等級之高風險債券且基金之配息來源可能為本金且並無保證收益及配息),PYZP8-BGUSC003,美元,平衡型,2016/11/16,RR4,月配,2026/07/30,86.4221,2.94,9.69,37.61,61.08,,24.35,0.4,1.19,-,97百萬,,
原康健人壽標的＿貝萊德全球系列基金－世界能源基金,SHZA6-CLUS9,美元,能源,2001/04/06,RR5,無,2026/07/31,35.15,-0.28,18.91,37.47,46.83,,21.66,0.44,0.9,-,"2,417百萬",,
貝萊德世界能源基金 A2 美元,SHZA6-EQUML005,美元,能源,2001/04/06,RR5,無,2026/07/31,35.15,-0.28,18.91,37.47,46.83,,21.66,0.44,0.9,-,"2,417百萬",,
先機亞太股票入息基金L類累積股(美元)(本基金並無保證收益及配息),SGF42-EQUCG002,美元,股票型,2000/09/13,RR5,無,2026/07/30,8.2053,5.01,13.23,37.25,81.08,,26.48,0.37,1.14,-,239百萬,,
晉達環球策略基金 - 亞洲股票基金 C 收益股份,GSF22-EQUIN003,美元,股票型,2000/06/30,RR5,年配,2026/07/30,95.31,2.35,10.68,36.98,78.12,,28.97,0.34,1.25,-,3400百萬,,
施羅德環球基金系列－日本股票(美元避險)A1-累積,PYZK8-EQUSC025,美元,股票型,2013/04/17,RR4,無,2026/07/30,363.3454,3.8,12.45,36.94,77.06,,18.19,0.51,0.43,-,"100,431百萬",,
施羅德環球基金系列－亞洲優勢(美元)A-累積(基金之配息來源可能為本金),PYZ83-EQUSC021,美元,股票型,2000/01/17,RR5,無,2026/07/30,34.8253,1.13,8.71,36.57,59.98,,29.05,0.34,1.24,-,"7,122百萬",,
原康健人壽標的＿安聯全球生物科技基金（現金配息）(本基金自110年11月01日起停止新申購),TLZ45-CAES1,歐元,生物科技,1998/01/09,RR4,年配,2026/07/30,247.67,13.32,10.85,36.18,34.66,,19.69,0.47,1.02,-,288百萬,,
安聯東方入息基金 - A 配息類股(美元避險) - (配現金)(本基金之配息來源可能為本金且無保證收益及配息),TLZ67-BGUAL002,美元,平衡型,2014/02/18,RR4,年配,2026/07/31,43.6926,-6.37,6.61,35.8,82.1,,26.02,0.36,0.99,-,"2,249百萬",,
美盛銳思美國小型公司基金A類股美元累積型,ROY02-EQUMS001,美元,中小型股,2007/05/09,RR4,無,2026/07/31,336.06,8.11,13.1,35.68,34.61,,18.04,0.5,0.92,-,93百萬,,
原康健人壽標的＿匯豐環球投資基金－巴西股票(本基金之配息來源可能為本金，本基金自110年5月2日起停止申購),HSZ19-CHUS0,美元,股票型,2004/12/22,RR5,年配,2026/07/30,14.798,-8.58,-5.95,35.53,17.96,,25.28,0.37,1.39,-,157百萬,,
百達-日本精選-R日元,PIC12-EQJPA018,日圓,股票型,2003/11/28,RR4,無,2026/07/30,36301.18,12.82,14.03,35.45,60.78,,17.83,0.5,0.38,-,73851百萬,,
安聯全球新興市場高股息基金- AM穩定月收類股(南非幣避險) - (配現金)(本基金之配息來源可能為本金且無保證收益及配息),TLZA7-ECZAL001,南非幣,股票型,2016/08/02,RR5,月配,2026/07/31,268.64,8.64,13.14,34.95,85.78,,20.37,0.44,1,-,448百萬,,
安本基金-亞太永續股票基金 A 累積 美元,ANZ07-EQUAD001,美元,股票型,1988/04/26,RR5,無,2026/07/31,132.579,7.27,11.2,34.71,49.75,,26.47,0.35,1.1,-,"1,458百萬",,
原康健人壽標的＿富達基金－亞洲股票ESG基金（現金配息）,FTZ11-CFUSC,美元,股票型,1990/10/01,RR5,年配,2026/07/31,15.77,6.34,10.13,34.7,46.72,,26.09,0.36,1.08,-,"3,485百萬",,
富達基金－亞洲股票ESG基金 (A股美元),FTZ11-EQUFD013,美元,股票型,1990/10/01,RR5,年配,2026/07/31,15.77,6.34,10.13,34.7,46.72,,26.09,0.36,1.08,-,"3,485百萬",,
原康健人壽標的＿富達基金－亞洲股票ESG基金,FTZ11-CFUS0,美元,股票型,1990/10/01,RR5,年配,2026/07/31,15.77,6.34,10.13,34.7,46.72,,26.09,0.36,1.08,-,"3,485百萬",,
M&G日本基金 A(歐元),MMG07-EQEPC001,歐元,股票型,2018/10/26,RR4,無,2026/07/30,37.1516,7.43,12.13,34.56,55.95,,18.59,0.47,0.53,-,1704百萬,,
原康健人壽標的＿富達基金－拉丁美洲基金,FTZ07-CFUS6,美元,股票型,1994/05/09,RR5,年配,2026/07/31,39.52,-4.05,-7.4,34.19,30.86,,24.78,0.36,1.15,-,359百萬,,
富達基金—拉丁美洲基金 (A股美元),FTZ07-EQUFD006,美元,股票型,1994/05/09,RR5,年配,2026/07/31,39.52,-4.05,-7.4,34.19,30.86,,24.78,0.36,1.15,-,359百萬,,
施羅德環球基金系列－日本股票(歐元避險)A1-累積,PYZK5-EQESC014,歐元,股票型,2005/12/16,RR4,無,2026/07/30,217.4813,3.35,11.26,34.07,67.68,,18.19,0.48,0.43,-,"100,431百萬",,
百達-能源轉型-R美元,PIC43-EQUPA005,美元,新能源,2007/05/14,RR4,無,2026/07/30,220.16,-2.54,11.47,33.83,55.92,,29.41,0.31,0.98,-,6338百萬,,
富蘭克林坦伯頓全球投資系列-全球氣候變遷基金美元避險A(acc)股-H1,FLZK8-EQUFT042,美元,股票型,2018/04/06,RR3,無,2026/07/31,25.36,4.84,13.26,33.76,38.81,,13.09,0.64,0.8,-,1304百萬,,
原康健人壽標的＿百達能源轉型－R歐元,PIC44-CPES6,歐元,新能源,2007/05/14,RR4,無,2026/07/30,191.04,-1.13,15.14,33.17,49.06,,27.63,0.33,0.88,-,5562百萬,,
景順亞洲動力基金A-年配息股 美元 - (配現金),CTZA3-ECUIV021,美元,股票型,2001/08/03,RR5,年配,2026/07/31,17.54,8.81,8.7,33.17,55.83,,21.71,0.4,0.89,-,3900百萬,,
原康健人壽標的＿施羅德環球基金系列－拉丁美洲,PYZ51-CRUS2,美元,股票型,2002/05/31,RR5,無,2026/07/30,55.0132,-4.37,-5.15,32.93,22.33,,20.58,0.41,0.96,-,472百萬,,
施羅德環球基金系列－拉丁美洲(美元)A1-累積,PYZ51-EQUSC003,美元,股票型,2002/05/31,RR5,無,2026/07/30,55.0132,-4.37,-5.15,32.93,22.33,,20.58,0.41,0.96,-,472百萬,,
瀚亞投資-全球新興市場動力股票基金A(美元),IOFA9-EQUPC013,美元,股票型,2010/10/29,RR5,無,2026/07/31,18.558,4.41,5.29,32.65,42.69,,18.67,0.45,0.93,-,132百萬,,
聯博–美國價值基金A級別美元-,ALBV8-EQUAB060,美元,股票型,2024/04/18,RR4,無,2026/07/31,22.61,8.39,12.32,32.53,-,,11.32,0.71,0.52,-,368百萬,,
野村基金(愛爾蘭系列)-日本策略價值基金(T美元避險類股),NFI10-EQUIG016,美元,股票型,2017/10/25,RR4,無,2026/07/30,333.2315,4.93,6.52,32.05,103.75,,18,0.46,0.48,-,520576百萬,,
百達-能源轉型-HR澳幣,PIC70-EQAPA010,澳幣,新能源,2020/12/07,RR4,無,2026/07/30,260.38,-2.82,10.67,31.94,47.1,,29.34,0.3,0.98,-,9195百萬,,
安聯全球新興市場高股息基金- AM穩定月收類股(澳幣避險) - (配現金)(本基金之配息來源可能為本金且無保證收益及配息),TLZA6-ECAAL002,澳幣,股票型,2016/08/02,RR5,月配,2026/07/31,18.4634,8.25,11.96,31.85,67.92,,20.37,0.41,1,-,448百萬,,
原康健人壽標的＿貝萊德亞洲巨龍基金,SHZK7-CLUSD,美元,股票型,1997/01/02,RR5,無,2026/07/31,70.78,2.82,9.55,31.76,52.08,,28.3,0.31,1.14,-,930百萬,,
摩根亞洲增長基金,JFH17-EQUJF008,美元,股票型,2007/05/14,RR5,無,2026/07/30,26.9,-2.36,4.83,31.28,48.7,,31.59,0.28,1.33,-,850百萬,,
安聯全球新興市場高股息基金-AMg穩定月收總收益類股(美元) - (配現金)(本基金之配息來源可能為本金且無保證收益及配息),TLZ83-ECUAL003,美元,股票型,2015/10/06,RR5,月配,2026/07/31,17.6612,6.41,7.78,31.21,73.52,,23.03,0.36,1.17,-,448百萬,,
安聯全球新興市場高股息基金─AT累積類股 (美元)(本基金並無保證收益及配息),TLZ60-EQUAL003,美元,股票型,2008/02/25,RR5,無,2026/07/31,14.3804,6.4,7.78,31.21,73.5,,23.02,0.36,1.17,-,448百萬,,
原康健人壽標的＿富蘭克林坦伯頓全球投資系列－全球氣候變遷基金,FLZ27-CKES0,歐元,股票型,1991/04/26,RR3,年配,2026/07/31,40.43,4.45,12.25,31.15,32.02,,13.05,0.6,0.79,-,1304百萬,,
富蘭克林坦伯頓全球投資系列-全球氣候變遷基金歐元A(acc)股,FLZH3-EQEFT043,歐元,股票型,2001/05/14,RR3,無,2026/07/31,46.2,4.43,12.24,31.14,32,,13.07,0.6,0.8,-,1304百萬,,
安聯智慧城市收益基金-AMf2固定月配類股(美元) - (配現金)(本基金有相當比重投資於非投資等級之高風險債券且配息來源可能為本金),TLZM7-BGUAL073,美元,平衡型,2022/05/20,RR4,月配,2026/07/31,127.64,3.48,14.23,31.1,68.26,,20.33,0.4,1.26,-,"1,473百萬",,
安聯智慧城市收益基金-AMf2固定月配類股(美元) - (配股數)(本基金有相當比重投資於非投資等級之高風險債券且配息來源可能為本金),TLZM7-BSUAL072,美元,平衡型,2022/05/20,RR4,月配,2026/07/31,127.64,3.48,14.23,31.1,68.26,,20.33,0.4,1.26,-,"1,473百萬",,
安聯智慧城市收益基金-AMg穩定月收總收益類股(美元) - (配現金)(本基金有相當比重投資於非投資等級之高風險債券且配息來源可能為本金),TLZM8-BGUAL075,美元,平衡型,2021/05/03,RR4,月配,2026/07/31,10.7401,3.48,14.23,31.1,68.25,,20.33,0.4,1.26,-,"1,473百萬",,
安聯智慧城市收益基金-AMg穩定月收總收益類股(美元) - (配股數)(本基金有相當比重投資於非投資等級之高風險債券且配息來源可能為本金),TLZM8-BSUAL074,美元,平衡型,2021/05/03,RR4,月配,2026/07/31,10.7401,3.48,14.23,31.1,68.25,,20.33,0.4,1.26,-,"1,473百萬",,
安聯智慧城市收益基金-AT累積類股(美元)(本基金有相當比重投資於非投資等級之高風險債券),TLZM9-BLUAL076,美元,平衡型,2019/06/24,RR4,無,2026/07/31,25.1553,3.47,14.21,31.07,68.15,,20.33,0.4,1.26,-,"1,473百萬",,
富蘭克林坦伯頓全球投資系列-東歐基金美元A (acc)股,FLZ86-EQUFT016,美元,股票型,2005/10/25,RR5,無,2026/07/31,27.47,10.32,10.14,31,107.16,,19.2,0.42,0.77,-,155百萬,,
高盛基金III - 高盛新興市場增強股票基金X股美元(本基金非屬環境、社會及治理相關主題之境外基金),ANZ66-EQUIG002,美元,股票型,1994/07/04,RR5,無,2026/07/30,3048.37,1.04,7.15,30.97,60.48,,26.58,0.32,1.31,-,1628百萬,,
原康健人壽標的＿富達基金－亞太入息基金（現金配息）(本基金之配息來源可能為本金且並無保證收益及配息),FTZL4-CFUSS,美元,股票型,2013/01/24,RR5,月配,2026/07/31,18.48,3.98,8.46,30.65,57.84,,17.36,0.45,0.73,-,578百萬,,
原康健人壽標的＿富達基金－亞太入息基金（單位數配息）(本基金之配息來源可能為本金且並無保證收益及配息),FTZL4-CFUST,美元,股票型,2013/01/24,RR5,月配,2026/07/31,18.48,3.98,8.46,30.65,57.84,,17.36,0.45,0.73,-,578百萬,,
富達基金—亞太入息基金 (A股【F1穩定月配息】美元)(本基金之配息來源可能為本金且並無保證收益及配息),FTZL4-ECUFD002,美元,股票型,2013/01/24,RR5,月配,2026/07/31,18.48,3.98,8.46,30.65,57.84,,17.36,0.45,0.73,-,578百萬,,
原康健人壽標的＿富達基金－新興亞洲基金（現金配息）,FTZI2-CFUSN,美元,股票型,2008/04/21,RR5,年配,2026/07/31,32.4,-0.95,6.51,30.59,54.77,,26.34,0.32,1.07,-,717百萬,,
原康健人壽標的＿富達基金－新興亞洲基金（單位數配息）,FTZI2-CFUSO,美元,股票型,2008/04/21,RR5,年配,2026/07/31,32.4,-0.95,6.51,30.59,54.77,,26.34,0.32,1.07,-,717百萬,,
富達基金—新興亞洲基金 (A股美元),FTZI2-EQUFD023,美元,股票型,2008/04/21,RR5,年配,2026/07/31,32.4,-0.95,6.51,30.59,54.77,,26.34,0.32,1.07,-,717百萬,,
原康健人壽標的＿富達基金－亞太入息基金（現金配息）(本基金並無保證收益及配息),FTH14-CFUSG,美元,股票型,2004/12/16,RR5,半年配,2026/07/31,42.18,3.97,8.4,30.58,56,,17.33,0.45,0.73,-,578百萬,,
富達基金—亞太入息基金 (A股美元)(本基金並無保證收益及配息),FTH14-EQUFD015,美元,股票型,2004/12/16,RR5,半年配,2026/07/31,42.18,3.97,8.4,30.58,56,,17.33,0.45,0.73,-,578百萬,,
原康健人壽標的＿施羅德環球基金系列－環球計量精選價值,PYZE4-CRUS0,美元,股票型,2004/10/29,RR4,無,2026/07/30,393.1266,6.96,10,30.58,67.49,,13.86,0.56,0.76,-,"1,069百萬",,
施羅德環球基金系列－環球計量精選價值(美元)A1-累積(基金之配息來源可能為本金),PYZE4-EQUSC0010,美元,股票型,2004/10/29,RR4,無,2026/07/30,393.1266,6.96,10,30.58,67.49,,13.86,0.56,0.76,-,"1,069百萬",,
瑞銀 (盧森堡) 全球收益股票基金 (美元) (月配息) - (配現金)(本基金之配息來源可能為本金),SBZF7-ECUBS007,美元,股票型,2020/09/14,RR4,月配,2026/07/29,121.92,13.15,17.14,30.43,61.18,,12.09,0.63,0.61,-,508百萬,,
安聯全球新興市場高股息基金─AT累積類股 (歐元),TLZ61-EQEAL001,歐元,股票型,2007/06/15,RR5,無,2026/07/31,214.47,7.81,11.31,30.29,65.92,,20.38,0.39,1,-,448百萬,,
原康健人壽標的＿貝萊德日本特別時機基金,SHZH1-CLJS0,日圓,股票型,1987/05/13,RR4,無,2026/07/31,16919,0.04,7.12,30.13,85.15,,22.28,0.36,0.5,-,"64,637百萬",,
聯博-全球價值型基金AD月配級別美元 - (配現金)(基金之配息來源可能為本金),ALBD1-ECUAB001,美元,股票型,2014/03/06,RR3,月配,2026/07/31,22.09,5.95,6.74,30.03,63.45,,11.14,0.67,0.61,-,696百萬,,
施羅德環球基金系列－亞洲股息基金(美元)A-累積(基金之配息來源可能為本金且並無保證收益及配息),PYH31-EQUSC023,美元,股票型,2013/09/18,RR5,無,2026/07/30,222.4549,1.04,9.23,30,59.12,,18.36,0.42,0.78,-,259百萬,,
施羅德環球基金系列－亞洲股息基金(美元)A-月配固定 - (配現金)(基金之配息來源可能為本金且並無保證收益及配息),PYZO0-ECUSC005,美元,股票型,2013/09/18,RR5,月配,2026/07/30,90.3197,1.05,9.23,29.99,59.08,,18.36,0.42,0.78,-,259百萬,,
原康健人壽標的＿貝萊德世界科技基金,SHZ71-CLUSF,美元,資訊科技股,1995/03/03,RR4,無,2026/07/31,138.31,6.82,19.4,29.97,107.18,,40.17,0.23,1.4,-,"20,010百萬",,
貝萊德世界科技基金 A2 美元,SHZ71-EQUML026,美元,資訊科技股,1995/03/03,RR4,無,2026/07/31,138.31,6.82,19.4,29.97,107.18,,40.17,0.23,1.4,-,"20,010百萬",,
摩根投資基金－歐洲策略股息基金 - JPM歐洲策略股息(美元對沖) - A股(每月派息) - (配現金)(本基金之配息來源可能為本金且並無保證收益及配息),JFZD9-ECUJF002,美元,股票型,2013/11/06,RR4,月配,2026/07/30,226.81,7.82,12.59,29.83,85.66,,10.82,0.69,0.66,-,"1,611百萬",,
原康健人壽標的＿摩根投資基金－歐洲策略股息基金（美元對沖）(本基金並無保證收益及配息),JFZE0-CBUSD,美元,股票型,2014/09/12,RR4,無,2026/07/30,361.44,7.82,12.55,29.76,85.39,,10.82,0.68,0.66,-,"1,611百萬",,
原康健人壽標的＿富蘭克林坦伯頓全球投資系列－東歐基金,FLZ55-CKES3,歐元,股票型,1997/11/10,RR5,無,2026/07/31,23.84,12.29,13.25,29.64,97.51,,16.39,0.46,0.64,-,155百萬,,
富蘭克林坦伯頓全球投資系列-東歐基金歐元A (acc)股,FLZ55-EQEFT006,歐元,股票型,1997/11/10,RR5,無,2026/07/31,23.84,12.29,13.25,29.64,97.51,,16.39,0.46,0.64,-,155百萬,,
原康健人壽標的＿貝萊德亞洲巨龍基金,SHZK6-CLGB0,英鎊,股票型,1997/01/02,RR5,無,2026/07/31,52.79,3.65,12.25,29.58,45.83,,27.84,0.3,1.07,-,930百萬,,
安聯東方入息基金－A配息類股 - (配股數)(本基金之配息來源可能為本金且無保證收益及配息),TLZ55-BLUAL001,美元,平衡型,2003/11/03,RR4,年配,2026/07/31,300.42,-6.41,4.26,29.54,59.47,,27.93,0.29,1.1,-,"2,249百萬",,
原康健人壽標的＿安聯東方入息基金（單位數配息）(本基金之配息來源可能為本金且無保證收益及配息),TLZ55-CAUA0,美元,平衡型,2003/11/03,RR4,年配,2026/07/31,300.42,-6.41,4.26,29.54,59.47,,27.93,0.29,1.1,-,"2,249百萬",,
施羅德環球基金系列－新興歐洲(美元)A1-累積,PYZD6-EQUSC035,美元,股票型,2006/04/24,RR5,無,2026/07/30,37.3531,5.71,5.75,29.34,106.44,,22.86,0.34,0.86,-,"1,614百萬",,
瀚亞投資-全球科技股票基金 A(美元),IOF02-EQUPC006,美元,資訊科技股,2005/08/26,RR4,無,2026/07/31,112.009,7.63,17.26,29.34,110.15,,30.77,0.27,1.11,-,960百萬,,
原康健人壽標的＿施羅德環球基金系列－新興歐洲,PYZ61-CRES0,歐元,股票型,2003/07/14,RR5,無,2026/07/30,32.6831,7.72,9.8,29.33,98.06,,18.94,0.4,0.71,-,"1,614百萬",,
施羅德環球基金系列－新興歐洲(歐元)A1-累積,PYZ61-EQESC008,歐元,股票型,2003/07/14,RR5,無,2026/07/30,32.6831,7.72,9.8,29.33,98.06,,18.94,0.4,0.71,-,"1,614百萬",,
原康健人壽標的＿施羅德環球基金系列－新興亞洲,PYZ02-CRUS1,美元,股票型,2004/01/09,RR5,無,2026/07/30,67.8163,-2.9,3.81,29.27,52.98,,28.02,0.29,1.18,-,"6,555百萬",,
施羅德環球基金系列－新興亞洲(美元)A1-累積,PYZ02-EQUSC005,美元,股票型,2004/01/09,RR5,無,2026/07/30,67.8163,-2.9,3.81,29.27,52.98,,28.02,0.29,1.18,-,"6,555百萬",,
原康健人壽標的＿富達基金－太平洋基金（現金配息）,FTZ10-CFUSU,美元,股票型,1994/01/10,RR5,年配,2026/07/31,59.93,-2.54,4.55,29.22,55.74,,25.75,0.31,1.08,-,"1,115百萬",,
原康健人壽標的＿富達基金－太平洋基金（單位數配息）,FTZ10-CFUSV,美元,股票型,1994/01/10,RR5,年配,2026/07/31,59.93,-2.54,4.55,29.22,55.74,,25.75,0.31,1.08,-,"1,115百萬",,
富達基金—太平洋基金 (A股美元),FTZ10-EQUFD005,美元,股票型,1994/01/10,RR5,年配,2026/07/31,59.93,-2.54,4.55,29.22,55.74,,25.75,0.31,1.08,-,"1,115百萬",,
景順泛歐洲基金A股 歐元,ISZ14-EQEIV007,歐元,股票型,1991/01/02,RR4,無,2026/07/31,37.04,11.26,11.4,29.1,43.96,,13.38,0.55,0.85,-,1280百萬,,
貝萊德世界科技基金 A10 美元(總報酬穩定配息) - (配現金)(基金之配息來源可能為本金),SHZV9-ECUML033,美元,資訊科技股,2022/10/26,RR4,月配,2026/07/31,19.8,6.08,18.52,29.04,105.59,,40.5,0.22,1.41,-,"20,010百萬",,
貝萊德世界科技基金 A10美元(總報酬穩定配息) - (配股數)(基金之配息來源可能為本金),SHZV9-EQUML039,美元,資訊科技股,2022/10/26,RR4,月配,2026/07/31,19.8,6.08,18.52,29.04,105.59,,40.5,0.22,1.41,-,"20,010百萬",,
原康健人壽標的＿貝萊德全球系列基金－永續能源基金(本基金非屬環境、社會及治理相關主題基金),SHZA4-CLUS4,美元,新能源,2001/04/06,RR4,無,2026/07/31,23.39,-5.27,4.23,28.94,32.67,,18.47,0.41,0.76,-,"5,608百萬",,
貝萊德永續能源基金 A2 美元(本基金非屬環境、社會及治理相關主題基金),SHZA4-EQUML006,美元,新能源,2001/04/06,RR4,無,2026/07/31,23.39,-5.27,4.23,28.94,32.67,,18.47,0.41,0.76,-,"5,608百萬",,
施羅德環球基金系列－環球收益股票(美元)A1-月配固定 - (配現金)(基金之配息來源可能為本金),PYZF4-ECUSC001,美元,股票型,2005/07/29,RR3,月配,2026/07/30,165.4565,10.29,14.74,28.92,50.8,,12.9,0.56,0.37,-,279百萬,,
聯博-新興市場優化波動股票基金A級別美元,ALBM2-EQUAB055,美元,股票型,2014/03/13,RR5,無,2026/07/31,33.83,0.09,5.06,28.48,72.96,,19.84,0.38,0.97,-,"1,148百萬",,
聯博-新興市場多元收益基金AD月配級別美元 - (配現金)(本基金有相當比重投資於非投資等級之高風險債券且配息來源可能為本金),ALBA4-BGUAB001,美元,平衡型,2013/03/21,RR4,月配,2026/07/31,14.34,0.64,7.55,28.19,67.26,,18,0.41,0.88,-,"1,134百萬",,
原康健人壽標的＿富達基金－日本股票ESG基金,FTZ08-CFJS0,日圓,股票型,1990/10/01,RR4,年配,2026/07/31,460.1,7.1,10.02,28.13,48.85,,18.9,0.39,0.52,-,"51,464百萬",,
富達基金－日本股票ESG基金 (A股日圓),FTZ08-EQJFD011,日圓,股票型,1990/10/01,RR4,年配,2026/07/31,460.1,7.1,10.02,28.13,48.85,,18.9,0.39,0.52,-,"51,464百萬",,
野村基金(愛爾蘭系列)-日本策略價值基金(T日圓類股),NFI09-EQJIG076,日圓,股票型,2017/10/25,RR4,無,2026/07/30,27005.5961,4.19,4.97,28.1,81.06,,17.97,0.41,0.48,-,520576百萬,,
施羅德環球基金系列－亞洲收益股票(美元)A1-累積(基金之配息來源可能為本金),PYZH1-EQUSC019,美元,股票型,2004/06/11,RR5,無,2026/07/30,53.5371,2.21,7.57,27.84,63.44,,20.34,0.36,0.87,-,"1,478百萬",,
原康健人壽標的＿施羅德環球基金系列－亞洲收益股票（現金配息）(基金之配息來源可能為本金),PYZH2-CRUS4,美元,股票型,2004/06/11,RR5,月配,2026/07/30,24.807,2.21,7.57,27.84,63.42,,20.34,0.36,0.87,-,"1,478百萬",,
駿利亨德森遠見全球科技領先基金,HHZ06-EQUHD002,美元,資訊科技股,1996/10/16,RR4,無,2026/07/30,324.87,4.56,14.07,27.65,106.66,,33.47,0.24,0.99,-,8290百萬,,
景順日本小型企業基金A股 日圓,ISZ02-EQJIV001,日圓,中小型股,1991/01/02,RR4,無,2026/07/30,2835,-2.31,18.13,27.65,72.13,,29.7,0.27,0.73,-,18010百萬,,
摩根泰國基金,JFZ06-EQUJF011,美元,股票型,1989/08/08,RR5,無,2026/07/30,216.11,4.21,14.7,27.59,19.48,,23.2,0.32,1.21,-,183百萬,,
富蘭克林坦伯頓全球投資系列-全球平衡基金美元A (Qdis)股 - (配現金)(本基金之配息來源可能為本金),FLZ36-BGUFT002,美元,平衡型,1994/06/01,RR3,季配,2026/07/31,30.24,6.75,9.6,27.56,47.29,,9.9,0.69,0.57,-,640百萬,,
原康健人壽標的＿富蘭克林坦伯頓全球投資系列－全球平衡基金（單位數配息）(本基金之配息來源可能為本金),FLZ36-CKUA0,美元,平衡型,1994/06/01,RR3,季配,2026/07/31,30.24,6.75,9.6,27.56,47.29,,9.9,0.69,0.57,-,640百萬,,
原康健人壽標的＿富蘭克林坦伯頓全球投資系列－全球平衡基金（現金配息）(本基金之配息來源可能為本金),FLZ36-CKUA2,美元,平衡型,1994/06/01,RR3,季配,2026/07/31,30.24,6.75,9.6,27.56,47.29,,9.9,0.69,0.57,-,640百萬,,
富蘭克林坦伯頓全球投資系列-全球平衡基金美元A (acc)股(本基金之配息來源可能為本金),FLZB2-BLUFT002,美元,平衡型,2001/05/14,RR3,無,2026/07/31,52.44,6.74,9.59,27.53,47.3,,9.87,0.7,0.56,-,640百萬,,
聯博-新興市場多元收益基金AD月配澳幣避險級別 - (配現金)(本基金有相當比重投資於非投資等級之高風險債券且配息來源可能為本金),ALBA1-BGAAB001,澳幣,平衡型,2013/03/21,RR4,月配,2026/07/31,12.23,0.74,7.42,27.24,60.56,,17.97,0.4,0.88,-,"1,134百萬",,
聯博-全球價值型基金AD月配歐元避險級別 - (配現金)(基金之配息來源可能為本金),ALBE0-ECEAB001,歐元,股票型,2014/02/27,RR3,月配,2026/07/31,20.81,5.62,5.62,27.2,53.27,,11.26,0.61,0.61,-,696百萬,,
法巴科技創新股票基金 C (美元)(基金之配息來源可能為本金),FLF16-EQUBN012,美元,資訊科技股,1997/06/03,RR4,無,2026/07/30,3974.32,6.29,13.47,27.09,81.99,,29.76,0.26,0.91,-,"5,542百萬",,
安聯AI人工智慧基金-AT累積類股(美元),TLH43-EQUAL027,美元,資訊科技股,2017/03/31,RR4,無,2026/07/31,39.4112,1.72,12.1,26.71,61.98,,29.2,0.26,0.95,-,"9,094百萬",,
安聯AI人工智慧基金-AMf2固定月配類股(美元) - (配現金)(基金之配息來源可能為本金),TLZR7-ECUAL087,美元,資訊科技股,2023/09/01,RR4,月配,2026/07/31,141.22,1.74,12.12,26.71,-,,29.2,0.26,0.95,-,"9,094百萬",,
原康健人壽標的＿安聯歐洲高息股票基金（現金配息）（美元避險）(本基金之配息來源可能為本金且無保證收益及配息),TLZ76-CAUS1,美元,股票型,2013/10/02,RR4,月配,2026/07/31,12.4094,12.58,13.3,26.56,59.88,,11.3,0.59,0.62,-,"1,768百萬",,
安聯歐洲高息股票基金-AM穩定月收類股(美元避險) - (配現金)(本基金之配息來源可能為本金且無保證收益及配息),TLZ76-ECUAL002,美元,股票型,2013/10/02,RR4,月配,2026/07/31,12.4094,12.58,13.3,26.56,59.88,,11.3,0.59,0.62,-,"1,768百萬",,
原康健人壽標的＿施羅德環球基金系列－環球股息(基金之配息來源可能為本金且並無保證收益及配息),PYZM5-CRUS9,美元,股票型,2007/07/13,RR3,無,2026/07/30,20.745,9.78,12.68,26.31,48.16,,12.5,0.53,0.43,-,898百萬,,
原康健人壽標的＿施羅德環球基金系列－環球股息(現金配息)(基金之配息來源可能為本金且並無保證收益及配息),PYZM8-CRUS5,美元,股票型,2014/04/02,RR3,月配,2026/07/30,4.9924,9.78,12.69,26.3,48.12,,12.5,0.53,0.43,-,898百萬,,
施羅德環球基金系列－環球股息基金(美元)AX-月配固定 - (配現金)(基金之配息來源可能為本金且並無保證收益及配息),PYZM8-ECUSC003,美元,股票型,2014/04/02,RR3,月配,2026/07/30,4.9924,9.78,12.69,26.3,48.12,,12.5,0.53,0.43,-,898百萬,,
原康健人壽標的＿貝萊德全球系列基金－美國靈活股票基金,SHZF2-CLUS5,美元,股票型,2002/10/31,RR4,無,2026/07/31,99.77,2.71,9.7,26.26,72.85,,20.58,0.34,1.48,-,"2,664百萬",,
貝萊德美國靈活股票基金A2美元,SHZF2-EQUML032,美元,股票型,2002/10/31,RR4,無,2026/07/31,99.77,2.71,9.7,26.26,72.85,,20.58,0.34,1.48,-,"2,664百萬",,
原康健人壽標的＿景順大中華基金,CTH01-CIUSB,美元,股票型,1992/07/15,RR5,無,2026/07/31,88.39,-1.3,0.47,26.06,50.66,,26.75,0.27,1.06,-,642百萬,,
景順大中華基金A股 美元,CTH01-EQUIV005,美元,股票型,1992/07/15,RR5,無,2026/07/31,88.39,-1.3,0.47,26.06,50.66,,26.75,0.27,1.06,-,642百萬,,
原康健人壽標的＿摩根基金－日本股票基金（美元對沖）,JFZC4-CBUSC,美元,股票型,2013/12/06,RR4,無,2026/07/30,492.02,1.46,5.85,25.91,101.48,,21.74,0.32,0.62,-,"4,228百萬",,
摩根基金－日本股票基金 - JPM 日本股票(美元對沖)－ A股(累積),JFZC4-EQUJF028,美元,股票型,2013/12/06,RR4,無,2026/07/30,492.02,1.46,5.85,25.91,101.48,,21.74,0.32,0.62,-,"4,228百萬",,
先機全球新興市場基金L類累積(美元),SGF76-EQUCG003,美元,股票型,2010/09/23,RR5,無,2026/07/30,21.0553,-10.19,-0.38,25.83,47.15,,29.42,0.26,1.34,-,21百萬,,
施羅德環球基金系列－日本小型公司(日元)A1-累積,PYZ40-EQJSC011,日圓,中小型股,2002/01/11,RR4,無,2026/07/30,235.0405,0.54,7.72,25.69,47.04,,17.37,0.39,0.38,-,"10,268百萬",,
原康健人壽標的＿摩根基金(單位信託系列)—摩根日本(日圓)基金（美元對沖）,JFZC7-CBUSH,美元,股票型,2013/08/01,RR4,無,2026/07/30,64.95,1.09,5.87,25.56,98.44,,21.95,0.32,0.61,-,497百萬,,
施羅德環球基金系列 - 美國中小型股票 A1 類股份 - 累積單位,PYZE5-EQUSC017,美元,中小型股,2004/12/10,RR4,無,2026/07/30,523.2824,4.46,9.04,25.42,34.11,,14.32,0.46,0.62,-,908百萬,,
安聯全球高息股票基金-AMg穩定月收總收益類股(美元) - (配現金)(本基金之配息來源可能為本金且無保證收益及配息),TLZF5-ECUAL066,美元,股票型,2015/10/13,RR3,月配,2026/07/31,15.3628,9.05,9.47,25.42,56.85,,13.56,0.48,0.8,-,249百萬,,
施羅德環球基金系列－環球股息基金(澳幣避險)A-月配固定(C) - (配現金)(基金之配息來源可能為本金且並無保證收益及配息),PYZM7-ECASC001,澳幣,股票型,2014/04/16,RR3,月配,2026/07/30,7.8694,9.84,12.5,25.42,41.86,,12.57,0.51,0.43,-,898百萬,,
百達-機器人科技-R美元,PIC50-EQUPA001,美元,資訊科技股,2015/10/07,RR4,無,2026/07/30,490.81,12.46,10.11,25.17,73.89,,28.49,0.25,0.79,-,12964百萬,,
聯博-新興市場多元收益基金AD月配歐元避險級別 - (配現金)(本基金有相當比重投資於非投資等級之高風險債券且配息來源可能為本金),ALBA3-BGEAB001,歐元,平衡型,2013/03/21,RR4,月配,2026/07/31,13.24,0.24,6.17,25.03,56.34,,18.07,0.36,0.88,-,"1,134百萬",,
貝萊德智慧數據環球小型企業基金 A2 美元(本基金非屬環境、社會及治理相關主題基金),SHZA2-EQUML014,美元,中小型股,1994/11/04,RR4,無,2026/07/31,218.11,3.86,9.03,24.81,54.95,,14.92,0.43,0.95,-,636百萬,,
富達基金—義大利基金 (A股歐元),FTZ29-EQEFD025,歐元,股票型,1990/10/01,RR4,年配,2026/07/31,90.59,10.98,12.44,24.51,73.96,,15.9,0.4,1.23,-,465百萬,,
原康健人壽標的＿富達基金－新興歐非中東基金,FTZG3-CFUS5,美元,股票型,2007/06/11,RR5,年配,2026/07/31,16.2,2.21,-0.8,24.47,79.24,,20.39,0.32,0.97,-,361百萬,,
原康健人壽標的＿富達基金－新興歐非中東基金（現金配息）,FTZG3-CFUSD,美元,股票型,2007/06/11,RR5,年配,2026/07/31,16.2,2.21,-0.8,24.47,79.24,,20.39,0.32,0.97,-,361百萬,,
富達基金—新興歐非中東基金 (A股美元),FTZG3-EQUFD022,美元,股票型,2007/06/11,RR5,年配,2026/07/31,16.2,2.21,-0.8,24.47,79.24,,20.39,0.32,0.97,-,361百萬,,
瀚亞投資─全球價值股票基金Azdmc1(南非幣避險穩定月配) - (配現金)(本基金配息來源可能為本金),IOF72-ECZPC001,南非幣,股票型,2014/02/14,RR3,月配,2026/07/31,20.029,6.17,7.27,24.4,74.46,,11.99,0.52,0.77,-,687百萬,,
施羅德環球基金系列－歐洲價值股票(歐元)A1-累積,PYZC2-EQESC015,歐元,股票型,2003/01/31,RR4,無,2026/07/30,115.1929,9.79,12.24,24.4,52.23,,14.97,0.42,0.72,-,773百萬,,
原康健人壽標的＿富蘭克林坦伯頓全球投資系列－科技基金,FLZ80-CKUSI,美元,資訊科技股,2000/04/03,RR4,無,2026/07/31,71.52,6.94,17.61,24.38,87.47,,30.09,0.24,1.03,-,15637百萬,,
富蘭克林坦伯頓全球投資系列-科技基金美元A(acc)股,FLZ80-EQUFT014,美元,資訊科技股,2000/04/03,RR4,無,2026/07/31,71.52,6.94,17.61,24.38,87.47,,30.09,0.24,1.03,-,15637百萬,,
富蘭克林坦伯頓全球投資系列－科技基金美元A穩定月配股 - (配現金),FLZO7-ECUFT047,美元,資訊科技股,2025/03/28,RR4,月配,2026/07/31,14.54,6.94,17.62,24.38,-,,30.09,0.24,1.03,-,15637百萬,,
富蘭克林坦伯頓全球投資系列－科技基金美元A穩定月配股 - (配股數),FLZO7-EQUFT046,美元,資訊科技股,2025/03/28,RR4,月配,2026/07/31,14.54,6.94,17.62,24.38,-,,30.09,0.24,1.03,-,15637百萬,,
原康健人壽標的＿富達基金－全球工業基金,FTZ68-CFES4,歐元,股票型,2000/09/01,RR4,年配,2026/07/31,128.5,3.71,13.42,24.34,49.85,,11.94,0.52,0.44,-,"1,264百萬",,
富達基金—全球工業基金 (A股歐元),FTZ68-EQEFD019,歐元,股票型,2000/09/01,RR4,年配,2026/07/31,128.5,3.71,13.42,24.34,49.85,,11.94,0.52,0.44,-,"1,264百萬",,
摩根基金－大中華基金 - JPM 大中華(美元)－ A股(分派)(本基金之配息來源可能為本金),JFH01-EQUJF002,美元,股票型,2001/05/18,RR5,年配,2026/07/30,72.82,-6.45,4.46,24.28,41.62,,22.35,0.3,1.11,-,"2,364百萬",,
施羅德傘型基金II－亞洲高息股債基金(美元)A-累積(本基金有相當比重投資於非投資等級之高風險債券且基金之配息來源可能為本金且並無保證收益及配息),PYZL0-BSUSC002,美元,平衡型,2011/06/27,RR3,無,2026/07/30,21.9671,2.92,9.22,24.04,46.91,,16.49,0.38,0.71,-,"19,421百萬",,
施羅德傘型基金II－亞洲高息股債基金(美元)A-月配 - (配現金)(本基金有相當比重投資於非投資等級之高風險債券且基金之配息來源可能為本金且並無保證收益及配息),PYZL1-BGUSC002,美元,平衡型,2011/06/27,RR3,月配,2026/07/30,9.7584,2.92,9.22,24.04,46.9,,16.49,0.38,0.71,-,"19,421百萬",,
施羅德環球基金系列－義大利股票(歐元)A1-累積,PYZ37-EQESC012,歐元,股票型,2001/10/24,RR4,無,2026/07/30,78.6116,11.43,14.2,23.94,81.92,,15.15,0.41,1.06,-,229百萬,,
摩根亞洲股票高息基金-摩根亞洲股票高息(美元)(累計)(本基金有相當比重投資於非投資等級之高風險債券且配息來源可能為本金),JFZ02-EQUJF078,美元,股票型,1981/06/15,RR5,無,2026/07/30,67.57,-0.52,4.69,23.94,56.67,,19.02,0.34,0.82,-,"3,419百萬",,
安聯歐洲高息股票基金-AM穩定月收類股(歐元) - (配現金)(本基金之配息來源可能為本金且無保證收益及配息),TLZ77-ECEAL001,歐元,股票型,2013/10/02,RR4,月配,2026/07/31,12.1701,12.07,12.15,23.92,51.03,,11.34,0.54,0.62,-,"1,768百萬",,
原康健人壽標的＿安聯歐洲高息股票基金(本基金並無保證收益及配息),TLZ75-CAES3,歐元,股票型,2009/03/10,RR4,無,2026/07/31,452.45,12.07,12.14,23.91,50.97,,11.34,0.53,0.62,-,"1,768百萬",,
貝萊德美國價值型基金 A2 美元,SHZ64-EQUML002,美元,股票型,1997/01/08,RR4,無,2026/07/31,177.39,9.13,11.17,23.89,51.19,,11.33,0.53,0.66,-,940百萬,,
新加坡大華全球保健基金 - 美元分配類股 - (配現金),UOB43-BCUUO002,美元,健康護理股,2015/09/01,RR3,月配,2026/07/30,0.8177,7.16,3.19,23.88,14.06,,15.53,0.4,1.05,-,308百萬,,
新加坡大華全球保健基金(美元),UOB24-EQUUO001,美元,健康護理股,2000/08/21,RR3,無,2026/07/30,5.3616,7.17,3.2,23.85,13.93,,15.51,0.4,1.04,-,308百萬,,
原康健人壽標的＿施羅德環球基金系列－亞洲可轉換債券(本基金主要係投資於非投資等級之高風險債券),PYZJ5-CRUB4,美元,可轉換債券,2008/03/14,RR4,無,2026/07/30,231.4229,-1.63,2.1,23.61,58.73,,20.46,0.31,3.08,-,168百萬,,
原康健人壽標的＿貝萊德全球系列基金－拉丁美洲基金,SHZ17-CLUS7,美元,股票型,1997/01/09,RR5,無,2026/07/31,81.67,-3.39,-8.26,23.52,6.83,,21.66,0.29,0.98,-,670百萬,,
貝萊德拉丁美洲基金 A2 美元,SHZ17-EQUML001,美元,股票型,1997/01/09,RR5,無,2026/07/31,81.67,-3.39,-8.26,23.52,6.83,,21.66,0.29,0.98,-,670百萬,,
富達基金－全球動能多元基金 (A股C月配息美元) - (配現金),FTZA67-BGUFD061,美元,平衡型,2025/05/28,RR3,月配,2026/07/31,11.88,2.28,5.87,23.48,-,,16.76,0.37,0.5,-,883百萬,,
富達基金－全球動能多元基金 (A股C月配息美元) - (配股數),FTZA67-BSUFD060,美元,平衡型,2025/05/28,RR3,月配,2026/07/31,11.88,2.28,5.87,23.48,-,,16.76,0.37,0.5,-,883百萬,,
施羅德傘型基金II－亞洲高息股債基金(澳幣避險)A-月配 - (配現金)(本基金有相當比重投資於非投資等級之高風險債券且基金之配息來源可能為本金且並無保證收益及配息),PYZL6-BGASC002,澳幣,平衡型,2012/10/31,RR3,月配,2026/07/30,8.8421,2.96,9.12,23.42,42.29,,16.48,0.37,0.71,-,"19,421百萬",,
原康健人壽標的＿施羅德傘型基金II－亞洲高息股債基金(現金配息)(澳幣避險)(本基金有相當比重投資於非投資等級之高風險債券且基金之配息來源可能為本金且並無保證收益及配息),PYZL6-CRAA0,澳幣,平衡型,2012/10/31,RR3,月配,2026/07/30,8.8421,2.96,9.12,23.42,42.29,,16.48,0.37,0.71,-,"19,421百萬",,
摩根太平洋證券基金,JFZ04-EQUJF006,美元,股票型,1978/05/26,RR5,無,2026/07/30,673.18,-1.11,3.33,23.23,46.74,,27.02,0.25,1.16,-,763百萬,,
駿利亨德森遠見基金-亞洲股息收益基金(本基金之配息來源可能為本金),HHZ15-EQUHD004,美元,股票型,2006/10/26,RR5,季配,2026/07/30,8.94,2,5.24,23.2,57.73,,20.86,0.3,0.87,-,51百萬,,
施羅德環球基金系列－環球收益成長(南非幣避險)A-月配固定(C) - (配現金)(本基金有相當比重投資於非投資等級之高風險債券且基金之配息來源可能為本金),PYZT6-BGZSC031,南非幣,平衡型,2018/10/24,RR3,月配,2026/07/30,1996.1323,3.56,5.85,22.93,59.39,,12.58,0.47,0.71,-,"2,624百萬",,
貝萊德拉丁美洲基金 A2 歐元,SHZ46-EQEML013,歐元,股票型,1997/01/08,RR5,無,2026/07/31,71.22,-1.51,-4.77,22.9,2.84,,18.51,0.33,0.79,-,670百萬,,
先機北美股票基金L類累積(美元),SGF28-EQUCG004,美元,股票型,2002/04/17,RR4,無,2026/07/30,78.8596,5.48,9.48,22.79,72.44,,14.87,0.4,0.85,-,323百萬,,
先機環球股票基金L類累積(美元),SGF01-EQUCG006,美元,股票型,2000/09/13,RR4,無,2026/07/30,4.2325,4.82,6.64,22.67,76.52,,15.47,0.38,0.91,-,2500百萬,,
瑞銀 (盧森堡) 美國總收益股票基金 (美元) - (配現金)(本基金之配息來源可能為本金),SBZB2-ECUBS009,美元,股票型,2013/06/24,RR4,月配,2026/07/29,169.26,11.33,12.28,22.41,51,,14.82,0.39,0.81,-,"2,153百萬",,
瑞銀 (盧森堡) 美國總收益股票基金 (美元)(本基金之配息來源可能為本金),SBZB1-EQUBS008,美元,股票型,2013/02/15,RR4,無,2026/07/29,420.49,11.32,12.26,22.41,50.95,,14.81,0.39,0.81,-,"2,153百萬",,
原康健人壽標的＿瀚亞投資－全球價值股票基金（現金配息）(本基金配息來源可能為本金),IOF70-CDUS3,美元,股票型,2014/02/14,RR3,月配,2026/07/31,17.23,5.65,6.53,22.4,64.45,,11.89,0.48,0.77,-,687百萬,,
瀚亞投資─全球價值股票基金Admc1(美元穩定月配) - (配現金)(本基金配息來源可能為本金),IOF70-ECUPC009,美元,股票型,2014/02/14,RR3,月配,2026/07/31,17.23,5.65,6.53,22.4,64.45,,11.89,0.48,0.77,-,687百萬,,
瀚亞投資-全球價值股票基金 A(美元),IOF07-EQUPC008,美元,股票型,2003/12/09,RR3,無,2026/07/31,42.935,5.64,6.52,22.38,64.42,,11.88,0.48,0.76,-,687百萬,,
原康健人壽標的＿匯豐環球投資基金－亞洲股票（日本除外）(本基金之配息來源可能為本金，本基金自110年5月2日起停止申購),HSZ20-CHUS3,美元,股票型,1986/11/21,RR5,年配,2026/07/30,90.271,-5.12,0.07,22.31,51.32,,32.11,0.21,1.36,-,459百萬,,
高盛基金III - 高盛歐元高股息基金X股對沖級別美元(月配息) - (配現金)(本基金之配息來源可能為本金且並無保證收益及配息),ANZG0-ECUIG009,美元,股票型,2014/04/23,RR4,月配,2026/07/30,558.89,8.58,11.85,22.27,56.22,,13.39,0.43,0.77,-,2134百萬,,
原康健人壽標的＿富蘭克林坦伯頓全球投資系列－互利歐洲基金,FLZ63-CKUS9,美元,股票型,2000/04/03,RR4,無,2026/07/31,51.28,5.67,4.78,21.98,60.2,,13.56,0.42,0.84,-,685百萬,,
富蘭克林坦伯頓全球投資系列-互利歐洲基金美元A (acc)股,FLZ63-EQUFT025,美元,股票型,2000/04/03,RR4,無,2026/07/31,51.28,5.67,4.78,21.98,60.2,,13.56,0.42,0.84,-,685百萬,,
高盛基金III - 高盛歐元高股息基金X股對沖級別澳幣(月配息) - (配現金)(本基金之配息來源可能為本金且並無保證收益及配息),ANZD6-ECAIG004,澳幣,股票型,2013/11/05,RR4,月配,2026/07/30,499.3,8.66,11.56,21.45,50.96,,13.41,0.41,0.77,-,2134百萬,,
原康健人壽標的＿瀚亞投資－全球價值股票基金（現金配息）（澳幣避險）(本基金配息來源可能為本金),IOF71-CDAS0,澳幣,股票型,2014/02/14,RR3,月配,2026/07/31,15.536,5.63,6.25,21.38,57.04,,11.9,0.46,0.76,-,687百萬,,
瀚亞投資─全球價值股票基金Aadmc1(澳幣避險穩定月配) - (配現金)(本基金配息來源可能為本金),IOF71-ECAPC002,澳幣,股票型,2014/02/14,RR3,月配,2026/07/31,15.536,5.63,6.25,21.38,57.04,,11.9,0.46,0.76,-,687百萬,,
法巴乾淨能源股票基金 C (美元)(基金之配息來源可能為本金),FLFD2-EQUBN008,美元,能源,2013/05/17,RR5,無,2026/07/30,86.42,-26.12,-16.18,21.02,-20.85,,45.4,0.17,-0.72,-,"1,195百萬",,
原康健人壽標的＿施羅德環球基金系列－美國小型公司影響力,PYZ31-CRUS3,美元,中小型股,2001/08/31,RR4,無,2026/07/30,255.5096,8.39,9.31,21.01,37.31,,14.64,0.37,0.57,-,418百萬,,
施羅德環球基金系列 - 美國小型公司 A1 類股份 - 累積單位,PYZ31-EQUSC004,美元,中小型股,2001/08/31,RR4,無,2026/07/30,255.5096,8.39,9.31,21.01,37.31,,14.64,0.37,0.57,-,418百萬,,
富達基金—全球科技基金 (A股累計美元),FTZP1-EQUFD034,美元,資訊科技股,2014/04/09,RR4,無,2026/07/31,82.43,1.82,6.62,20.9,74.57,,22.39,0.26,0.79,-,"36,160百萬",,
富蘭克林坦伯頓全球投資系列-潛力歐洲基金歐元A (acc)股,FLZ54-EQEFT008,歐元,股票型,1999/01/08,RR4,無,2026/07/31,39.08,6.75,6.92,20.88,57.07,,9.59,0.55,0.64,-,424百萬,,
施羅德環球基金系列－環球收益成長(美元)A-月配固定2 - (配現金)(本基金有相當比重投資於非投資等級之高風險債券且基金之配息來源可能為本金),PYZW3-BGUSC032,美元,平衡型,2018/11/14,RR3,月配,2026/07/30,139.5372,2.94,5.03,20.82,49.54,,12.55,0.43,0.71,-,"2,624百萬",,
施羅德環球基金系列－環球收益成長(美元)A-月配固定2 - (配股數)(本基金有相當比重投資於非投資等級之高風險債券且基金之配息來源可能為本金),PYZW3-BSUSC036,美元,平衡型,2018/11/14,RR3,月配,2026/07/30,139.5372,2.94,5.03,20.82,49.54,,12.55,0.43,0.71,-,"2,624百萬",,
原康健人壽標的＿景順實現能源轉型基金,CTZ49-CIUS3,美元,能源,2001/02/01,RR5,無,2026/07/31,11.58,3.02,8.94,20.75,22.93,,15.82,0.35,-0.22,-,45百萬,,
景順能源基金 A,CTZ49-EQUIV003,美元,能源,2001/02/01,RR5,無,2026/07/31,11.58,3.02,8.94,20.75,22.93,,15.82,0.35,-0.22,-,45百萬,,
富蘭克林坦伯頓全球投資系列-互利歐洲基金歐元A (acc)股,FLZ64-EQEFT009,歐元,股票型,2001/12/31,RR4,無,2026/07/31,44.48,7.54,7.7,20.74,52.75,,9.73,0.54,0.6,-,685百萬,,
原康健人壽標的＿富蘭克林坦伯頓全球投資系列－互利歐洲基金（現金配息）,FLZH1-CKES4,歐元,股票型,2005/10/25,RR4,年配,2026/07/31,33.21,7.55,7.68,20.69,52.77,,9.71,0.54,0.6,-,685百萬,,
原康健人壽標的＿高盛基金III - 高盛全球環境轉型基金(本基金非屬環境、社會及治理相關主題之境外基金),ANZ70-CCUS0,美元,能源,1997/12/01,RR5,無,2026/07/30,1845.13,0.34,6.74,20.66,49.48,,11.71,0.45,-0.01,-,47百萬,,
安本標準 - 新興市場小型公司基金,ANH16-EQUAD004,美元,中小型股,2007/03/26,RR5,無,2026/07/31,34.928,-3.12,5.2,20.64,45,,25.27,0.24,1.19,-,161百萬,,
施羅德環球基金系列－歐洲股息基金(美元避險)A-月配固定 - (配現金)(基金之配息來源可能為本金且並無保證收益及配息),PYZN5-ECUSC004,美元,股票型,2014/04/16,RR4,月配,2026/07/30,68.8407,7.42,9.1,20.62,44.78,,10.41,0.5,0.64,-,190百萬,,
原康健人壽標的＿富達基金－大中華基金(本基金自111年12月12日起終止在台募集及銷售),FTH05-CFUS4,美元,股票型,1990/10/01,RR4,年配,2026/07/31,342.9,3.19,3.5,20.56,41.24,,19.64,0.28,0.58,-,623百萬,,
富達基金—大中華基金 (A股美元),FTH05-EQUFD016,美元,股票型,1990/10/01,RR4,年配,2026/07/31,342.9,3.19,3.5,20.56,41.24,,19.64,0.28,0.58,-,623百萬,,
聯博-美國中小型股票基金A級別美元,ALBJ6-EQUAB037,美元,中小型股,2010/03/15,RR4,無,2026/07/31,59.25,5.77,10.75,20.45,33.36,,14.49,0.37,0.72,-,104百萬,,
高盛基金III - 高盛邊境市場債券基金X股對沖級別南非幣(月配息) - (配現金)(本基金主要係投資於非投資等級之高風險債券且配息來源可能為本金),ANZL6-BCZIG044,南非幣,固定收益,2018/08/29,RR4,月配,2026/07/30,2563.12,2.28,3.99,20.4,63.87,,7.84,0.65,1.53,-,634百萬,,
高盛基金III - 高盛邊境市場債券基金X股對沖級別南非幣(月配息) - (配股數)(本基金主要係投資於非投資等級之高風險債券且配息來源可能為本金),ANZL6-BNZIG045,南非幣,固定收益,2018/08/29,RR4,月配,2026/07/30,2563.12,2.28,3.99,20.4,63.87,,7.84,0.65,1.53,-,634百萬,,
摩根基金－歐洲動力基金 - JPM歐洲動力(美元對沖)- A股(累計),JFZC5-EQUJF027,美元,股票型,2013/11/22,RR4,無,2026/07/30,413.69,6.92,7.08,20.29,62.84,,12.6,0.42,0.73,-,1584百萬,,
摩根基金 - 美國價值基金 - JPM美國價值(美元) - A股(分派) - (配股數)(本基金之配息來源可能為本金),JFZF4-EQUJF064,美元,股票型,2000/10/20,RR4,年配,2026/07/30,58.25,6.24,9.31,20.2,43.82,,10.74,0.48,0.53,-,"3,212百萬",,
摩根基金－環球醫療科技基金 - JPM環球醫療科技 (美元) - A股 (累計),JFZD2-EQUJF029,美元,健康護理股,2009/10/02,RR3,無,2026/07/30,554.27,9.77,3.31,20.16,16.99,,13.71,0.38,0.89,-,"3,330百萬",,
施羅德環球基金系列－環球收益成長(澳幣避險)A-月配固定(C)2 - (配現金)(本基金有相當比重投資於非投資等級之高風險債券且基金之配息來源可能為本金),PYZW4-BGASC033,澳幣,平衡型,2018/11/14,RR3,月配,2026/07/30,183.5274,3.03,4.88,20.1,44.34,,12.53,0.41,0.71,-,"2,624百萬",,
原康健人壽標的＿富達基金－全球科技基金,FTZ62-CFES1,歐元,資訊科技股,1999/09/01,RR4,年配,2026/07/31,90.28,3.7,10.04,20.02,67.03,,19.97,0.27,0.72,-,"36,160百萬",,
富達基金—全球科技基金 (A股歐元),FTZ62-EQEFD018,歐元,資訊科技股,1999/09/01,RR4,年配,2026/07/31,90.28,3.7,10.04,20.02,67.03,,19.97,0.27,0.72,-,"36,160百萬",,
東方匯理基金歐洲氣候股票 A 美元避險,PIZE0-EQUPI003,美元,股票型,2013/09/19,RR4,無,2026/07/31,126.71,9.81,7.35,19.91,39.2,,13.67,0.38,0.86,-,692百萬,,
原康健人壽標的＿瀚亞投資－全球價值股票基金（現金配息）（紐幣避險）(本基金配息來源可能為本金),IOF73-CDNS0,紐幣,股票型,2014/02/14,RR3,月配,2026/07/31,16.165,5.15,5.35,19.85,56.67,,11.92,0.43,0.77,-,687百萬,,
晉達環球策略基金 - 環球策略股票基金 C 收益股份,GSF06-EQUIN002,美元,股票型,2000/06/30,RR3,年配,2026/07/30,259.54,5.62,7.3,19.79,59.12,,15.33,0.34,0.89,-,1800百萬,,
富達基金－全球優勢產業基金(美元),FTZW0-EQUFD017,美元,股票型,2006/10/30,RR4,年配,2026/07/31,39.78,4.71,6.34,19.78,60.73,,15.12,0.34,1.07,-,0百萬,,
富蘭克林坦伯頓全球投資系列-新興國家固定收益基金南非幣避險A(Mdis)股-H1 - (配現金)(本基金有相當比重投資於非投資等級之高風險債券且基金之配息來源可能為本金),FLZJ2-BCZFT018,南非幣,債券型,2017/06/23,RR3,月配,2026/07/31,64.01,3.5,3.38,19.74,51.57,,7.67,0.65,1.58,-,2607百萬,,
富蘭克林坦伯頓全球投資系列-新興國家固定收益基金南非幣避險A(Mdis)股-H1-(配股數)(本基金有相當比重投資於非投資等級之高風險債券且基金之配息來源可能為本金),FLZJ2-BNZFT030,南非幣,債券型,2017/06/23,RR3,月配,2026/07/31,64.01,3.5,3.38,19.74,51.57,,7.67,0.65,1.58,-,2607百萬,,
聯博-歐洲股票基金A股歐元(基金之配息來源可能為本金),ALZC6-EQEAB002,歐元,股票型,2001/05/29,RR4,無,2026/07/31,28.43,4.75,5.57,19.71,37.68,,11.92,0.43,0.79,-,240百萬,,
摩根歐元區股票基金－摩根歐元區股票(美元)－A股(分派),JFZ23-EQUJF018,美元,股票型,1988/11/30,RR4,年配,2026/07/30,20.27,6.35,3.05,19.69,62.3,,17.3,0.31,1.07,-,358百萬,,
高盛基金III - 高盛歐元高股息基金X股歐元(月配息) - (配現金)(本基金之配息來源可能為本金且並無保證收益及配息),ANZD7-ECEIG001,歐元,股票型,2013/11/05,RR4,月配,2026/07/30,454.87,8.1,10.72,19.69,47.35,,13.38,0.38,0.76,-,2134百萬,,
貝萊德美國中型企業價值基金 A2 美元,SHZ12-EQUML009,美元,股票型,1987/05/13,RR4,無,2026/07/31,471.05,10.23,10.97,19.69,38.81,,11.65,0.43,0.66,-,350百萬,,
高盛基金III - 高盛歐元高股息基金X股歐元(本基金之配息來源可能為本金且並無保證收益及配息),ANZ42-EQEIG001,歐元,股票型,2001/04/24,RR4,無,2026/07/30,1022.3,8.1,10.72,19.68,47.35,,13.38,0.38,0.76,-,2134百萬,,
安本基金-前緣市場債券基金 A 月配息 美元 - (配現金)(本基金主要係投資於非投資等級之高風險債券),ANZK36-BCUAD013,美元,債券型,2013/09/25,RR4,月配,2026/07/31,9.4974,3.15,4.55,19.61,57.31,,7.05,0.7,0.18,-,"1,567百萬",,
安本基金-前緣市場債券基金 A 月中配息 美元 - (配現金)(本基金主要係投資於非投資等級之高風險債券),ANZM0-BCUAD018,美元,債券型,2019/06/13,RR4,月配,2026/07/31,9.8427,3.14,4.56,19.6,57.3,,7.05,0.7,1.34,-,"1,567百萬",,
野村基金(愛爾蘭系列)-日本策略價值基金(T美元類股),NFI08-EQUIG075,美元,股票型,2017/10/23,RR4,無,2026/07/30,193.2725,2.37,1.5,19.52,59.12,,18.92,0.28,0.43,-,520576百萬,,
景順美國價值股票基金A股 美元,CTZB4-EQUIV022,美元,股票型,2011/09/30,RR4,無,2026/07/31,89.54,6.52,9.73,19.42,50.66,,10.75,0.46,0.65,-,234百萬,,
原康健人壽標的＿貝萊德全球系列基金－世界金融基金,SHZA8-CLUS6,美元,金融股,2000/03/03,RR4,無,2026/07/31,82.25,11.48,5.13,19.31,113.58,,17.61,0.29,1.19,-,"2,608百萬",,
貝萊德世界金融基金 A2 美元,SHZA8-EQUML012,美元,金融股,2000/03/03,RR4,無,2026/07/31,82.25,11.48,5.13,19.31,113.58,,17.61,0.29,1.19,-,"2,608百萬",,
原康健人壽標的＿聯博－國際醫療基金,ALZ02-CUUS1,美元,健康護理股,1995/07/05,RR3,無,2026/07/31,609.08,7.99,1.97,19.17,15.09,,13.19,0.38,0.98,-,"3,530百萬",,
聯博-國際醫療基金 A股美元(基金之配息來源可能為本金),ALZ02-EQUAB002,美元,健康護理股,1995/07/05,RR3,無,2026/07/31,609.08,7.99,1.97,19.17,15.09,,13.19,0.38,0.98,-,"3,530百萬",,
摩根基金－歐洲動力基金 - JPM歐洲動力(美元)- A股(累計),JFZC1-EQUJF026,美元,股票型,2013/10/23,RR4,無,2026/07/30,303.18,5.08,2.86,19,61.84,,15.66,0.32,1,-,1584百萬,,
富蘭克林坦伯頓全球投資系列-邊境市場基金美元A (acc)股,FLZE3-EQUFT024,美元,股票型,2008/10/14,RR5,無,2026/07/31,32.97,5.13,2.58,18.81,59.43,,13.73,0.36,0.52,-,326百萬,,
PIMCO美國股票增益基金-E級類別(累積股份),PIM12-EQUAL021,美元,股票型,2006/09/11,RR4,無,2026/07/31,80.06,4.01,7.91,18.66,64.7,,13.75,0.35,1.03,-,6400百萬,,
安聯美國多元投資風格股票基金-AT累積類股(美元),TLZA4-EQUAL078,美元,股票型,2016/06/22,RR4,無,2026/07/31,36.4996,5.16,8.92,18.49,67.77,,15.69,0.31,1.13,-,"3,616百萬",,
貝萊德世界金融基金 A10 美元 (總報酬穩定配息) - (配現金)(基金之配息來源可能為本金),SHZV5-ECUML041,美元,金融股,2022/10/19,RR4,月配,2026/07/31,19.82,10.69,4.35,18.47,112.06,,17.55,0.28,1.17,-,"2,608百萬",,
貝萊德世界金融基金 A10 美元 (總報酬穩定配息) - (配股數)(基金之配息來源可能為本金),SHZV5-EQUML042,美元,金融股,2022/10/19,RR4,月配,2026/07/31,19.82,10.69,4.35,18.47,112.06,,17.55,0.28,1.17,-,"2,608百萬",,
施羅德環球基金系列－大中華(美元)A1-累積,PYZH5-EQUSC014,美元,股票型,2003/02/26,RR5,無,2026/07/30,89.4215,-5.11,-2.06,17.94,32.47,,21.8,0.23,0.86,-,"2,043百萬",,
東方匯理基金環球精選入息股票A2 美元(穩定月配息) - (配現金)(本基金並無保證收益及配息且配息來源可能為本金),PIZX1-ECUPI029,美元,股票型,2024/02/22,RR3,月配,2026/07/31,58.77,5.78,8.51,17.94,-,,11.02,0.42,0.75,-,"3,401百萬",,
東方匯理基金環球精選入息股票 A2 美元(穩定月配息) - (配股數)(本基金並無保證收益及配息且配息來源可能為本金),PIZX1-EQUPI031,美元,股票型,2024/02/22,RR3,月配,2026/07/31,58.77,5.78,8.51,17.94,-,,11.02,0.42,0.75,-,"3,401百萬",,
原康健人壽標的＿富達基金－世界基金,FTZ53-CFES0,歐元,股票型,1996/09/06,RR3,年配,2026/07/31,52.36,5.27,11.33,17.82,50.72,,12.75,0.36,0.79,-,"8,164百萬",,
高盛基金III - 高盛邊境市場債券基金X股美元(月配息) - (配現金)(本基金主要係投資於非投資等級之高風險債券且配息來源可能為本金),ANZL5-BCUIG040,美元,固定收益,2018/08/29,RR4,月配,2026/07/30,183.96,1.63,2.8,17.79,52.5,,7.83,0.57,1.53,-,634百萬,,
高盛基金III - 高盛邊境市場債券基金X股美元(月配息) - (配股數)(本基金主要係投資於非投資等級之高風險債券且配息來源可能為本金),ANZL5-BNUIG041,美元,固定收益,2018/08/29,RR4,月配,2026/07/30,183.96,1.63,2.8,17.79,52.5,,7.83,0.57,1.53,-,634百萬,,
高盛基金III - 高盛邊境市場債券基金X股美元(本基金主要係投資於非投資等級之高風險債券且配息來源可能為本金),ANZL7-BNUIG039,美元,固定收益,2018/08/28,RR4,無,2026/07/30,384.9,1.62,2.81,17.77,52.54,,7.82,0.57,1.53,-,634百萬,,
原康健人壽標的＿M＆G全球未來趨勢基金,MMG15-CDUS2,美元,股票型,2007/03/09,RR4,無,2026/07/30,27.9984,2.75,4.42,17.63,39.37,,14.4,0.32,0.76,-,3343百萬,,
M&G全球未來趨勢基金(USD),MMG15-EQUPC004,美元,股票型,2007/03/09,RR4,無,2026/07/30,27.9984,2.75,4.42,17.63,39.37,,14.4,0.32,0.76,-,3343百萬,,
原康健人壽標的＿百達－Quest 全球永續股票,PIC46-CPUS7,美元,股票型,2012/11/30,RR3,無,2026/07/30,367.06,8.51,8.62,17.5,53.94,,13.04,0.35,0.72,-,1306百萬,,
百達-Quest全球永續股票 -R美元,PIC46-EQUPA013,美元,股票型,2012/11/30,RR3,無,2026/07/30,367.06,8.51,8.62,17.5,53.94,,13.04,0.35,0.72,-,1306百萬,,
安聯網路資安趨勢基金-AMf2固定月配類股(美元) - (配現金)(基金之配息來源可能為本金),TLZR9-ECUAL089,美元,股票型,2025/04/15,RR5,月配,2026/07/31,145.07,31.44,32.62,17.43,-,,32.79,0.17,1.18,-,519百萬,,
原康健人壽標的＿首源投資環球傘型基金－首域盈信亞洲增長基金,FSZ08-CSUS4,美元,股票型,2011/06/30,RR5,無,2026/07/30,21.5076,4.22,2.83,17.41,34.61,,17.77,0.27,0.73,-,201百萬,,
安聯網路資安趨勢基金-AT累積類股(美元),TLZN6-EQUAL080,美元,股票型,2021/02/09,RR5,無,2026/07/31,15.5277,31.41,32.59,17.41,88.27,,32.78,0.17,1.18,-,519百萬,,
富蘭克林坦伯頓全球投資系列－新興國家固定收益基金美元A (Mdis)股 - (配現金 )(本基金有相當比重投資於非投資等級之高風險債券且基金之配息來源可能為本金),FLZB8-BCUFT014,美元,債券型,2009/08/14,RR3,月配,2026/07/31,4.44,3.03,2.4,17.36,41.31,,7.74,0.57,1.64,-,2607百萬,,
富蘭克林坦伯頓全球投資系列－新興國家固定收益基金美元A (Mdis)股 - (配股數)(本基金有相當比重投資於非投資等級之高風險債券且基金之配息來源可能為本金),FLZB8-BNUFT014,美元,債券型,2009/08/14,RR3,月配,2026/07/31,4.44,3.03,2.4,17.36,41.31,,7.74,0.57,1.64,-,2607百萬,,
原康健人壽標的＿富蘭克林坦伯頓全球投資系列－新興國家固定收益基金（現金配息）(本基金有相當比重投資於非投資等級之高風險債券且基金之配息來源可能為本金),FLZB8-CKUB9,美元,債券型,2009/08/14,RR3,月配,2026/07/31,4.44,3.03,2.4,17.36,41.31,,7.74,0.57,1.64,-,2607百萬,,
原康健人壽標的＿富蘭克林坦伯頓全球投資系列－新興國家固定收益基金（單位數配息）(本基金有相當比重投資於非投資等級之高風險債券且基金之配息來源可能為本金),FLZB8-CKUBA,美元,債券型,2009/08/14,RR3,月配,2026/07/31,4.44,3.03,2.4,17.36,41.31,,7.74,0.57,1.64,-,2607百萬,,
高盛基金III - 高盛邊境市場債券基金X股對沖級別澳幣(月配息) - (配現金)(本基金主要係投資於非投資等級之高風險債券且配息來源可能為本金),ANZL4-BCAIG042,澳幣,固定收益,2018/08/29,RR4,月配,2026/07/30,244.56,1.77,2.82,17.33,48.26,,7.75,0.56,1.52,-,634百萬,,
高盛基金III - 高盛邊境市場債券基金X股對沖級別澳幣(月配息) - (配股數)(本基金主要係投資於非投資等級之高風險債券且配息來源可能為本金),ANZL4-BNAIG043,澳幣,固定收益,2018/08/29,RR4,月配,2026/07/30,244.56,1.77,2.82,17.33,48.26,,7.75,0.56,1.52,-,634百萬,,
富蘭克林坦伯頓全球投資系列-新興國家固定收益基金美元 A (acc)股(本基金有相當比重投資於非投資等級之高風險債券且基金之配息來源可能為本金),FLZC2-BLUFT014,美元,債券型,2010/01/29,RR3,無,2026/07/31,15.3,2.96,2.41,17.33,41.54,,7.62,0.57,1.58,-,2607百萬,,
富蘭克林坦伯頓全球投資系列-新興國家固定收益基金美元A (Qdis)股 - (配現金)(本基金有相當比重投資於非投資等級之高風險債券且基金之配息來源可能為本金),FLZ30-BCUFT006,美元,債券型,1991/07/05,RR3,季配,2026/07/31,7.56,2.87,2.38,17.26,41.52,,7.66,0.57,1.59,-,2607百萬,,
富蘭克林坦伯頓全球投資系列-新興國家固定收益基金美元A (Qdis)股 - (配股數)(本基金有相當比重投資於非投資等級之高風險債券且基金之配息來源可能為本金),FLZ30-BNUFT006,美元,債券型,1991/07/05,RR3,季配,2026/07/31,7.56,2.87,2.38,17.26,41.52,,7.66,0.57,1.59,-,2607百萬,,
原康健人壽標的＿富蘭克林坦伯頓全球投資系列－新興國家固定收益基金（單位數配息）(本基金有相當比重投資於非投資等級之高風險債券且基金之配息來源可能為本金),FLZ30-CKUB3,美元,債券型,1991/07/05,RR3,季配,2026/07/31,7.56,2.87,2.38,17.26,41.52,,7.66,0.57,1.59,-,2607百萬,,
貝萊德歐洲價值型基金 A2 歐元,SHZ69-EQEML017,歐元,股票型,1997/01/08,RR4,無,2026/07/31,137.8,7.02,4.53,17.17,54.23,,11.05,0.4,0.67,-,"1,529百萬",,
原康健人壽標的＿貝萊德全球股票收益基金（現金配息）(基金之配息來源可能為本金),SHZN6-CLUSE,美元,股票型,2012/02/01,RR3,月配,2026/07/31,20.1,4.85,5.41,17.06,39.33,,13.62,0.33,0.95,-,"1,130百萬",,
貝萊德全球股票收益基金 A6 美元 (穩定配息) - (配現金)(本基金配息可能涉及本金),SHZN6-ECUML001,美元,股票型,2012/02/01,RR3,月配,2026/07/31,20.1,4.85,5.41,17.06,39.33,,13.62,0.33,0.95,-,"1,130百萬",,
原康健人壽標的＿百達－Quest 全球永續股票,PIC47-CPES7,歐元,股票型,2012/11/30,RR3,無,2026/07/30,318.54,10.09,12.2,16.93,47.17,,10.27,0.42,0.5,-,1146百萬,,
富達基金－永續發展全球存股優勢基金 (A股【F1穩定月配息】美元避險) - (配現金)(本基金之配息來源可能為本金且並無保證收益及配息),FTZT6-ECUFD057,美元,股票型,2018/12/12,RR3,月配,2026/07/31,12.32,6.58,7.92,16.92,55.31,,12.77,0.35,0.79,-,2930百萬,,
富蘭克林坦伯頓全球投資系列－新興國家固定收益基金澳幣避險A (Mdis)股-H1 - (配現金)(本基金有相當比重投資於非投資等級之高風險債券且基金之配息來源可能為本金),FLZF2-BCAFT017,澳幣,債券型,2013/02/26,RR3,月配,2026/07/31,3.51,2.93,2.39,16.85,37.5,,7.55,0.56,1.57,-,2607百萬,,
富蘭克林坦伯頓全球投資系列－新興國家固定收益基金澳幣避險A (Mdis)股-H1-(配股數)(本基金有相當比重投資於非投資等級之高風險債券且基金之配息來源可能為本金),FLZF2-BNAFT031,澳幣,債券型,2013/02/26,RR3,月配,2026/07/31,3.51,2.93,2.39,16.85,37.5,,7.55,0.56,1.57,-,2607百萬,,
富達基金－永續發展全球存股優勢基金 (A股C月配息美元避險) - (配現金)(本基金之配息來源可能為本金且並無保證收益及配息),FTZA54-ECUFD051,美元,股票型,2024/06/26,RR3,月配,2026/07/31,11.34,6.61,7.95,16.81,-,,12.78,0.34,0.32,-,2930百萬,,
富達基金－永續發展全球存股優勢基金 (A股C月配息美元避險) - (配股數)(本基金之配息來源可能為本金且並無保證收益及配息),FTZA54-EQUFD052,美元,股票型,2024/06/26,RR3,月配,2026/07/31,11.34,6.61,7.95,16.81,-,,12.78,0.34,0.32,-,2930百萬,,
百達-Quest全球永續股票 -R美元月配息 - (配現金)(基金之配息來源可能為本金),PIC49-ECUPA014,美元,股票型,2016/09/20,RR3,月配,2026/07/30,273.38,7.77,7.89,16.69,53,,12.93,0.34,0.72,-,1306百萬,,
原康健人壽標的＿首域環球傘型基金－首域大中華增長基金(本基金2017/6/16起暫停新申購),FSZ10-CSUS3,美元,股票型,2011/06/30,RR5,無,2026/07/30,24.3809,0.56,5.74,16.68,26.6,,18.03,0.25,0.74,-,566百萬,,
原康健人壽標的＿貝萊德全球股票收益基金（現金配息）（澳幣避險）(基金之配息來源可能為本金),SHZP2-CLAS0,澳幣,股票型,2013/07/17,RR3,月配,2026/07/31,15.05,4.88,5.38,16.62,33.82,,13.7,0.32,0.96,-,"1,130百萬",,
貝萊德全球股票收益基金A8多幣別穩定月配息股份-澳幣避險 - (配現金)(本基金配息可能涉及本金),SHZP2-ECAML001,澳幣,股票型,2013/07/17,RR3,月配,2026/07/31,15.05,4.88,5.38,16.62,33.82,,13.7,0.32,0.96,-,"1,130百萬",,
原康健人壽標的＿景順健康護理創新基金,CTZ19-CIUS4,美元,健康護理股,1994/03/03,RR3,無,2026/07/31,217.71,12.25,4.78,16.52,22.43,,16.51,0.27,1.04,-,228百萬,,
景順健康護理創新基金A-年配息股 美元,CTZ19-EQUIV004,美元,健康護理股,1994/03/03,RR3,無,2026/07/31,217.71,12.25,4.78,16.52,22.43,,16.51,0.27,1.04,-,228百萬,,
景順亞洲消費動力基金,CTZ89-EQUIV008,美元,股票型,2008/03/25,RR5,無,2026/07/31,22.2,2.3,4.91,16.41,40.86,,25.72,0.19,1.07,-,263百萬,,
安盛環球基金－最佳收益基金A DIS「fl」美元(避險)(月配息) pf - (配現金) (本基金之配息來源可能為本金),AXA27-BGUCG021,美元,平衡型,2022/03/07,RR3,月配,2026/07/30,99.26,5.27,5.92,16.26,34,,12.6,0.34,0.65,-,441百萬,,
貝萊德全球智慧數據股票入息基金 A8 多幣別穩定月配息股份-南非幣避險 - (配現金)(基金之配息來源可能為本金且並無保證收益及配息),SHZV1-ECZML031,南非幣,股票型,2020/11/18,RR3,月配,2026/07/31,115.06,4.05,7.9,16.26,59.49,,9.63,0.43,0.63,-,"13,646百萬",,
貝萊德全球智慧數據股票入息基金 A8 多幣別穩定月配息股份-南非幣避險 - (配股數)(基金之配息來源可能為本金且並無保證收益及配息),SHZV1-EQZML030,南非幣,股票型,2020/11/18,RR3,月配,2026/07/31,115.06,4.05,7.9,16.26,59.49,,9.63,0.43,0.63,-,"13,646百萬",,
安本基金-亞洲小型公司基金 A 累積 美元,ANH12-EQUAD002,美元,中小型股,2006/03/24,RR5,無,2026/07/31,74.5898,-3.35,0.63,16.22,51.38,,25.78,0.19,1.05,-,488百萬,,
NB美國房地產基金T月配息類股(南非幣) - (配現金)(基金之配息來源可能為本金),NBT45-EQZNB001,南非幣,REIT,2013/06/11,RR4,月配,2026/07/31,124.99,2.06,13.76,16.19,28.91,,14.85,0.29,0.97,-,240百萬,,
原康健人壽標的＿富蘭克林坦伯頓全球投資系列－互利美國價值基金,FLZ61-CKUSD,美元,股票型,1997/07/07,RR4,無,2026/07/31,133.22,5.5,5.48,16.18,36.05,,12.49,0.34,0.6,-,246百萬,,
富蘭克林坦伯頓全球投資系列-互利美國價值基金美元A (acc)股,FLZ61-EQUFT020,美元,股票型,1997/07/07,RR4,無,2026/07/31,133.22,5.5,5.48,16.18,36.05,,12.49,0.34,0.6,-,246百萬,,
東方匯理基金新興歐非中東股票 A 歐元,PIZ28-EQEPI001,歐元,股票型,2000/12/18,RR5,無,2026/07/31,28.72,3.91,-1.44,16.09,58.59,,15.77,0.27,0.68,-,95百萬,,
貝萊德世界健康科學基金Hedged A2 澳幣,SHZQ9-EQAML002,澳幣,健康護理股,2014/02/26,RR3,無,2026/07/31,24.03,8.63,1.95,16.09,14.54,,13.41,0.31,0.95,-,"12,481百萬",,
施羅德環球基金系列－環球氣候變化策略(美元)A1-累積,PYZG7-EQUSC018,美元,環境生態,2007/06/29,RR4,無,2026/07/30,28.3029,-3.77,1.74,15.94,29.76,,18.13,0.24,0.17,-,"2,305百萬",,
東方匯理基金美國鋒裕股票 A 美元,PIZ25-EQUPI023,美元,股票型,2001/12/11,RR4,無,2026/07/31,32.78,-1.77,3.6,15.87,67.76,,15.18,0.28,1.04,-,"8,473百萬",,
高盛基金III - 高盛環球高股息基金X股對沖級別澳幣(月配息) - (配現金)(本基金之配息來源可能為本金且並無保證收益及配息),ANZD9-ECAIG002,澳幣,股票型,2013/11/04,RR3,月配,2026/07/30,399.28,3.74,8.28,15.76,41.78,,11.45,0.36,0.62,-,851百萬,,
原康健人壽標的＿貝萊德世界健康科學基金,SHZB0-CLUSG,美元,健康護理股,2001/04/06,RR3,無,2026/07/31,75.93,8.21,1.47,15.75,18.03,,13.37,0.31,0.95,-,"12,481百萬",,
貝萊德世界健康科學基金 A2 美元,SHZB0-EQUML017,美元,健康護理股,2001/04/06,RR3,無,2026/07/31,75.93,8.21,1.47,15.75,18.03,,13.37,0.31,0.95,-,"12,481百萬",,
景順亞洲資產配置基金A-穩定月配息股 美元 - (配股數)(基金之配息來源可能為本金),CTZH1-BSUIV001,美元,平衡型,2013/08/21,RR4,月配,2026/07/31,5.89,1.84,4.36,15.71,31.2,,17.74,0.24,0.75,-,151百萬,,
景順亞洲資產配置基金A-月配息股 美元 - (配現金)(基金之配息來源可能為本金),CTZG0-BGUIV001,美元,平衡型,2013/06/19,RR4,月配,2026/07/31,9.01,1.72,4.2,15.62,31.08,,17.75,0.24,0.75,-,151百萬,,
摩根基金 - 歐洲小型企業基金 - JPM歐洲小型企業(美元對沖) - A股(累計),JFZE6-EQUJF030,美元,中小型股,2015/10/14,RR4,無,2026/07/30,314.3,5.08,6.77,15.62,63.08,,15.3,0.27,0.94,-,752百萬,,
駿利亨德森遠見全球地產股票基金(本基金之配息來源可能為本金),HHZ13-EQUHD003,美元,股票型,2005/01/03,RR4,無,2026/07/30,30.3,4.34,10.38,15.6,24.23,,15.75,0.27,0.68,-,967百萬,,
高盛基金III - 高盛環球高股息基金X股美元(本基金之配息來源可能為本金且並無保證收益及配息),ANZ75-EQUIG009,美元,股票型,2006/04/17,RR3,無,2026/07/30,897.42,2.9,6.85,15.57,45.15,,12.67,0.32,0.7,-,851百萬,,
高盛基金III - 高盛環球高股息基金X股美元(月配息) - (配現金)(本基金之配息來源可能為本金且並無保證收益及配息),ANZD8-ECUIG002,美元,股票型,2013/11/04,RR3,月配,2026/07/30,402.49,2.9,6.85,15.57,45.16,,12.67,0.32,0.7,-,851百萬,,
富達基金－永續發展全球存股優勢基金 (A股美元) - (配現金)(本基金並無保證收益及配息),FTZX8-ECUFD047,美元,股票型,2021/05/12,RR3,年配,2026/07/31,13.37,4.86,4.53,15.56,52.32,,15.69,0.27,1.01,-,2930百萬,,
富達基金－永續發展全球存股優勢基金 (A股累計美元)(本基金並無保證收益及配息),FTZX7-EQUFD058,美元,股票型,2021/06/09,RR3,無,2026/07/31,15.15,4.84,4.55,15.56,52.43,,15.71,0.27,1.01,-,2930百萬,,
貝萊德ESG社會責任多元資產基金Hedged A2 美元,SHZM4-BLUML027,美元,平衡型,2010/04/16,RR3,無,2026/07/31,65.65,3.26,5.02,15.54,32.98,,9.92,0.4,0.67,-,"2,980百萬",,
景順環球股票收益基金A-穩定月配息股 美元 - (配現金)(基金之配息來源可能為本金),CTZJ3-ECUIV029,美元,股票型,2014/12/10,RR3,月配,2026/07/31,14.87,6.54,9.58,15.53,60.69,,17.98,0.24,1.2,-,1080百萬,,
景順環球股票收益基金A-穩定月配息股 美元 - (配股數)(基金之配息來源可能為本金),CTZJ3-EQUIV028,美元,股票型,2014/12/10,RR3,月配,2026/07/31,14.87,6.54,9.58,15.53,60.69,,17.98,0.24,1.2,-,1080百萬,,
景順環球股票收益基金A股 美元(基金之配息來源可能為本金),CTZB0-EQUIV025,美元,股票型,2011/09/30,RR3,無,2026/07/31,160.9,6.52,9.52,15.49,60.68,,17.97,0.24,1.2,-,1080百萬,,
高盛基金III - 高盛邊境市場債券基金X股對沖級別歐元(本基金主要係投資於非投資等級之高風險債券且配息來源可能為本金),ANZL3-BNEIG038,歐元,固定收益,2014/05/28,RR4,無,2026/07/30,361.32,1.2,1.86,15.3,43.78,,7.76,0.5,1.52,-,634百萬,,
貝萊德ESG社會責任多元資產基金A8多幣別穩定月配息股份-美元幣避險 - (配現金)(基金之配息來源可能為本金),SHZU7-BGUML028,美元,平衡型,2019/12/18,RR3,月配,2026/07/31,12.75,2.95,4.65,15.2,32.54,,10,0.39,0.67,-,"2,980百萬",,
貝萊德世界健康科學基金 A2 歐元,SHZB1-EQEML015,歐元,健康護理股,2001/04/06,RR3,無,2026/07/31,66.22,10.33,5.33,15.19,13.64,,14.39,0.28,0.85,-,"12,481百萬",,
施羅德環球基金系列－環球永續增長(美元)A-累積,PYZY8-EQUSC034,美元,股票型,2010/11/23,RR3,無,2026/07/30,476.535,5.45,5.52,15.05,41.53,,18.87,0.22,1.05,-,"3,968百萬",,
富蘭克林坦伯頓全球投資系列-穩定月收益基金南非幣避險A(Mdis)股-H1 - (配現金)(本基金有相當比重投資於非投資等級之高風險債券且基金之配息來源可能為本金),FLZJ3-BGZFT003,南非幣,平衡型,2017/06/23,RR3,月配,2026/07/31,115,1.58,4.46,15,37.07,,4.86,0.77,0.31,-,12745百萬,,
聯博-全球不動產證券基金 A股美元,ALZ17-EQUAB007,美元,REIT,1997/02/28,RR4,-,2026/07/31,31.74,1.5,6.69,14.96,26.25,,15.93,0.25,1.08,-,38百萬,,
貝萊德ESG社會責任多元資產基金Hedged A10美元(總報酬穩定配息) - (配現金)(基金之配息來源可能為本金),SHZV2-BGUML029,美元,平衡型,2022/03/30,RR3,月配,2026/07/31,10.3,2.76,4.46,14.91,32.32,,10.16,0.38,0.68,-,"2,980百萬",,
貝萊德全球智慧數據股票入息基金 A2 美元(本基金並無保證收益及配息),SHZU0-EQUML018,美元,股票型,2006/10/13,RR3,無,2026/07/31,27.25,4.29,7.75,14.88,51.14,,9.68,0.39,0.61,-,"13,646百萬",,
景順環球股票收益基金A-穩定月配息(澳幣對沖)股 澳幣 - (配現金)(基金之配息來源可能為本金),CTZJ8-ECAIV027,澳幣,股票型,2015/11/11,RR3,月配,2026/07/31,12.53,6.79,9.52,14.86,53.29,,18.05,0.23,1.2,-,1080百萬,,
景順環球股票收益基金A-穩定月配息(澳幣對沖)股 澳幣 - (配股數)(基金之配息來源可能為本金),CTZJ8-EQAIV026,澳幣,股票型,2015/11/11,RR3,月配,2026/07/31,12.53,6.79,9.52,14.86,53.29,,18.05,0.23,1.2,-,1080百萬,,
摩根基金－亞太入息基金 - JPM亞太入息(美元)－ A股(每月派息) - (配現金)(本基金之配息來源可能為本金且並無保證收益及配息),JFZA4-BGUJF002,美元,平衡型,2012/05/25,RR3,月配,2026/07/30,120.31,0.72,2.92,14.77,37.04,,10.94,0.35,0.47,-,"1,598百萬",,
摩根基金－亞太入息基金 - JPM亞太入息(美元)－ A股(每月派息) - (配股數)(本基金之配息來源可能為本金且並無保證收益及配息),JFZA4-BSUJF055,美元,平衡型,2012/05/25,RR3,月配,2026/07/30,120.31,0.72,2.92,14.77,37.04,,10.94,0.35,0.47,-,"1,598百萬",,
原康健人壽標的＿摩根基金—亞太入息基金（現金配息）(本基金之配息來源可能為本金且並無保證收益及配息),JFZA4-CBUA1,美元,平衡型,2012/05/25,RR3,月配,2026/07/30,120.31,0.72,2.92,14.77,37.04,,10.94,0.35,0.47,-,"1,598百萬",,
摩根基金 - 亞太入息基金 - JPM亞太入息(美元) - A股(分派) - (配現金)(本基金之配息來源可能為本金且並無保證收益及配息),JFH10-BGUJF004,美元,平衡型,2001/06/15,RR3,年配,2026/07/30,38.35,0.74,2.93,14.76,37.02,,10.92,0.35,0.47,-,"1,598百萬",,
原康健人壽標的＿摩根基金－亞太入息基金（現金配息）(本基金之配息來源可能為本金且並無保證收益及配息),JFH10-CBUA3,美元,平衡型,2001/06/15,RR3,年配,2026/07/30,38.35,0.74,2.93,14.76,37.02,,10.92,0.35,0.47,-,"1,598百萬",,
原康健人壽標的＿摩根基金－亞太入息基金（單位數配息）(本基金之配息來源可能為本金且並無保證收益及配息),JFH10-CBUA4,美元,平衡型,2001/06/15,RR3,年配,2026/07/30,38.35,0.74,2.93,14.76,37.02,,10.92,0.35,0.47,-,"1,598百萬",,
摩根基金 - 亞太入息基金 - JPM亞太入息 (美元) - A股(累計)(本基金並無保證收益及配息),JFZH5-BLUJF004,美元,平衡型,2005/03/31,RR3,無,2026/07/30,32.82,0.71,2.88,14.72,36.98,,10.91,0.35,0.47,-,"1,598百萬",,
原康健人壽標的＿摩根基金－亞太入息基金(本基金並無保證收益及配息),JFZH5-CBUA5,美元,平衡型,2005/03/31,RR3,無,2026/07/30,32.82,0.71,2.88,14.72,36.98,,10.91,0.35,0.47,-,"1,598百萬",,
高盛基金III - 高盛美國高股息基金X股對沖級別南非幣(月配息) - (配現金)(本基金之配息來源可能為本金且並無保證收益及配息),ANZD14-BCZIG001,南非幣,股票型,2013/11/04,RR4,月配,2026/07/30,6792.93,6.2,8.98,14.68,55.46,,14.3,0.27,0.3,-,358百萬,,
原康健人壽標的＿富達基金－永續發展全球存股優勢基金(本基金並無保證收益及配息),FTZ61-CFES2,歐元,股票型,1999/09/01,RR3,年配,2026/07/31,13.14,6.83,7.88,14.67,45.77,,12.59,0.3,0.76,-,2930百萬,,
富達基金—永續發展全球存股優勢基金 (A股歐元)(本基金並無保證收益及配息),FTZ61-EQEFD023,歐元,股票型,1999/09/01,RR3,年配,2026/07/31,13.14,6.83,7.88,14.67,45.77,,12.59,0.3,0.76,-,2930百萬,,
原康健人壽標的＿富達基金－全球入息基金（現金配息）(本基金之配息來源可能為本金且並無保證收益及配息),FTZM6-CFUSK,美元,股票型,2012/01/30,RR3,月配,2026/07/31,24.6,2.08,5.66,14.59,53.13,,14.1,0.27,0.8,-,"21,352百萬",,
富達基金—全球入息基金 (A股【F1穩定月配息】美元)(本基金之配息來源可能為本金且並無保證收益及配息),FTZM6-ECUFD001,美元,股票型,2012/01/30,RR3,月配,2026/07/31,24.6,2.08,5.66,14.59,53.13,,14.1,0.27,0.8,-,"21,352百萬",,
美盛凱利基礎建設價值基金A類股美元累積型(避險)(本基金之配息來源可能為本金),WEA84-EQUMS012,美元,股票型,2017/03/16,RR3,無,2026/07/31,21.37,-0.79,7.28,14.58,37.87,,12.15,0.31,0.2,-,1578百萬,,
富達基金－全球入息基金 (A股累計美元)(本基金並無保證收益及配息),FTZM7-EQUFD048,美元,股票型,2012/05/04,RR3,無,2026/07/31,35.54,2.1,5.71,14.57,53.19,,14.11,0.27,0.8,-,"21,352百萬",,
美盛凱利基礎建設價值基金A類股美元增益配息型(M)(避險)-(配現金)(基金之配息來源可能為本金),WEA85-ECUMS011,美元,股票型,2017/06/19,RR3,月配,2026/07/31,12.47,-0.79,7.3,14.57,37.53,,12.18,0.31,0.2,-,1578百萬,,
富達基金—瑞士基金 (A股瑞士法郎),FTZ30-EQCFD001,瑞郎,股票型,1995/02/13,RR4,年配,2026/07/31,88.19,9.27,9.23,14.43,21.06,,11.64,0.32,0.78,-,259百萬,,
法巴全球環境基金 C (美元),PAZC1-EQUBN019,美元,環境生態,2012/11/30,RR4,無,2026/07/30,430.24,3.36,9.79,14.38,35.55,,21.46,0.19,0.7,-,"1,352百萬",,
原康健人壽標的＿景順東協基金(本基金自110年12月24日起暫停新申購),CTZ13-CIUS1,美元,股票型,1992/09/02,RR5,年配,2026/07/31,124.16,8.59,3.9,14.33,18.37,,12.91,0.29,0.35,-,50百萬,,
景順東協基金A-年配息股 美元,CTZ13-EQUIV009,美元,股票型,1992/09/02,RR5,年配,2026/07/31,124.16,8.59,3.9,14.33,18.37,,12.91,0.29,0.35,-,50百萬,,
晉達環球策略基金－環球環境基金C累積股份,GSFG5-EQUIN012,美元,環境生態,2019/12/02,RR3,無,2026/07/30,34.19,-0.03,5.66,14.27,16.81,,15.51,0.25,0.46,-,466百萬,,
貝萊德全球智慧數據股票入息基金 A6 美元 (穩定配息) - (配現金)(基金之配息來源可能為本金且並無保證收益及配息),SHZT9-ECUML002,美元,股票型,2014/10/08,RR3,月配,2026/07/31,9.8,3.66,7.13,14.22,50.21,,9.53,0.38,0.61,-,"13,646百萬",,
貝萊德全球智慧數據股票入息基金 A6 美元 (穩定配息) - (配股數)(基金之配息來源可能為本金且並無保證收益及配息),SHZT9-EQUML034,美元,股票型,2014/10/08,RR3,月配,2026/07/31,9.8,3.66,7.13,14.22,50.21,,9.53,0.38,0.61,-,"13,646百萬",,
原康健人壽標的＿富蘭克林坦伯頓世界基金(本基金之配息來源可能為本金),FLZ12-CKUS8,美元,股票型,1978/01/17,RR3,年配,2026/07/31,18.81,3.07,3.35,14.16,60.55,,15.04,0.25,1.06,-,2924百萬,,
摩根基金－亞太入息基金 - JPM 亞太入息(澳元對沖)－ A股(利率入息) - (配現金)(本基金之配息來源可能為本金且並無保證收益及配息),JFZB8-BGAJF002,澳幣,平衡型,2013/10/07,RR3,月配,2026/07/30,9.59,0.75,2.6,14.01,32.27,,10.9,0.33,0.46,-,"1,598百萬",,
摩根基金－亞太入息基金 - JPM 亞太入息(澳元對沖)－ A股(利率入息) - (配股數)(本基金之配息來源可能為本金且並無保證收益及配息),JFZB8-BSAJF002,澳幣,平衡型,2013/10/07,RR3,月配,2026/07/30,9.59,0.75,2.6,14.01,32.27,,10.9,0.33,0.46,-,"1,598百萬",,
原康健人壽標的＿摩根基金－亞太入息基金（現金配息）（澳幣對沖）(本基金之配息來源可能為本金且並無保證收益及配息),JFZB8-CBAA2,澳幣,平衡型,2013/10/07,RR3,月配,2026/07/30,9.59,0.75,2.6,14.01,32.27,,10.9,0.33,0.46,-,"1,598百萬",,
原康健人壽標的＿摩根基金－亞太入息基金（單位數配息）（澳幣對沖）(本基金之配息來源可能為本金且並無保證收益及配息),JFZB8-CBAA3,澳幣,平衡型,2013/10/07,RR3,月配,2026/07/30,9.59,0.75,2.6,14.01,32.27,,10.9,0.33,0.46,-,"1,598百萬",,
原康健人壽標的＿富蘭克林潛力組合基金(本基金之配息來源可能為本金),FLZ02-CKUSE,美元,中小型股,1990/04/02,RR4,年配,2026/07/31,39.02,3.69,6.23,13.98,31.51,,13.02,0.28,0.62,-,762百萬,,
安盛環球基金-最佳收益基金A CAP歐元 pf(本基金之配息來源可能為本金),AXA11-BLECG020,歐元,平衡型,2003/11/19,RR3,無,2026/07/30,256.41,4.81,5.11,13.79,28.41,,12.24,0.29,0.62,-,441百萬,,
瀚亞投資-全球新興市場債券基金Azdmc1(南非幣避險穩定月配) - (配現金)(本基金有相當比重投資於非投資等級之高風險債券且配息來源可能為本金),IOF83-BCZPC001,南非幣,債券型,2014/05/15,RR3,月配,2026/07/31,8.011,1.33,3.03,13.76,42.93,,6.67,0.52,1.58,-,536百萬,,
富達基金—全球入息基金 (A股【F1穩定月配息】歐元)(本基金之配息來源可能為本金且並無保證收益及配息),FTZM5-ECEFD001,歐元,股票型,2012/01/30,RR3,月配,2026/07/31,28.25,4.01,9.1,13.74,46.57,,11.43,0.31,0.56,-,"21,352百萬",,
原康健人壽標的＿百達保安－R歐元,PIC17-CPES4,歐元,股票型,2006/11/01,RR4,無,2026/07/30,358,21.17,25.34,13.69,39.71,,28.05,0.15,0.92,-,5180百萬,,
原康健人壽標的＿富蘭克林坦伯頓中小型公司成長基金（現金配息）(本基金之配息來源可能為本金),FLZ17-CKUSP,美元,中小型股,1981/06/01,RR4,年配,2026/07/31,10.47,4.39,4.28,13.67,23.87,,15.7,0.24,0.95,-,824百萬,,
貝萊德全球智慧數據股票入息基金 A8 多幣別穩定月配息股份-澳幣避險 - (配現金)(基金之配息來源可能為本金且並無保證收益及配息),SHZT7-ECAML002,澳幣,股票型,2014/10/08,RR3,月配,2026/07/31,9.15,3.59,7.03,13.64,44.27,,9.49,0.37,0.61,-,"13,646百萬",,
富蘭克林坦伯頓全球投資系列－全球產業龍頭基金美元A穩定月配股(本基金之配息來源可能為本金),FLZ60-EQUFT026,美元,股票型,2005/05/27,RR3,月配,2026/07/31,13.04,2.91,3.15,13.64,47.06,,15,0.24,1.06,-,71百萬,,
原康健人壽標的＿摩根東協基金,JFZ01-CBUS7,美元,股票型,1983/07/07,RR5,無,2026/07/30,193.43,6.44,4.34,13.52,30.63,,11.88,0.3,0.32,-,"1,133百萬",,
摩根東協基金-摩根東協(美元)(累計),JFZ01-EQUJF009,美元,股票型,1983/07/07,RR5,無,2026/07/30,193.43,6.44,4.34,13.52,30.63,,11.88,0.3,0.32,-,"1,133百萬",,
原康健人壽標的＿首源全球基建基金（現金配息）(本基金之配息來源可能為本金),FSH26-CSUS7,美元,股票型,2008/06/27,RR4,半年配,2026/07/30,16.1901,0.82,6.1,13.47,34.68,,9.81,0.35,0.28,-,830百萬,,
首源投資環球傘型基金-首源全球基建基金 - (配現金)(本基金之配息來源可能為本金),FSH26-EQUCC002,美元,股票型,2008/06/27,RR4,半年配,2026/07/30,16.1901,0.82,6.1,13.47,34.68,,9.81,0.35,0.28,-,830百萬,,
原康健人壽標的＿富蘭克林坦伯頓全球投資系列－金磚國家基金,FLZA0-CKUSF,美元,股票型,2005/10/25,RR5,無,2026/07/31,27.92,0.25,-1.17,13.45,51.33,,16.13,0.23,1,-,455百萬,,
富蘭克林坦伯頓全球投資系列-金磚國家基金美元A (acc)股,FLZA0-EQUFT007,美元,股票型,2005/10/25,RR5,無,2026/07/31,27.92,0.25,-1.17,13.45,51.33,,16.13,0.23,1,-,455百萬,,
路博邁投資基金 - NB美國房地產基金T累積類股(美元)(基金之配息來源可能為本金),NBT25-EQUNB001,美元,REIT,2013/07/16,RR4,無,2026/07/31,18.32,1.38,12.53,13.44,20.21,,14.84,0.24,0.97,-,240百萬,,
NB美國房地產基金T月配息類股(美元) - (配現金)(基金之配息來源可能為本金),NBT26-EQUNB003,美元,REIT,2013/06/26,RR4,月配,2026/07/31,10.42,1.3,12.48,13.33,20.08,,14.95,0.24,0.98,-,240百萬,,
路博邁投資基金 - NB美國房地產基金T累積類股(澳元)(基金之配息來源可能為本金),NBT48-EQANB001,澳幣,REIT,2013/07/16,RR4,無,2026/07/31,16.95,1.56,12.55,13.23,15.94,,14.9,0.24,0.98,-,240百萬,,
NB美國房地產基金T月配息類股(澳元) - (配現金)(基金之配息來源可能為本金),NBT46-EQANB002,澳幣,REIT,2015/10/13,RR4,月配,2026/07/31,8.93,1.57,12.6,13.22,15.97,,14.91,0.24,0.98,-,240百萬,,
貝萊德ESG社會責任多元資產基金A2 歐元,SHZ35-BLEML001,歐元,平衡型,1999/01/04,RR3,無,2026/07/31,22.88,2.83,4,13.16,25.78,,9.91,0.34,0.67,-,"2,980百萬",,
原康健人壽標的＿富達基金－歐洲入息基金（現金配息）（美元避險）(本基金之配息來源可能為本金且並無保證收益及配息),FTZO4-CFUSJ,美元,股票型,2014/01/10,RR4,月配,2026/07/31,18.86,6.33,7.14,12.92,51.7,,11.72,0.29,0.7,-,"1,226百萬",,
原康健人壽標的＿富蘭克林坦伯頓成長基金(本基金之配息來源可能為本金),FLZ13-CKUS0,美元,股票型,1954/11/29,RR3,年配,2026/07/31,29.54,2.43,1.76,12.57,40.55,,12.98,0.25,0.9,-,9312百萬,,
原康健人壽標的＿富蘭克林坦伯頓成長基金（現金配息）(本基金之配息來源可能為本金),FLZ13-CKUST,美元,股票型,1954/11/29,RR3,年配,2026/07/31,29.54,2.43,1.76,12.57,40.55,,12.98,0.25,0.9,-,9312百萬,,
富蘭克林坦伯頓成長基金 A股(本基金之配息來源可能為本金),FLZ13-EQUFT021,美元,股票型,1954/11/29,RR4,年配,2026/07/31,29.54,2.43,1.76,12.57,40.55,,12.98,0.25,0.9,-,9312百萬,,
亨德森遠見泛歐小型公司基金,HHZ10-EQEHD002,歐元,中小型股,1993/08/02,RR4,無,2026/07/30,91.89,6.26,7.84,12.57,33.27,,19.68,0.18,1.06,-,1380百萬,,
摩根東協基金-摩根東協(澳幣對沖)(累計),JFZB7-EQAJF002,澳幣,股票型,2012/12/28,RR5,無,2026/07/30,15.25,6.42,3.95,12.55,24.19,,11.93,0.27,0.32,-,"1,133百萬",,
原康健人壽標的＿摩根基金(單位信託系列)—摩根東協基金,JFZB7-CBAS0,澳幣,股票型,2012/12/28,RR5,無,2026/07/30,15.25,6.42,3.95,12.55,24.19,,11.93,0.27,0.32,-,"1,133百萬",,
原康健人壽標的＿富達基金－歐洲入息基金（現金配息）（澳幣避險）(本基金之配息來源可能為本金且並無保證收益及配息),FTZP8-CFAS1,澳幣,股票型,2014/04/09,RR4,月配,2026/07/31,14.49,6.42,7.07,12.53,47.58,,11.8,0.28,0.7,-,"1,226百萬",,
高盛基金III - 高盛美國高股息基金X股美元(月配息) - (配現金)(本基金之配息來源可能為本金且並無保證收益及配息),ANZD12-ECUIG001,美元,股票型,2013/11/04,RR4,月配,2026/07/30,542.79,5.64,8.21,12.52,45.72,,14.21,0.23,0.29,-,358百萬,,
高盛基金III - 高盛美國高股息基金X股美元(本基金之配息來源可能為本金且並無保證收益及配息),ANZ85-EQUIG007,美元,股票型,2005/03/31,RR4,無,2026/07/30,1074.91,5.64,8.21,12.52,45.72,,14.21,0.23,0.78,-,358百萬,,
原康健人壽標的＿富達基金－美國基金,FTZ05-CFUS2,美元,股票型,1990/10/01,RR4,年配,2026/07/31,18.74,-0.16,2.18,12.49,26.96,,11.43,0.28,0.57,-,"2,744百萬",,
富達基金—美國基金 (A股美元),FTZ05-EQUFD004,美元,股票型,1990/10/01,RR4,年配,2026/07/31,18.74,-0.16,2.18,12.49,26.96,,11.43,0.28,0.57,-,"2,744百萬",,
東方匯理基金新興市場債券 A 南非幣避險 (穩定月配息) - (配現金)(本基金主要係投資於非投資等級之高風險債券且配息來源可能為本金),PIZD7-BCZPI008,南非幣,債券型,2014/09/30,RR3,月配,2026/07/31,216.03,1.27,2.5,12.45,41.14,,5.73,0.54,1.23,-,"4,505百萬",,
東方匯理基金新興市場債券 A 南非幣避險 (穩定月配息) - (配股數)(本基金主要係投資於非投資等級之高風險債券且配息來源可能為本金),PIZD7-BNZPI019,南非幣,債券型,2014/09/30,RR3,月配,2026/07/31,216.03,1.27,2.5,12.45,41.14,,5.73,0.54,1.23,-,"4,505百萬",,
原康健人壽標的＿富蘭克林高成長基金(本基金之配息來源可能為本金),FLZ08-CKUS4,美元,股票型,1987/01/14,RR4,季配,2026/07/31,97.26,4.92,6.97,12.4,37.21,,8.96,0.35,0.54,-,27274百萬,,
貝萊德環球資產配置基金 A2 美元,SHZB2-BLUML003,美元,平衡型,1997/01/03,RR3,無,2026/07/31,97.5,2.31,2.08,12.38,37.81,,11.22,0.29,0.79,-,"18,899百萬",,
原康健人壽標的＿貝萊德全球系列基金－環球資產配置基金,SHZB2-CLUA0,美元,平衡型,1997/01/03,RR3,無,2026/07/31,97.5,2.31,2.08,12.38,37.81,,11.22,0.29,0.79,-,"18,899百萬",,
富蘭克林坦伯頓全球投資系列-穩定月收益基金美元A(acc)股(本基金有相當比重投資於非投資等級之高風險債券且基金之配息來源可能為本金),FLZI0-BLUFT015,美元,平衡型,2015/01/09,RR3,無,2026/07/31,16.68,0.97,3.28,12.32,27.04,,4.83,0.63,0.31,-,12745百萬,,
富蘭克林坦伯頓全球投資系列-穩定月收益基金美元A (Mdis)股 - (配現金)(本基金有相當比重投資於非投資等級之高風險債券且基金之配息來源可能為本金),FLZ92-BGUFT001,美元,平衡型,1999/07/01,RR3,月配,2026/07/31,9.92,0.92,3.18,12.25,26.93,,4.86,0.62,0.31,-,12745百萬,,
富蘭克林坦伯頓全球投資系列-穩定月收益基金美元A (Mdis)股 - (配股數)(本基金有相當比重投資於非投資等級之高風險債券且基金之配息來源可能為本金),FLZ92-BSUFT001,美元,平衡型,1999/07/01,RR3,月配,2026/07/31,9.92,0.92,3.18,12.25,26.93,,4.86,0.62,0.31,-,12745百萬,,
原康健人壽標的＿富蘭克林坦伯頓全球投資系列－穩定月收益基金（單位數配息）(本基金有相當比重投資於非投資等級之高風險債券且基金之配息來源可能為本金),FLZ92-CKUA1,美元,平衡型,1999/07/01,RR3,月配,2026/07/31,9.92,0.92,3.18,12.25,26.93,,4.86,0.62,0.31,-,12745百萬,,
聯博-全球多元收益基金AD月配南非幣避險級別 - (配現金)(基金之配息來源可能為本金),ALBG7-BGZAB026,南非幣,平衡型,2015/03/16,RR3,月配,2026/07/31,57.95,1.86,3.42,12.25,45.63,,7.5,0.41,0.52,-,"3,800百萬",,
安聯收益成長基金-AM穩定月收類股(南非幣避險) - (配現金)(本基金有相當比重投資於非投資等級之高風險債券且配息來源可能為本金),TLZ78-BGZAL001,南非幣,平衡型,2015/03/18,RR3,月配,2026/07/31,108.05,1.86,4.61,11.98,43.3,,9.92,0.31,0.89,-,"58,185百萬",,
安聯收益成長基金-AM穩定月收類股(南非幣避險) - (配股數)(本基金有相當比重投資於非投資等級之高風險債券且配息來源可能為本金),TLZ78-BSZAL002,南非幣,平衡型,2015/03/18,RR3,月配,2026/07/31,108.05,1.86,4.61,11.98,43.3,,9.92,0.31,0.89,-,"58,185百萬",,
原康健人壽標的＿安聯收益成長基金AM （現金配息）(本基金有相當比重投資於非投資等級之高風險債券且配息來源可能為本金),TLZ78-CAAZ0,南非幣,平衡型,2015/03/18,RR3,月配,2026/07/31,108.05,1.86,4.61,11.98,43.3,,9.92,0.31,0.89,-,"58,185百萬",,
原康健人壽標的＿安聯收益成長基金AM （單位數配息）(本基金有相當比重投資於非投資等級之高風險債券且配息來源可能為本金),TLZ78-CAAZ1,南非幣,平衡型,2015/03/18,RR3,月配,2026/07/31,108.05,1.86,4.61,11.98,43.3,,9.92,0.31,0.89,-,"58,185百萬",,
東方匯理基金環球責任股票 A2南非幣避險 (穩定月配息) - (配現金)(本基金之配息來源可能為本金),PIZW1-ECZPI028,南非幣,股票型,2021/10/18,RR3,月配,2026/07/31,1133.5,4.49,7.71,11.95,62.09,,10.77,0.29,0.48,-,"2,812百萬",,
富蘭克林坦伯頓全球投資系列-穩定月收益基金澳幣避險A(Mdis)股-H1 - (配現金)(本基金有相當比重投資於非投資等級之高風險債券且基金之配息來源可能為本金),FLZH4-BGAFT002,澳幣,平衡型,2015/01/09,RR3,月配,2026/07/31,7.24,1.07,3.28,11.94,23.44,,4.78,0.62,0.31,-,12745百萬,,
M&G入息基金A(南非幣避險月配)F1-(配現金)(本基金配息來源可能為本金且並無保證收益及配息),MMG59-BGZPC042,南非幣,平衡型,2021/09/23,RR3,月配,2026/07/30,107.4309,1.47,1.72,11.92,28.06,,8.91,0.34,0.47,-,634百萬,,
貝萊德環球資產配置基金 Hedged A2 澳幣,SHZM3-BLAML001,澳幣,平衡型,2010/01/22,RR3,無,2026/07/31,26.31,2.37,2.02,11.91,32.88,,11.22,0.27,0.79,-,"18,899百萬",,
貝萊德環球資產配置基金 A2 歐元,SHZB3-EQEML014,歐元,平衡型,2002/07/31,RR3,無,2026/07/31,85.03,4.32,5.96,11.84,32.69,,9.62,0.31,0.58,-,"18,899百萬",,
路博邁投資基金 - NB新興市場本地貨幣債券基金T月配息類股(南非幣) - (配現金)(本基金有相當比重投資於非投資等級之高風險債券且配息來源可能為本金),NBTC0-BCZNB002,南非幣,債券型,2015/06/05,RR3,月配,2026/07/31,36.38,1.67,-0.54,11.83,25.06,,9.47,0.32,1.91,-,995百萬,,
路博邁投資基金 - NB新興市場本地貨幣債券基金T月配息類股(南非幣) - (配股數)(本基金有相當比重投資於非投資等級之高風險債券且配息來源可能為本金),NBTC0-BNZNB005,南非幣,債券型,2015/06/05,RR3,月配,2026/07/31,36.38,1.67,-0.54,11.83,25.06,,9.47,0.32,1.91,-,995百萬,,
貝萊德環球資產配置基金 A10 美元 (總報酬穩定配息) - (配現金)(基金之配息來源可能為本金),SHZW8-BGUML035,美元,平衡型,2023/07/19,RR3,月配,2026/07/31,11.28,1.64,1.39,11.6,36.14,,11.39,0.26,0.8,-,"18,899百萬",,
施羅德環球基金系列－環球多元收益(美元)A-月配固定 - (配現金)(基金之配息來源可能為本金),PYZW5-BGUSC041,美元,平衡型,2018/02/14,RR3,月配,2026/07/30,105.5842,-0.11,0.32,11.57,35.91,,6.83,0.42,0.37,-,"1,804百萬",,
施羅德環球基金系列－環球多元收益(美元)A-月配固定 - (配股數)(基金之配息來源可能為本金),PYZW5-BSUSC042,美元,平衡型,2018/02/14,RR3,月配,2026/07/30,105.5842,-0.11,0.32,11.57,35.91,,6.83,0.42,0.37,-,"1,804百萬",,
高盛基金III - 高盛美國高股息基金X股對沖級別澳幣(月配息) - (配現金)(本基金之配息來源可能為本金且並無保證收益及配息),ANZD13-ECAIG001,澳幣,股票型,2013/11/04,RR4,月配,2026/07/30,471.31,5.74,7.96,11.5,40.09,,14.33,0.21,0.3,-,358百萬,,
施羅德環球基金系列－瑞士股票(瑞士法郎)A1-累積,PYZC6-EQCSC013,瑞郎,股票型,2001/08/31,RR4,無,2026/07/30,59.3866,9.39,8.32,11.42,19.97,,12.7,0.24,0.82,-,180百萬,,
瀚亞投資－亞洲非投資等級債券基金Azdmc1(南非幣避險穩定月配) - (配現金)(本基金配息來源可能為本金),IOFC1-BCZPC039,南非幣,非投資等級債券,2011/10/03,RR4,月配,2026/07/31,4.513,2.78,2.51,11.41,44.98,,5.15,0.55,1.55,-,200百萬,,
富達基金－永續發展全球存股優勢基金 (A股C月配息日圓(日圓/美元 避險)) - (配現金)(本基金之配息來源可能為本金且並無保證收益及配息),FTZA56-ECJFD055,日圓,股票型,2024/07/10,RR3,月配,2026/07/31,1050,3.97,2.86,11.31,-,,15.65,0.2,0.37,-,2930百萬,,
富達基金－永續發展全球存股優勢基金 (A股C月配息日圓(日圓/美元 避險)) - (配股數)(本基金之配息來源可能為本金且並無保證收益及配息),FTZA56-EQJFD056,日圓,股票型,2024/07/10,RR3,月配,2026/07/31,1050,3.97,2.86,11.31,-,,15.65,0.2,0.37,-,2930百萬,,
高盛基金III - 高盛新興市場債券基金X股對沖級別南非幣(月配息) - (配現金)(本基金主要係投資於非投資等級之高風險債券且配息來源可能為本金),ANZH1-BCZIG002,南非幣,債券型,2014/06/30,RR3,月配,2026/07/30,787.22,0.81,1.9,11.3,37.76,,6.25,0.45,1.5,-,5154百萬,,
高盛基金III - 高盛新興市場債券基金X股對沖級別南非幣(月配息)-(配股數)(本基金主要係投資於非投資等級之高風險債券且配息來源可能為本金),ANZH1-BNZIG017,南非幣,債券型,2014/06/30,RR3,月配,2026/07/30,787.22,0.81,1.9,11.3,37.76,,6.25,0.45,1.5,-,5154百萬,,
原康健人壽標的＿富達基金－東協基金,FTZ13-CFUSB,美元,股票型,1990/10/01,RR5,年配,2026/07/31,40.71,7.9,1.32,11.3,24.46,,12.96,0.23,0.32,-,669百萬,,
原康健人壽標的＿富達基金－東協基金（現金配息）,FTZ13-CFUSE,美元,股票型,1990/10/01,RR5,年配,2026/07/31,40.71,7.9,1.32,11.3,24.46,,12.96,0.23,0.32,-,669百萬,,
富達基金—東協基金 (A股美元),FTZ13-EQUFD012,美元,股票型,1990/10/01,RR5,年配,2026/07/31,40.71,7.9,1.32,11.3,24.46,,12.96,0.23,0.32,-,669百萬,,
貝萊德環球資產配置基金Hedged A10 澳幣 (總報酬穩定配息) - (配現金)(基金之配息來源可能為本金),SHZW9-BGAML037,澳幣,平衡型,2023/07/19,RR3,月配,2026/07/31,10.88,1.76,1.45,11.25,31.44,,11.32,0.26,0.79,-,"18,899百萬",,
原康健人壽標的＿瀚亞投資－全球新興市場債券基金（現金配息）(本基金有相當比重投資於非投資等級之高風險債券且配息來源可能為本金),IOF61-CDUB3,美元,債券型,2012/10/15,RR3,月配,2026/07/31,6.894,0.71,1.78,11.15,32.24,,6.69,0.41,1.6,-,536百萬,,
富達基金—全球金融服務基金 (A股歐元),FTZ66-EQEFD020,歐元,金融股,2000/09/01,RR4,年配,2026/07/31,77.53,12.62,10.57,11.14,60.74,,11.6,0.25,0.73,-,"1,321百萬",,
路博邁投資基金 - NB美國多元企業機會基金T累積類股(美元),NBT74-EQUNB002,美元,股票型,2013/11/22,RR4,無,2026/07/31,32.64,2.74,4.99,11.13,46.56,,10.61,0.27,0.72,-,387百萬,,
摩根投資基金 - 多重收益基金 - JPM多重收益(美元對沖) - A股(利率入息) - (配現金)(本基金有相當比重投資於非投資等級之高風險債券且配息來源可能為本金),JFZK2-BGUJF036,美元,平衡型,2018/03/26,RR3,月配,2026/07/30,8.49,1.82,4.15,11.12,31.93,,7.32,0.38,0.43,-,21391百萬,,
摩根投資基金 - 多重收益基金 - JPM多重收益(美元對沖) - A股(利率入息) - (配股數)(本基金有相當比重投資於非投資等級之高風險債券且配息來源可能為本金),JFZK2-BSUJF046,美元,平衡型,2018/03/26,RR3,月配,2026/07/30,8.49,1.82,4.15,11.12,31.93,,7.32,0.38,0.43,-,21391百萬,,
瀚亞投資-全球新興市場債券基金Admc1(美元穩定月配) - (配現金)(本基金有相當比重投資於非投資等級之高風險債券且配息來源可能為本金),IOF81-BCUPC019,美元,債券型,2014/05/15,RR3,月配,2026/07/31,6.475,0.73,1.79,11.11,32.18,,6.68,0.41,1.6,-,536百萬,,
瑞銀 (盧森堡) 新興市場債券基金 (美元)(本基金有相當比重投資於非投資等級之高風險債券),SBZ60-BNUBS006,美元,債券型,1998/03/17,RR3,無,2026/07/29,2258.31,0.82,1,11.11,39.07,,7.62,0.36,1.54,-,"1,858百萬",,
原康健人壽標的＿瀚亞投資－全球新興市場債券基金(本基金有相當比重投資於非投資等級之高風險債券),IOF60-CDUB2,美元,債券型,2011/06/15,RR3,無,2026/07/31,15.931,0.72,1.79,11.1,32.19,,6.68,0.41,1.6,-,536百萬,,
摩根投資基金-多重收益基金A股(美元對沖)(每季派息) - (配現金)(本基金有相當比重投資於非投資等級之高風險債券且配息來源可能為本金),JFZA3-BGUJF067,美元,平衡型,2012/01/13,RR3,季配,2026/07/30,139.44,1.82,4.12,11.1,31.95,,7.31,0.38,0.42,-,21391百萬,,
摩根投資基金-多重收益基金A股(美元對沖)(每季派息)-(配股數) - (配股數)(本基金有相當比重投資於非投資等級之高風險債券且配息來源可能為本金),JFZA3-BSUJF068,美元,平衡型,2012/01/13,RR3,季配,2026/07/30,139.44,1.82,4.12,11.1,31.95,,7.31,0.38,0.42,-,21391百萬,,
摩根投資基金－多重收益基金 - JPM多重收益(美元對沖) - A股(每月派息) - (配現金)(本基金有相當比重投資於非投資等級之高風險債券且配息來源可能為本金),JFZA5-BGUJF001,美元,平衡型,2012/08/31,RR3,月配,2026/07/30,129.32,1.81,4.12,11.1,31.9,,7.3,0.38,0.42,-,21391百萬,,
原康健人壽標的＿摩根投資基金－多重收益基金（現金配息）（美元對沖）(本基金有相當比重投資於非投資等級之高風險債券且基金之配息來源可能為本金),JFZA5-CBUA0,美元,平衡型,2012/08/31,RR3,月配,2026/07/30,129.32,1.81,4.12,11.1,31.9,,7.3,0.38,0.42,-,21391百萬,,
摩根投資基金 - 多重收益基金 - JPM多重收益(美元對沖) - A股(穩定月配) - (配現金)(本基金有相當比重投資於非投資等級之高風險債券且配息來源可能為本金),JFZN3-BGUJF059,美元,平衡型,2021/07/02,RR3,月配,2026/07/30,74.08,1.8,4.11,11.08,31.82,,7.32,0.38,0.43,-,21391百萬,,
摩根投資基金 - 多重收益基金 - JPM多重收益(美元對沖) - A股(穩定月配) - (配股數)(本基金有相當比重投資於非投資等級之高風險債券且配息來源可能為本金),JFZN3-BSUJF060,美元,平衡型,2021/07/02,RR3,月配,2026/07/30,74.08,1.8,4.11,11.08,31.82,,7.32,0.38,0.43,-,21391百萬,,
摩根投資基金－多重收益基金 - JPM多重收益(美元對沖) - A股(累計)(本基金有相當比重投資於非投資等級之高風險債券),JFZA6-BLUJF002,美元,平衡型,2012/05/30,RR3,無,2026/07/30,273.16,1.82,4.1,11.07,31.87,,7.3,0.38,0.42,-,21391百萬,,
原康健人壽標的＿摩根投資基金—多重收益基金（美元對沖）(本基金有相當比重投資於非投資等級之高風險債券),JFZA6-CBUSG,美元,平衡型,2012/05/30,RR3,無,2026/07/30,273.16,1.82,4.1,11.07,31.87,,7.3,0.38,0.42,-,21391百萬,,
富蘭克林坦伯頓全球投資系列－全球債券總報酬基金美元A(Mdis)股 - (配現金)(本基金有相當比重投資於非投資等級之高風險債券且基金之配息來源可能為本金),FLZF6-BCUFT015,美元,固定收益,2003/08/29,RR3,月配,2026/07/31,7.81,1.47,1.27,11.05,18.41,,7.97,0.35,1.25,-,1575百萬,,
原康健人壽標的＿富達基金－歐洲入息基金(本基金並無保證收益及配息),FTZO5-CFES7,歐元,股票型,2010/11/02,RR4,無,2026/07/31,31.51,5.99,6.13,11.03,44.14,,11.66,0.25,0.71,-,"1,226百萬",,
施羅德環球基金系列－環球股債收息基金(美元)A-月配固定 - (配現金)(本基金有相當比重投資於非投資等級之高風險債券且基金之配息來源可能為本金且並無保證收益及配息),PYZL8-BGUSC001,美元,平衡型,2012/04/18,RR3,月配,2026/07/30,80.5967,2.34,1.87,10.97,31.46,,7.83,0.35,0.44,-,880百萬,,
安聯主題趨勢基金-AT累積類股(美元),TLZF7-EQUAL048,美元,股票型,2019/01/25,RR4,無,2026/07/31,197.12,2.04,1.13,10.9,20.63,,17.63,0.17,1.21,-,"2,573百萬",,
M&G入息基金A(美元避險)(本基金並無保證收益及配息),MMG22-BLUPC040,美元,平衡型,2018/01/16,RR3,無,2026/07/30,14.1573,2.13,1.96,10.87,20.84,,8.45,0.32,0.44,-,634百萬,,
原康健人壽標的＿摩根士丹利新興市場債券基金 ARM 月配息(美元)（現金配息）(本基金主要係投資於非投資等級之高風險債券且配息來源可能為本金),MST21-CSUB2,美元,債券型,2012/03/20,RR3,月配,2026/07/31,16.48,1.17,1.73,10.85,37.61,,5.8,0.46,1.3,-,380百萬,,
原康健人壽標的＿摩根投資基金—多重收益基金（澳幣對沖）(本基金有相當比重投資於非投資等級之高風險債券),JFZC9-CBAA1,澳幣,平衡型,2014/04/03,RR3,無,2026/07/30,17.11,1.91,4.08,10.74,27.97,,7.24,0.37,0.42,-,21391百萬,,
法巴美國中型股票基金 C (美元)(基金之配息來源可能為本金),PAZA6-EQUBN002,美元,股票型,2006/01/31,RR4,無,2026/07/30,405.12,3.14,3.98,10.74,28,,14.38,0.2,0.72,-,90百萬,,
富達基金—全球多重資產收益基金 (A股累計美元)(本基金有相當比重投資於非投資等級之高風險債券),FTZU6-BSUFD037,美元,平衡型,2013/03/27,RR3,無,2026/07/31,15.68,0.84,-0.13,10.73,24.54,,10.85,0.25,0.68,-,"3,669百萬",,
瀚亞投資-全球新興市場債券基金Aadmc1(澳幣避險穩定月配) - (配現金)(本基金有相當比重投資於非投資等級之高風險債券且配息來源可能為本金),IOF82-BCAPC018,澳幣,債券型,2014/05/15,RR3,月配,2026/07/31,5.873,0.83,1.86,10.71,28.97,,6.63,0.4,1.58,-,536百萬,,
路博邁投資基金 - NB美國小型企業基金T累積類股(美元),NBT04-EQUNB004,美元,中小型股,2013/07/16,RR4,無,2026/07/31,25.97,4.93,7.05,10.7,14.46,,14.34,0.2,0.64,-,484百萬,,
富達基金—全球多重資產收益基金 (A股C月配息美元) - (配現金)(本基金有相當比重投資於非投資等級之高風險債券且配息來源可能為本金),FTZU8-BGUFD035,美元,平衡型,2018/12/12,RR3,月配,2026/07/31,7.983,0.81,-0.18,10.68,24.48,,10.87,0.25,0.68,-,"3,669百萬",,
富達基金—全球多重資產收益基金 (A股C月配息美元) - (配股數)(本基金有相當比重投資於非投資等級之高風險債券且配息來源可能為本金),FTZU8-BSUFD036,美元,平衡型,2018/12/12,RR3,月配,2026/07/31,7.983,0.81,-0.18,10.68,24.48,,10.87,0.25,0.68,-,"3,669百萬",,
摩根投資基金－多重收益基金 - JPM多重收益(澳幣對沖) - A股(利率入息) - (配現金)(本基金有相當比重投資於非投資等級之高風險債券且配息來源可能為本金),JFZB0-BGAJF001,澳幣,平衡型,2013/03/28,RR3,月配,2026/07/30,9.21,1.92,4.05,10.68,27.96,,7.21,0.37,0.42,-,21391百萬,,
摩根投資基金 - 多重收益基金 - JPM多重收益(澳幣對沖) - A股(利率入息) - (配股數)(本基金有相當比重投資於非投資等級之高風險債券且配息來源可能為本金),JFZB0-BSAJF047,澳幣,平衡型,2013/03/28,RR3,月配,2026/07/30,9.21,1.92,4.05,10.68,27.96,,7.21,0.37,0.42,-,21391百萬,,
原康健人壽標的＿摩根投資基金－多重收益基金（現金配息）（澳幣對沖）(本基金有相當比重投資於非投資等級之高風險債券且基金之配息來源可能為本金),JFZB0-CBAA0,澳幣,平衡型,2013/03/28,RR3,月配,2026/07/30,9.21,1.92,4.05,10.68,27.96,,7.21,0.37,0.42,-,21391百萬,,
貝萊德美國增長型基金 A2 歐元,SHZ83-EQEML016,歐元,股票型,2003/05/19,RR4,無,2026/07/31,51.81,9.23,13.69,10.66,67.02,,24.16,0.14,1.52,-,490百萬,,
富蘭克林坦伯頓全球投資系列－全球債券總報酬基金澳幣避險A(Mdis)-H1-(配現金)(本基金有相當比重投資於非投資等級之高風險債券且基金之配息來源可能為本金),FLZG3-BCAFT028,澳幣,固定收益,2010/09/30,RR3,月配,2026/07/31,4.85,1.6,1.32,10.64,14.64,,7.9,0.34,1.25,-,1575百萬,,
原康健人壽標的＿聯博－歐元區成長基金,ALZX9-CUUS2,美元,股票型,2010/09/15,RR4,無,2026/07/31,46.06,4.59,0.81,10.56,30.59,,18.9,0.16,1.21,-,128百萬,,
施羅德環球基金系列－環球股債收息基金(澳幣避險)A-月配固定(C) - (配現金)(本基金有相當比重投資於非投資等級之高風險債券且基金之配息來源可能為本金且並無保證收益及配息),PYZL9-BGASC001,澳幣,平衡型,2013/04/17,RR3,月配,2026/07/30,73.2303,2.49,1.91,10.54,27.88,,7.81,0.34,0.44,-,880百萬,,
原康健人壽標的＿施羅德環球基金系列－環球股債收息基金(現金配息)(澳幣避險)(本基金有相當比重投資於非投資等級之高風險債券且基金之配息來源可能為本金且並無保證收益及配息),PYZL9-CRAA1,澳幣,平衡型,2013/04/17,RR3,月配,2026/07/30,73.2303,2.49,1.91,10.54,27.88,,7.81,0.34,0.44,-,880百萬,,
原康健人壽標的＿富蘭克林坦伯頓全球投資系列－成長（歐元）基金,FLZ58-CKES2,歐元,股票型,2000/08/09,RR3,無,2026/07/31,26.11,3.9,4.02,10.54,30.09,,11.11,0.24,0.7,-,8121百萬,,
富蘭克林坦伯頓全球投資系列-成長(歐元)基金歐元A (acc)股,FLZ58-EQEFT007,歐元,股票型,2000/08/09,RR3,無,2026/07/31,26.11,3.9,4.02,10.54,30.09,,11.11,0.24,0.7,-,8121百萬,,
東方匯理基金新興市場債券 A 澳幣避險 (穩定月配息) - (配現金)(本基金主要係投資於非投資等級之高風險債券且配息來源可能為本金),PIZD6-BCAPI008,澳幣,債券型,2014/09/30,RR3,月配,2026/07/31,16.56,0.98,1.65,10.52,30.78,,5.92,0.44,1.24,-,"4,505百萬",,
東方匯理基金新興市場債券 A 澳幣避險 (穩定月配息) - (配股數)(本基金主要係投資於非投資等級之高風險債券且配息來源可能為本金),PIZD6-BNAPI021,澳幣,債券型,2014/09/30,RR3,月配,2026/07/31,16.56,0.98,1.65,10.52,30.78,,5.92,0.44,1.24,-,"4,505百萬",,
原康健人壽標的＿東方匯理基金新興市場債券A澳幣避險（現金配息）(本基金主要係投資於非投資等級之高風險債券且配息來源可能為本金),PIZD6-CCAB0,澳幣,債券型,2014/09/30,RR3,月配,2026/07/31,16.56,0.98,1.65,10.52,30.78,,5.92,0.44,1.24,-,"4,505百萬",,
東方匯理基金新興市場債券 A 美元(本基金主要係投資於非投資等級之高風險債券且配息來源可能為本金),PIZA4-BNUPI006,美元,債券型,2002/05/02,RR3,無,2026/07/31,24.33,0.75,1.46,10.49,32.44,,5.86,0.44,1.24,-,"4,505百萬",,
原康健人壽標的＿東方匯理基金新興市場債券 (本基金主要係投資於非投資等級之高風險債券且配息來源可能為本金),PIZA4-CCUB4,美元,債券型,2002/05/02,RR3,無,2026/07/31,24.33,0.75,1.46,10.49,32.44,,5.86,0.44,1.24,-,"4,505百萬",,
安盛環球基金-潔淨能源基金A CAP美元,AXA32-EQUCG018,美元,股票型,2019/05/14,RR4,無,2026/07/30,172.66,-5.3,7.06,10.46,24.64,,27.8,0.13,1.53,-,205百萬,,
PIMCO新興市場本地貨幣債券基金-E級類別(累積股份)(本基金有相當比重投資於非投資等級之高風險債券),PIM56-BNUPM040,美元,債券型,2008/11/19,RR3,無,2026/07/31,15.43,1.85,-0.77,10.45,25.35,,8.58,0.31,1.68,-,6600百萬,,
PIMCO新興市場本地貨幣債券基金-E級類別(收息股份) - (配現金)(本基金有相當比重投資於非投資等級之高風險債券),PIM78-BCUPM039,美元,債券型,2010/07/08,RR3,季配,2026/07/31,6.62,1.76,-0.87,10.41,25.28,,8.58,0.31,1.68,-,6600百萬,,
PIMCO新興市場本地貨幣債券基金-E級類別(收息股份) - (配股數)(本基金有相當比重投資於非投資等級之高風險債券),PIM78-BNUPM038,美元,債券型,2010/07/08,RR3,季配,2026/07/31,6.62,1.76,-0.87,10.41,25.28,,8.58,0.31,1.68,-,6600百萬,,
聯博-全球核心股票基金A級別美元(基金之配息來源可能為本金),ALH36-EQUAB015,美元,股票型,2014/07/17,RR3,無,2026/07/31,35.34,5.12,5.52,10.4,34.78,,13.82,0.2,0.92,-,284百萬,,
東方匯理基金新興市場債券 A 美元 (月配息) - (配現金)(本基金主要係投資於非投資等級之高風險債券且配息來源可能為本金),PIZA8-BCUPI008,美元,債券型,2012/04/11,RR3,月配,2026/07/31,43.63,0.72,1.43,10.36,32.45,,5.79,0.44,1.24,-,"4,505百萬",,
原康健人壽標的＿東方匯理基金新興市場債券（現金配息）(本基金主要係投資於非投資等級之高風險債券且配息來源可能為本金),PIZA8-CCUB5,美元,債券型,2012/04/11,RR3,月配,2026/07/31,43.63,0.72,1.43,10.36,32.45,,5.79,0.44,1.24,-,"4,505百萬",,
東方匯理基金新興市場債券 A 美元 (穩定月配息) - (配現金)(本基金主要係投資於非投資等級之高風險債券且配息來源可能為本金),PIZN8-BCUPI012,美元,債券型,2017/06/06,RR3,月配,2026/07/31,19.82,0.72,1.44,10.34,32.47,,5.77,0.44,1.23,-,"4,505百萬",,
東方匯理基金新興市場債券 A 美元 (穩定月配息) - (配股數)(本基金主要係投資於非投資等級之高風險債券且配息來源可能為本金),PIZN8-BNUPI020,美元,債券型,2017/06/06,RR3,月配,2026/07/31,19.82,0.72,1.44,10.34,32.47,,5.77,0.44,1.23,-,"4,505百萬",,
原康健人壽標的＿東方匯理基金新興市場債券（現金配息）(本基金主要係投資於非投資等級之高風險債券且配息來源可能為本金),PIZN8-CCUB8,美元,債券型,2017/06/06,RR3,月配,2026/07/31,19.82,0.72,1.44,10.34,32.47,,5.77,0.44,1.23,-,"4,505百萬",,
原康健人壽標的＿貝萊德新興市場債券基金(基金主要投資於非投資等級之高風險債券),SHZL1-CLUB0,美元,債券型,2004/10/01,RR3,無,2026/07/31,23.9,0.72,1.4,10.29,37.51,,6.49,0.39,1.44,-,"1,605百萬",,
摩根投資基金 - 環球股息基金 - JPM環球股息(美元) - A股(累計)(本基金並無保證收益及配息),JFZD7-BLUJF054,美元,股票型,2007/11/28,RR3,無,2026/07/30,291.45,2.27,3.33,10.25,37.61,,12.59,0.21,0.72,-,"7,894百萬",,
聯博–全球多元收益基金AD月配級別美元 - (配現金)(基金之配息來源可能為本金),ALBG6-BGUAB003,美元,平衡型,2014/12/11,RR3,月配,2026/07/31,9.16,1.37,2.6,10.24,36.31,,7.44,0.34,0.52,-,"3,800百萬",,
聯博-全球多元收益基金AD月配級別美元 - (配股數)(基金之配息來源可能為本金),ALBG6-BLUAB061,美元,平衡型,2014/12/11,RR3,月配,2026/07/31,9.16,1.37,2.6,10.24,36.31,,7.44,0.34,0.52,-,"3,800百萬",,
聯博-新興市場債券基金AA(穩定月配)南非幣避險級別 - (配現金)(本基金有相當比重投資於非投資等級之高風險債券且配息來源可能為本金),ALBC1-BCZAB003,南非幣,債券型,2014/03/13,RR3,月配,2026/07/31,57.55,0.17,1.43,10.22,40.41,,7,0.36,1.55,-,392百萬,,
聯博-新興市場債券基金AA(穩定月配)南非幣避險級別 - (配股數)(本基金有相當比重投資於非投資等級之高風險債券且配息來源可能為本金),ALBC1-BNZAB003,南非幣,債券型,2014/03/13,RR3,月配,2026/07/31,57.55,0.17,1.43,10.22,40.41,,7,0.36,1.55,-,392百萬,,
貝萊德全球智慧數據股票入息基金 Hedged A6 日圓 (穩定配息) - (配現金)(基金之配息來源可能為本金且並無保證收益及配息),SHZX0-ECJML043,日圓,股票型,2023/09/06,RR3,月配,2026/07/31,1079,2.78,5.31,10.1,-,,9.53,0.27,0.62,-,"13,646百萬",,
貝萊德全球智慧數據股票入息基金 Hedged A6 日圓 (穩定配息) - (配股數)(基金之配息來源可能為本金且並無保證收益及配息),SHZX0-EQJML044,日圓,股票型,2023/09/06,RR3,月配,2026/07/31,1079,2.78,5.31,10.1,-,,9.53,0.27,0.62,-,"13,646百萬",,
富蘭克林坦伯頓全球投資系列－全球債券總報酬基金歐元A(Mdis)股-(配現金)(本基金有相當比重投資於非投資等級之高風險債券且基金之配息來源可能為本金),FLZF8-BCEFT029,歐元,固定收益,2005/12/29,RR3,月配,2026/07/31,6.77,3.39,4.16,10.01,12.89,,5.54,0.44,0.95,-,1575百萬,,
原康健人壽標的＿富蘭克林坦伯頓全球投資系列－全球債券總報酬基金（現金配息）(本基金有相當比重投資於非投資等級之高風險債券且基金之配息來源可能為本金),FLZF8-CKEB2,歐元,固定收益,2005/12/29,RR3,月配,2026/07/31,6.77,3.39,4.16,10.01,12.89,,5.54,0.44,0.95,-,1575百萬,,
原康健人壽標的＿富蘭克林坦伯頓全球投資系列—全球債券總報酬基金(本基金有相當比重投資於非投資等級之高風險債券且基金之配息來源可能為本金),FLZG0-CKEB1,歐元,固定收益,2006/09/01,RR3,無,2026/07/31,24.84,3.37,4.15,10.01,13.01,,5.4,0.45,0.91,-,1575百萬,,
聯博-全球多元收益基金AD月配澳幣避險級別 - (配現金)(基金之配息來源可能為本金),ALBG4-BGAAB025,澳幣,平衡型,2014/12/11,RR3,月配,2026/07/31,8.39,1.54,2.71,9.99,32.18,,7.29,0.34,0.51,-,"3,800百萬",,
M&G入息基金A(美元避險月配)F - (配現金)(本基金配息來源可能為本金且並無保證收益及配息),MMG55-BGUPC041,美元,平衡型,2020/11/19,RR3,月配,2026/07/30,77.1342,1.3,1.13,9.97,19.83,,8.62,0.29,0.45,-,634百萬,,
摩根基金 - 美國基金 - JPM美國(美元) - A股(分派) - (配現金)(本基金之配息來源可能為本金),JFZF0-ECUJF003,美元,股票型,1988/11/16,RR4,年配,2026/07/30,525.64,1.32,3.64,9.89,53.46,,14.07,0.19,0.81,-,"7,860百萬",,
貝萊德歐元市場基金 A2 美元,SHZ42-EQUML013,美元,股票型,1999/01/04,RR4,無,2026/07/31,63.04,4.56,-0.51,9.84,42.11,,17.5,0.16,1.05,-,1340百萬,,
原康健人壽標的＿東方匯理基金新興市場債券(本基金主要係投資於非投資等級之高風險債券且配息來源可能為本金),PIZA6-CCEB0,歐元,債券型,2000/12/18,RR3,無,2026/07/31,21.17,2.67,4.85,9.75,26.92,,5.38,0.44,0.89,-,"4,505百萬",,
柏瑞環球基金-柏瑞環球動態資產配置基金 ADCT(穩定月配)-(配現金)(基金之配息來源可能為本金),AIZ88-BGUPB012,美元,平衡型,2018/09/04,RR3,月配,2026/07/30,8.5847,1.61,0.27,9.7,25.12,,14.67,0.18,0.86,-,287百萬,,
柏瑞環球基金-柏瑞環球動態資產配置基金 ADC - (配現金)(基金之配息來源可能為本金),AIZ85-BGUPB007,美元,平衡型,2016/03/22,RR3,月配,2026/07/30,8.3842,1.61,0.27,9.7,25.12,,14.67,0.18,0.86,-,287百萬,,
柏瑞環球基金-柏瑞環球動態資產配置基金 A,AIZ74-BLUPB006,美元,平衡型,2003/12/09,RR3,無,2026/07/30,27.999,1.61,0.27,9.7,25.12,,14.66,0.18,0.86,-,287百萬,,
路博邁投資基金 - NB新興市場本地貨幣債券基金T月配息類股(美元) - (配現金)(本基金有相當比重投資於非投資等級之高風險債券且配息來源可能為本金),NBTC1-BCUNB002,美元,債券型,2015/06/05,RR3,月配,2026/07/31,4.15,1.29,-1.18,9.68,16.93,,9.27,0.26,1.89,-,995百萬,,
路博邁投資基金 - NB新興市場本地貨幣債券基金T月配息類股(美元) - (配股數)(本基金有相當比重投資於非投資等級之高風險債券且配息來源可能為本金),NBTC1-BNUNB006,美元,債券型,2015/06/05,RR3,月配,2026/07/31,4.15,1.29,-1.18,9.68,16.93,,9.27,0.26,1.89,-,995百萬,,
安聯收益成長基金-AMg7月收總收益類股(美元) - (配股數)(本基金有相當比重投資於非投資等級之高風險債券且配息來源可能為本金),TLZF9-BSUAL044,美元,平衡型,2020/02/03,RR3,月配,2026/07/31,8.7,1.2,3.63,9.67,32.96,,10,0.25,0.89,-,"58,185百萬",,
安聯收益成長基金-AMg7月收總收益類股(美元) - (配現金)(本基金有相當比重投資於非投資等級之高風險債券且配息來源可能為本金),TLZF9-BGUAL040,美元,平衡型,2020/02/03,RR3,月配,2026/07/31,8.7,1.2,3.63,9.67,32.96,,10,0.25,0.89,-,"58,185百萬",,
安聯全球收益成長基金-AMf2固定月配類股(美元) - (配現金)(本基金有相當比重投資於非投資等級之高風險債券且配息來源可能為本金),TLZM4-BGUAL068,美元,平衡型,2022/01/03,RR3,月配,2026/07/31,82.74,0.91,1.99,9.66,32.78,,8.26,0.29,0.58,-,869百萬,,
安聯全球收益成長基金-AMf2固定月配類股(美元) - (配股數)(本基金有相當比重投資於非投資等級之高風險債券且配息來源可能為本金),TLZM4-BSUAL067,美元,平衡型,2022/01/03,RR3,月配,2026/07/31,82.74,0.91,1.99,9.66,32.78,,8.26,0.29,0.58,-,869百萬,,
安聯收益成長基金-AM穩定月收類股(美元) - (配現金)(本基金有相當比重投資於非投資等級之高風險債券且配息來源可能為本金),TLZ64-BGUAL001,美元,平衡型,2012/10/16,RR3,月配,2026/07/31,8.533,1.2,3.63,9.66,32.94,,10,0.24,0.89,-,"58,185百萬",,
安聯收益成長基金-AM穩定月收類股(美元) - (配股數)(本基金有相當比重投資於非投資等級之高風險債券且配息來源可能為本金),TLZ64-BSUAL001,美元,平衡型,2012/10/16,RR3,月配,2026/07/31,8.533,1.2,3.63,9.66,32.94,,10,0.24,0.89,-,"58,185百萬",,
原康健人壽標的＿安聯收益成長基金（現金配息）(本基金有相當比重投資於非投資等級之高風險債券且配息來源可能為本金),TLZ64-CAUA2,美元,平衡型,2012/10/16,RR3,月配,2026/07/31,8.533,1.2,3.63,9.66,32.94,,10,0.24,0.89,-,"58,185百萬",,
原康健人壽標的＿安聯收益成長基金（單位數配息）(本基金有相當比重投資於非投資等級之高風險債券且配息來源可能為本金),TLZ64-CAUA3,美元,平衡型,2012/10/16,RR3,月配,2026/07/31,8.533,1.2,3.63,9.66,32.94,,10,0.24,0.89,-,"58,185百萬",,
安聯全球收益成長基金-AMg穩定月收總收益類股(美元) - (配現金)(本基金有相當比重投資於非投資等級之高風險債券且配息來源可能為本金),TLZL5-BGUAL070,美元,平衡型,2020/10/15,RR3,月配,2026/07/31,9.1679,0.91,1.99,9.65,32.76,,8.26,0.29,0.58,-,869百萬,,
安聯全球收益成長基金-AMg穩定月收總收益類股(美元) - (配股數)(本基金有相當比重投資於非投資等級之高風險債券且配息來源可能為本金),TLZL5-BSUAL069,美元,平衡型,2020/10/15,RR3,月配,2026/07/31,9.1679,0.91,1.99,9.65,32.76,,8.26,0.29,0.58,-,869百萬,,
安聯全球收益成長基金-AT累積類股(美元)(本基金有相當比重投資於非投資等級之高風險債券),TLZM3-BLUAL071,美元,平衡型,2022/04/01,RR3,無,2026/07/31,13.081,0.91,1.98,9.64,32.71,,8.26,0.29,0.58,-,869百萬,,
安聯收益成長基金-AT累積類股(美元)(本基金有相當比重投資於非投資等級之高風險債券),TLZ63-BLUAL002,美元,平衡型,2011/11/18,RR3,無,2026/07/31,30.6187,1.19,3.61,9.64,32.88,,10,0.24,0.89,-,"58,185百萬",,
原康健人壽標的＿安聯收益成長基金(本基金有相當比重投資於非投資等級之高風險債券),TLZ63-CAUA1,美元,平衡型,2011/11/18,RR3,無,2026/07/31,30.6187,1.19,3.61,9.64,32.88,,10,0.24,0.89,-,"58,185百萬",,
摩根基金－新興市場債券基金 - JPM 新興市場債券(美元)－ A股(每月派息) - (配現金)(本基金主要係投資於非投資等級之高風險債券且配息來源可能為本金),JFZ92-BCUJF003,美元,債券型,2010/02/22,RR3,月配,2026/07/30,9.89,0.43,0.87,9.61,30.16,,6.63,0.36,1.57,-,"1,751百萬",,
摩根基金－新興市場債券基金 - JPM 新興市場債券(美元)－ A股(每月派息) - (配股數)(本基金主要係投資於非投資等級之高風險債券且配息來源可能為本金),JFZ92-BNUJF003,美元,債券型,2010/02/22,RR3,月配,2026/07/30,9.89,0.43,0.87,9.61,30.16,,6.63,0.36,1.57,-,"1,751百萬",,
原康健人壽標的＿摩根基金—新興市場債券基金（現金配息）(本基金主要係投資於非投資等級之高風險債券且基金之配息來源可能為本金),JFZ92-CBUB2,美元,債券型,2010/02/22,RR3,月配,2026/07/30,9.89,0.43,0.87,9.61,30.16,,6.63,0.36,1.57,-,"1,751百萬",,
原康健人壽標的＿摩根基金－新興市場債券基金（單位數配息）(本基金主要係投資於非投資等級之高風險債券且配息來源可能為本金),JFZ92-CBUB5,美元,債券型,2010/02/22,RR3,月配,2026/07/30,9.89,0.43,0.87,9.61,30.16,,6.63,0.36,1.57,-,"1,751百萬",,
富達基金—歐洲基金 (A股累計美元避險),FTZN6-EQUFD027,美元,股票型,2014/01/10,RR4,無,2026/07/31,24.89,4.8,5.15,9.6,42.47,,11.21,0.22,0.7,-,"8,582百萬",,
摩根基金 - 新興市場債券基金 - JPM 新興市場債券 (美元) - A股(穩定月配) - (配現金)(本基金主要係投資於非投資等級之高風險債券且配息來源可能為本金),JFZM6-BCUJF050,美元,債券型,2020/11/02,RR3,月配,2026/07/30,63.65,0.45,0.91,9.57,29.93,,6.65,0.35,1.59,-,"1,751百萬",,
摩根基金 - 新興市場債券基金 - JPM 新興市場債券 (美元) - A股(穩定月配) - (配股數)(本基金主要係投資於非投資等級之高風險債券且配息來源可能為本金),JFZM6-BNUJF051,美元,債券型,2020/11/02,RR3,月配,2026/07/30,63.65,0.45,0.91,9.57,29.93,,6.65,0.35,1.59,-,"1,751百萬",,
原康健人壽標的＿安聯香港股票基金（現金配息）(本基金之配息來源可能為本金),TLZ20-CAUS2,美元,股票型,1985/07/12,RR4,年配,2026/07/31,272.0592,-0.17,-5.97,9.56,28.36,,21.16,0.14,0.86,-,"1,297百萬",,
原康健人壽標的＿安聯收益成長基金（現金配息）(本基金有相當比重投資於非投資等級之高風險債券且配息來源可能為本金),TLZ81-CAHA0,港幣,平衡型,2013/03/01,RR3,月配,2026/07/31,8.2366,1.29,4.08,9.56,33.64,,9.86,0.25,0.85,-,"58,185百萬",,
原康健人壽標的＿安聯收益成長基金（單位數配息）(本基金有相當比重投資於非投資等級之高風險債券且配息來源可能為本金),TLZ81-CAHA1,港幣,平衡型,2013/03/01,RR3,月配,2026/07/31,8.2366,1.29,4.08,9.56,33.64,,9.86,0.25,0.85,-,"58,185百萬",,
原康健人壽標的＿富達基金－德國基金（美元避險）,FTZO7-CFUSH,美元,股票型,2014/04/09,RR4,無,2026/07/31,29.66,7.54,5.4,9.45,62.34,,15.27,0.17,0.77,-,"1,313百萬",,
富達基金—德國基金 (A股累計美元避險),FTZO7-EQUFD029,美元,股票型,2014/04/09,RR4,無,2026/07/31,29.66,7.54,5.4,9.45,62.34,,15.27,0.17,0.77,-,"1,313百萬",,
聯博-歐元區策略價值基金A股歐元,ALZX8-EQEAB001,歐元,股票型,2010/09/15,RR4,無,2026/07/31,39.94,6.42,3.61,9.42,24.5,,16.94,0.16,0.97,-,128百萬,,
法巴水資源基金 RH (美元)(基金之配息來源可能為本金),FLFH4-EQUBN007,美元,水資源,2017/04/21,RR4,無,2026/07/30,243.62,1.61,4.41,9.34,25.02,,16.84,0.16,-0.05,-,"2,829百萬",,
法巴水資源基金/月配RH (美元) - (配現金)(基金之配息來源可能為本金),FLFH3-ECUBN007,美元,水資源,2017/04/21,RR4,月配,2026/07/30,164.48,1.59,4.44,9.33,24.8,,16.85,0.15,-0.05,-,"2,829百萬",,
安聯收益成長基金-AMg7月收總收益類股(澳幣避險) - (配現金)(本基金有相當比重投資於非投資等級之高風險債券且配息來源可能為本金),TLZG0-BGAAL041,澳幣,平衡型,2020/02/03,RR3,月配,2026/07/31,8.2078,1.36,3.7,9.29,29.33,,9.96,0.24,0.89,-,"58,185百萬",,
安聯收益成長基金-AMg7月收總收益類股(澳幣避險) - (配股數)(本基金有相當比重投資於非投資等級之高風險債券且配息來源可能為本金),TLZG0-BSAAL045,澳幣,平衡型,2020/02/03,RR3,月配,2026/07/31,8.2078,1.36,3.7,9.29,29.33,,9.96,0.24,0.89,-,"58,185百萬",,
摩根基金 - 新興市場債券基金 - JPM新興市場債券(澳幣對沖) - A股(利率入息) - (配現金)(本基金主要係投資於非投資等級之高風險債券且配息來源可能為本金),JFZD5-BCAJF005,澳幣,債券型,2013/03/12,RR3,月配,2026/07/30,5.58,0.54,0.97,9.26,26.26,,6.81,0.33,1.63,-,"1,751百萬",,
原康健人壽標的＿摩根基金—新興市場債券基金（現金配息）（澳幣對沖）(本基金主要係投資於非投資等級之高風險債券且配息來源可能為本金),JFZD5-CBAB1,澳幣,債券型,2013/03/12,RR3,月配,2026/07/30,5.58,0.54,0.97,9.26,26.26,,6.81,0.33,1.63,-,"1,751百萬",,
原康健人壽標的＿摩根基金—新興市場債券基金（單位數配息）（澳幣對沖）(本基金主要係投資於非投資等級之高風險債券且配息來源可能為本金),JFZD5-CBAB2,澳幣,債券型,2013/03/12,RR3,月配,2026/07/30,5.58,0.54,0.97,9.26,26.26,,6.81,0.33,1.63,-,"1,751百萬",,
安聯收益成長基金-AM穩定月收類股(澳幣避險) - (配現金)(本基金有相當比重投資於非投資等級之高風險債券且配息來源可能為本金),TLZ72-BGAAL001,澳幣,平衡型,2012/10/15,RR3,月配,2026/07/31,7.8845,1.32,3.63,9.22,29.18,,10,0.23,0.89,-,"58,185百萬",,
安聯收益成長基金-AM穩定月收類股(澳幣避險) - (配股數)(本基金有相當比重投資於非投資等級之高風險債券且配息來源可能為本金),TLZ72-BSAAL001,澳幣,平衡型,2012/10/15,RR3,月配,2026/07/31,7.8845,1.32,3.63,9.22,29.18,,10,0.23,0.89,-,"58,185百萬",,
原康健人壽標的＿安聯收益成長基金（現金配息）（澳幣避險）(本基金有相當比重投資於非投資等級之高風險債券且配息來源可能為本金),TLZ72-CAAA0,澳幣,平衡型,2012/10/15,RR3,月配,2026/07/31,7.8845,1.32,3.63,9.22,29.18,,10,0.23,0.89,-,"58,185百萬",,
原康健人壽標的＿安聯收益成長基金（單位數配息）（澳幣避險）(本基金有相當比重投資於非投資等級之高風險債券且配息來源可能為本金),TLZ72-CAAA1,澳幣,平衡型,2012/10/15,RR3,月配,2026/07/31,7.8845,1.32,3.63,9.22,29.18,,10,0.23,0.89,-,"58,185百萬",,
原康健人壽標的＿富蘭克林高科技基金(本基金之配息來源可能為本金),FLZ07-CKUSJ,美元,資訊科技股,1968/01/01,RR4,年配,2026/07/31,192.97,-0.88,4.89,9.19,68.88,,23.5,0.12,1.12,-,30599百萬,,
原康健人壽標的＿百達－數位科技－R美元,PIC08-CPUS3,美元,資訊科技股,1999/11/29,RR4,無,2026/07/30,649.9,11.54,9.41,9.14,74.59,,28.74,0.11,0.83,-,4339百萬,,
百達-數位科技-R美元,PIC08-EQUPA020,美元,資訊科技股,1999/11/29,RR4,無,2026/07/30,649.9,11.54,9.41,9.14,74.59,,28.74,0.11,0.83,-,4339百萬,,
富蘭克林公用事業基金美元A股(本基金之配息來源可能為本金),FLZ04-EQUFT017,美元,公共事業股,1948/09/30,RR4,季配,2026/07/31,25.31,-4.8,4.1,9.1,51.57,,14.59,0.17,0.99,-,7646百萬,,
摩根基金 - 美國基金 - JPM美國(澳幣對沖) - A股(累計),JFZC0-EQAJF003,澳幣,股票型,2013/11/04,RR4,無,2026/07/30,40.2,1.41,3.26,9.09,48.01,,13.96,0.17,0.8,-,"7,860百萬",,
法巴新興市場精選債券基金/月配RH (南非幣) - (配現金)( 本基金主要係投資於非投資等級之高風險債券，基金之配息來源可能為本金),FLFI5-BCZBN009,南非幣,債券型,2018/05/14,RR3,月配,2026/07/30,405.39,1.86,-0.05,9.07,32.64,,10.75,0.22,2.44,-,282百萬,,
高盛基金III - 高盛新興市場債券基金X股美元(本基金主要係投資於非投資等級之高風險債券且配息來源可能為本金),ANZA0-BNUIG034,美元,債券型,2012/01/31,RR3,無,2026/07/30,417.08,0.17,0.8,9.01,28.4,,6.25,0.35,1.49,-,5154百萬,,
高盛基金III - 高盛新興市場債券基金X股美元(月配息) - (配現金)(本基金主要係投資於非投資等級之高風險債券且配息來源可能為本金),ANZA2-BCUIG004,美元,債券型,2012/01/06,RR3,月配,2026/07/30,38.61,0.17,0.78,9.01,28.37,,6.29,0.35,1.5,-,5154百萬,,
高盛基金III - 高盛新興市場債券基金X股美元(月配息)-(配股數)(本基金主要係投資於非投資等級之高風險債券且配息來源可能為本金),ANZA2-BNUIG018,美元,債券型,2012/01/06,RR3,月配,2026/07/30,38.61,0.17,0.78,9.01,28.37,,6.29,0.35,1.5,-,5154百萬,,
原康健人壽標的＿高盛基金III - 高盛新興市場債券基金（現金配息）(本基金主要係投資於非投資等級之高風險債券且配息來源可能為本金),ANZA2-CCUB7,美元,債券型,2012/01/06,RR3,月配,2026/07/30,38.61,0.17,0.78,9.01,28.37,,6.29,0.35,1.5,-,5154百萬,,
路博邁投資基金 - NB新興市場本地貨幣債券基金T月配息類股(澳幣) - (配現金)(本基金有相當比重投資於非投資等級之高風險債券且配息來源可能為本金),NBTC2-BCANB002,澳幣,債券型,2015/06/04,RR3,月配,2026/07/31,3.48,1.15,-1.6,8.98,13.21,,9.31,0.24,1.91,-,995百萬,,
路博邁投資基金 - NB新興市場本地貨幣債券基金T月配息類股(澳幣) - (配股數)(本基金有相當比重投資於非投資等級之高風險債券且配息來源可能為本金),NBTC2-BNANB007,澳幣,債券型,2015/06/04,RR3,月配,2026/07/31,3.48,1.15,-1.6,8.98,13.21,,9.31,0.24,1.91,-,995百萬,,
原康健人壽標的＿匯豐環球投資基金－環球新興市場債券基金(本基金有相當比重投資於非投資等級之高風險債券且配息來源可能為本金，本基金自110年5月2日起停止申購),HSZ27-CHUB0,美元,債券型,2011/01/07,RR3,無,2026/07/30,41.986,0.53,1.25,8.98,30.06,,5.93,0.37,1.41,-,"1,326百萬",,
原康健人壽標的＿富蘭克林坦伯頓全球投資系列－中小型企業基金（單位數配息）,FLZ23-CKUS7,美元,中小型股,1991/07/08,RR4,年配,2026/07/31,56.36,4.14,3.03,8.97,19.38,,15.65,0.16,0.97,-,94百萬,,
原康健人壽標的＿富蘭克林坦伯頓全球投資系列－中小型企業基金（現金配息）,FLZ23-CKUSK,美元,中小型股,1991/07/08,RR4,年配,2026/07/31,56.36,4.14,3.03,8.97,19.38,,15.65,0.16,0.97,-,94百萬,,
富蘭克林坦伯頓全球投資系列-中小型企業基金美元A (Ydis)股,FLZ23-EQUFT002,美元,中小型股,1991/07/08,RR4,年配,2026/07/31,56.36,4.14,3.03,8.97,19.38,,15.65,0.16,0.97,-,94百萬,,
富蘭克林坦伯頓全球投資系列-中小型企業基金美元A (acc)股,FLZB1-EQUFT018,美元,中小型股,2001/05/14,RR4,無,2026/07/31,59.71,4.13,3.04,8.96,19.37,,15.65,0.16,0.97,-,94百萬,,
瀚亞投資－亞洲非投資等級債券基金Admc1(美元穩定月配) - (配現金)(本基金配息來源可能為本金),IOFB9-BCUPC038,美元,非投資等級債券,2011/10/03,RR4,月配,2026/07/31,4.011,2.19,1.3,8.89,33.93,,5.13,0.42,1.53,-,200百萬,,
瀚亞投資-亞洲非投資等級債券基金Adm美元月配-(配現金)(本基金配息來源可能為本金),IOFB8-BCUPC020,美元,非投資等級債券,2011/10/03,RR4,月配,2026/07/31,4.256,2.14,1.26,8.85,33.88,,5.14,0.42,1.54,-,200百萬,,
景順多元收益成長基金 A-穩定月配息(美元對沖)股 美元 - (配現金)(基金之配息來源可能為本金),CTZR0-BGUIV023,美元,平衡型,2020/03/04,RR3,月配,2026/07/31,10.9996,3.33,3.9,8.78,33.56,,8.33,0.26,0.56,-,2310百萬,,
景順多元收益成長基金 A-穩定月配息(美元對沖)股 美元 - (配股數)(基金之配息來源可能為本金),CTZR0-BSUIV024,美元,平衡型,2020/03/04,RR3,月配,2026/07/31,10.9996,3.33,3.9,8.78,33.56,,8.33,0.26,0.56,-,2310百萬,,
摩根基金－新興市場小型企業基金 - JPM新興市場小型企業(美元)- A股perf(累計),JFZ95-EQUJF022,美元,股票型,2007/11/15,RR5,無,2026/07/30,22.55,-5.41,-2.38,8.73,22.69,,17.39,0.14,0.77,-,505百萬,,
高盛基金III - 高盛新興市場債券基金X股對沖級別澳幣(月配息) - (配現金)(本基金主要係投資於非投資等級之高風險債券且配息來源可能為本金),ANZC6-BCAIG004,澳幣,債券型,2012/08/22,RR3,月配,2026/07/30,80.19,0.33,0.89,8.64,24.85,,6.19,0.34,1.48,-,5154百萬,,
高盛基金III - 高盛新興市場債券基金X股對沖級別澳幣(月配息)-(配股數)(本基金主要係投資於非投資等級之高風險債券且配息來源可能為本金),ANZC6-BNAIG019,澳幣,債券型,2012/08/22,RR3,月配,2026/07/30,80.19,0.33,0.89,8.64,24.85,,6.19,0.34,1.48,-,5154百萬,,
PIMCO新興市場債券基金-M級類別(月收息強化股份) - (配現金)(本基金有相當比重投資於非投資等級之高風險債券且配息來源可能為本金),PIM52-BCUAL013,美元,債券型,2013/12/23,RR3,月配,2026/07/31,7.15,0.22,0.62,8.63,32.3,,5.92,0.35,1.42,-,7000百萬,,
PIMCO新興市場債券基金-E級類別(累積股份)(本基金有相當比重投資於非投資等級之高風險債券且配息來源可能為本金),PIK14-BNUPM030,美元,債券型,2006/03/31,RR3,無,2026/07/31,54.24,0.28,0.57,8.61,32.2,,5.9,0.35,1.41,-,7000百萬,,
安盛環球基金-歐洲房地產基金A DIS 「fl」 (美元避險) (季配息) - (配現金)(本基金之配息來源可能為本金),AXA21-ECUCG015,美元,房地產,2014/10/03,RR4,季配,2026/07/30,116.13,4.73,2.12,8.59,24.84,,18.5,0.14,1.03,-,350百萬,,
安本基金 - 環球未來趨勢股票基金 A 累積 美元,ANZ49-EQUAD008,美元,股票型,2000/02/15,RR4,無,2026/07/31,10.4867,1.72,2.12,8.58,29.61,,20.97,0.12,1.44,-,227百萬,,
安盛環球基金-歐洲房地產基金A CAP 美元(避險)(本基金之配息來源可能為本金),AXA20-EQUCG014,美元,房地產,2014/03/17,RR4,無,2026/07/30,182.72,4.72,2.12,8.57,24.89,,18.5,0.14,1.03,-,350百萬,,
PIMCO新興市場債券基金-E級類別(收息股份) - (配現金)(本基金有相當比重投資於非投資等級之高風險債券且配息來源可能為本金),PIM29-BCUAL008,美元,債券型,2005/10/28,RR3,季配,2026/07/31,10.05,0.24,0.55,8.57,32.17,,5.87,0.35,1.41,-,7000百萬,,
PIMCO新興市場債券基金-E級類別(收息股份) - (配股數)(本基金有相當比重投資於非投資等級之高風險債券且配息來源可能為本金),PIM29-BNUAL008,美元,債券型,2005/10/28,RR3,季配,2026/07/31,10.05,0.24,0.55,8.57,32.17,,5.87,0.35,1.41,-,7000百萬,,
富達基金—亞洲非投資等級債券基金 (A股穩定月配息美元) - (配現金)(本基金之配息來源可能為本金),FTZJ2-BCUFD006,美元,非投資等級債券,2011/04/13,RR4,月配,2026/07/31,5.183,2.43,1.82,8.57,30.1,,5.12,0.4,1.5,-,"1,518百萬",,
富達基金—亞洲非投資等級債券基金 (A股月配息美元) - (配現金)(本基金之配息來源可能為本金),FTK08-BCUFD002,美元,非投資等級債券,2007/04/02,RR4,月配,2026/07/31,4.904,2.43,1.84,8.56,30.1,,5.1,0.4,1.5,-,"1,518百萬",,
富達基金—亞洲非投資等級債券基金 (A股月配息美元) - (配股數)(本基金之配息來源可能為本金),FTK08-BNUFD006,美元,非投資等級債券,2007/04/02,RR4,月配,2026/07/31,4.904,2.43,1.84,8.56,30.1,,5.1,0.4,1.5,-,"1,518百萬",,
原康健人壽標的＿富達基金－亞洲非投資等級債券基金（單位數配息）,FTK08-CFUB5,美元,非投資等級債券,2007/04/02,RR4,月配,2026/07/31,4.904,2.43,1.84,8.56,30.1,,5.1,0.4,1.5,-,"1,518百萬",,
原康健人壽標的＿富達基金－亞洲非投資等級債券基金,FTH46-CFUB3,美元,非投資等級債券,2007/04/02,RR4,無,2026/07/31,16.64,2.4,1.84,8.55,30.1,,5.05,0.41,1.49,-,"1,518百萬",,
聯博-優化波動股票基金A級別美元(基金之配息來源可能為本金),ALH37-EQUAB013,美元,股票型,2012/12/11,RR3,無,2026/07/31,54.43,4.09,5.24,8.53,42.64,,10.77,0.2,0.68,-,"6,888百萬",,
原康健人壽標的＿摩根基金－新興市場本地貨幣債券基金,JFH47-CBUB6,美元,債券型,2008/01/24,RR3,無,2026/07/30,19.91,1.53,-1.53,8.5,17.81,,8.86,0.24,1.87,-,"1,388百萬",,
摩根基金－新興市場本地貨幣債券基金 - JPM 新興市場本地貨幣債券(美元)－ A股(每月派息) - (配現金)(本基金之配息來源可能為本金),JFZ91-BCUJF002,美元,債券型,2009/11/20,RR3,月配,2026/07/30,6.22,1.58,-1.53,8.48,17.83,,8.81,0.24,1.86,-,"1,388百萬",,
摩根基金－新興市場本地貨幣債券基金 - JPM 新興市場本地貨幣債券(美元)－ A股(每月派息) - (配股數)(本基金之配息來源可能為本金),JFZ91-BNUJF002,美元,債券型,2009/11/20,RR3,月配,2026/07/30,6.22,1.58,-1.53,8.48,17.83,,8.81,0.24,1.86,-,"1,388百萬",,
原康健人壽標的＿摩根基金－新興市場本地貨幣債券基金（現金配息）(本基金之配息來源可能為本金),JFZ91-CBUB7,美元,債券型,2009/11/20,RR3,月配,2026/07/30,6.22,1.58,-1.53,8.48,17.83,,8.81,0.24,1.86,-,"1,388百萬",,
富達基金—亞洲非投資等級債券基金 (A股H月配息澳幣避險) - (配現金)(本基金之配息來源可能為本金),FTZP4-BCAFD001,澳幣,非投資等級債券,2014/04/09,RR4,月配,2026/07/31,4.67,2.61,1.99,8.46,27.72,,5.12,0.4,1.49,-,"1,518百萬",,
富達基金—新興市場債券基金 (A股月配息美元) - (配現金)(本基金主要係投資於非投資等級之高風險債券),FTK10-BCUFD004,美元,債券型,2006/01/23,RR3,月配,2026/07/31,8.883,0.11,0.4,8.46,27.32,,6.17,0.33,1.43,-,549百萬,,
富達基金—新興市場債券基金 (A股月配息美元) - (配股數)(本基金主要係投資於非投資等級之高風險債券),FTK10-BNUFD007,美元,債券型,2006/01/23,RR3,月配,2026/07/31,8.883,0.11,0.4,8.46,27.32,,6.17,0.33,1.43,-,549百萬,,
原康健人壽標的＿富達基金－新興市場債券基金（現金配息）(本基金主要係投資於非投資等級之高風險債券且配息來源可能為本金),FTK10-CFUB8,美元,債券型,2006/01/23,RR3,月配,2026/07/31,8.883,0.11,0.4,8.46,27.32,,6.17,0.33,1.43,-,549百萬,,
原康健人壽標的＿富達基金－新興市場債券基金（單位數配息）(本基金主要係投資於非投資等級之高風險債券且配息來源可能為本金),FTK10-CFUB9,美元,債券型,2006/01/23,RR3,月配,2026/07/31,8.883,0.11,0.4,8.46,27.32,,6.17,0.33,1.43,-,549百萬,,
原康健人壽標的＿富達基金－新興市場債券基金(本基金主要係投資於非投資等級之高風險債券且配息來源可能為本金),FTZB5-CFUB1,美元,債券型,2006/01/23,RR3,年配,2026/07/31,9.348,0.12,0.4,8.45,27.29,,6.15,0.33,1.43,-,549百萬,,
聯博-新興市場當地貨幣債券基金AA(穩定月配)級別美元-(配現金)(基金之配息來源可能為本金),ALBK9-BCUAB024,美元,債券型,2018/09/28,RR3,月配,2026/07/31,8.18,0.96,-0.51,8.44,14.98,,8.4,0.25,1.85,-,55百萬,,
東方匯理基金新興市場當地貨幣債券 A 美元 (穩定月配息) - (配現金)(本基金之配息來源可能為本金),PIZO2-BCUPI013,美元,債券型,2017/06/06,RR3,月配,2026/07/31,16.68,1.11,-0.79,8.39,17.65,,8.09,0.26,1.55,-,"1,165百萬",,
安本基金-新興市場債券基金 A 月配息 美元 - (配現金)(本基金主要係投資於非投資等級之高風險債券),ANZ51-BCUAD001,美元,債券型,2001/08/15,RR3,月配,2026/07/31,14.1076,1.48,1.28,8.38,29.43,,6.64,0.31,1.49,-,306百萬,,
聯博-新興市場債券基金AT股美元 - (配現金)(本基金有相當比重投資於非投資等級之高風險債券且配息來源可能為本金),ALZR5-BCUAB006,美元,債券型,2006/03/23,RR3,月配,2026/07/31,11.69,-0.14,0.74,8.3,31.11,,6.81,0.3,1.5,-,392百萬,,
聯博-新興市場債券基金AT股美元 - (配股數)(本基金有相當比重投資於非投資等級之高風險債券且配息來源可能為本金),ALZR5-BNUAB007,美元,債券型,2006/03/23,RR3,月配,2026/07/31,11.69,-0.14,0.74,8.3,31.11,,6.81,0.3,1.5,-,392百萬,,
原康健人壽標的＿聯博－新興市場債券基金（現金配息）(本基金有相當比重投資於非投資等級之高風險債券且配息來源可能為本金),ALZR5-CUUBD,美元,債券型,2006/03/23,RR3,月配,2026/07/31,11.69,-0.14,0.74,8.3,31.11,,6.81,0.3,1.5,-,392百萬,,
晉達環球策略基金 - 新興市場當地貨幣債券基金 C 收益-2 股份- (配現金)(基金之配息來源可能為本金),GSF27-BCUIN004,美元,債券型,2007/11/30,RR3,月配,2026/07/30,7.24,1.3,-0.94,8.28,17.71,,9.38,0.22,1.96,-,450百萬,,
富蘭克林坦伯頓全球投資系列-新興國家小型企業基金美元A (acc) 股,FLZE0-EQUFT023,美元,中小型股,2007/10/18,RR5,無,2026/07/31,17.84,0.11,1.42,8.25,28.72,,15.85,0.14,0.69,-,272百萬,,
東方匯理基金環球責任股票 A 美元 (本基金之配息來源可能為本金),PIZB3-EQUPI004,美元,股票型,2007/06/28,RR3,無,2026/07/31,622.39,1.53,2.32,8.25,50.03,,11.53,0.18,0.71,-,"2,812百萬",,
MFS全盛基金系列-MFS全盛全球股票基金 A1(美元),MFZ42-EQUPB004,美元,股票型,1999/03/12,RR3,無,2026/07/30,96.93,5.58,2.54,8.18,22.39,,16.26,0.14,0.86,-,1900百萬,,
PIMCO新興市場債券基金-M級類別(月收息股份) - (配現金)(本基金有相當比重投資於非投資等級之高風險債券且配息來源可能為本金),PIM42-BCUAL011,美元,債券型,2010/11/30,RR3,月配,2026/07/31,9,-0.2,0.09,8.14,31.6,,5.96,0.33,1.41,-,7000百萬,,
M&G新興市場債券基金A(美元)(本基金主要係投資於非投資等級之高風險債券且配息來源可能為本金),MMG45-BNUPC021,美元,債券型,2018/09/17,RR3,無,2026/07/30,13.8732,0.91,0.36,8.12,25.49,,6.82,0.29,1.55,-,3792百萬,,
摩根基金－新興市場本地貨幣債券基金 - JPM 新興市場本地貨幣債券(澳幣對沖)－ A股(利率入息) - (配現金)(本基金之配息來源可能為本金),JFZB5-BCAJF002,澳幣,債券型,2013/07/17,RR3,月配,2026/07/30,4.03,1.64,-1.5,8.1,14.1,,9.04,0.22,1.91,-,"1,388百萬",,
原康健人壽標的＿摩根基金－新興市場本地貨幣債券基金（現金配息）（澳幣對沖）(本基金之配息來源可能為本金),JFZB5-CBAB0,澳幣,債券型,2013/07/17,RR3,月配,2026/07/30,4.03,1.64,-1.5,8.1,14.1,,9.04,0.22,1.91,-,"1,388百萬",,
東方匯理基金環球責任股票 A2美元 (穩定月配息) - (配現金)(本基金之配息來源可能為本金),PIZV9-ECUPI022,美元,股票型,2021/10/18,RR3,月配,2026/07/31,53.32,1.49,2.25,8.09,49.37,,11.55,0.18,0.71,-,"2,812百萬",,
聯博-新興市場債券基金AA(穩定月配)級別美元 - (配現金)(本基金有相當比重投資於非投資等級之高風險債券且配息來源可能為本金),ALB70-BCUAB012,美元,債券型,2014/01/09,RR3,月配,2026/07/31,9.08,-0.31,0.47,8.07,30.87,,6.91,0.28,1.52,-,392百萬,,
聯博-新興市場債券基金AA(穩定月配)級別美元 - (配股數)(本基金有相當比重投資於非投資等級之高風險債券且配息來源可能為本金),ALB70-BNUAB012,美元,債券型,2014/01/09,RR3,月配,2026/07/31,9.08,-0.31,0.47,8.07,30.87,,6.91,0.28,1.52,-,392百萬,,
原康健人壽標的＿聯博－新興市場債券基金（現金配息）(本基金有相當比重投資於非投資等級之高風險債券且配息來源可能為本金),ALB70-CUUBC,美元,債券型,2014/01/09,RR3,月配,2026/07/31,9.08,-0.31,0.47,8.07,30.87,,6.91,0.28,1.52,-,392百萬,,
原康健人壽標的＿聯博－新興市場債券基金（現金配息）（澳幣避險）(本基金有相當比重投資於非投資等級之高風險債券且配息來源可能為本金),ALZV4-CUAB7,澳幣,債券型,2010/06/30,RR3,月配,2026/07/31,9.99,0.02,0.82,8.03,27.44,,6.75,0.29,1.49,-,392百萬,,
聯博-新興市場債券基金AT股澳幣避險 - (配現金)(本基金有相當比重投資於非投資等級之高風險債券且配息來源可能為本金),ALZV4-BCAAB006,澳幣,債券型,2010/06/30,RR3,月配,2026/07/31,9.99,0.02,0.82,8.03,27.44,,6.75,0.29,1.49,-,392百萬,,
聯博-新興市場債券基金AT股澳幣避險 - (配股數)(本基金有相當比重投資於非投資等級之高風險債券且配息來源可能為本金),ALZV4-BNAAB001,澳幣,債券型,2010/06/30,RR3,月配,2026/07/31,9.99,0.02,0.82,8.03,27.44,,6.75,0.29,1.49,-,392百萬,,
摩根基金 - 美國科技基金 - JPM美國科技(美元) - A股(分派) - (配現金)(本基金之配息來源可能為本金),JFZF3-ECUJF070,美元,股票型,1997/12/05,RR4,年配,2026/07/30,69.6,0.49,3.17,8.02,66.33,,35.63,0.1,1.68,-,10515百萬,,
原康健人壽標的＿摩根基金－美國科技基金（現金配息）(本基金之配息來源可能為本金),JFZF3-CBUSE,美元,股票型,1997/12/05,RR4,年配,2026/07/30,69.6,0.49,3.17,8.02,66.33,,35.63,0.1,1.68,-,10515百萬,,
原康健人壽標的＿摩根基金－美國科技基金（單位數配息）(本基金之配息來源可能為本金),JFZF3-CBUSF,美元,股票型,1997/12/05,RR4,年配,2026/07/30,69.6,0.49,3.17,8.02,66.33,,35.63,0.1,1.68,-,10515百萬,,
摩根基金 - 美國科技基金 - JPM美國科技(美元) - A股(累計),JFZG4-EQUJF052,美元,股票型,2005/03/31,RR4,無,2026/07/30,138.79,0.49,3.18,8.02,66.32,,35.63,0.1,1.67,-,10515百萬,,
聯博-新興市場債券基金AA(穩定月配)澳幣避險級別 - (配現金)(本基金有相當比重投資於非投資等級之高風險債券且配息來源可能為本金),ALB71-BCAAB009,澳幣,債券型,2014/01/14,RR3,月配,2026/07/31,8.31,-0.04,0.78,7.98,27.36,,6.84,0.28,1.52,-,392百萬,,
聯博-新興市場債券基金AA(穩定月配)澳幣避險級別 - (配股數)(本基金有相當比重投資於非投資等級之高風險債券且配息來源可能為本金),ALB71-BNAAB009,澳幣,債券型,2014/01/14,RR3,月配,2026/07/31,8.31,-0.04,0.78,7.98,27.36,,6.84,0.28,1.52,-,392百萬,,
原康健人壽標的＿富達基金－歐洲基金,FTZ22-CFES3,歐元,股票型,1990/10/01,RR4,年配,2026/07/31,22.78,4.54,4.45,7.95,36.32,,11.26,0.18,0.7,-,"8,582百萬",,
富達基金—歐洲基金 (A股歐元),FTZ22-EQEFD015,歐元,股票型,1990/10/01,RR4,年配,2026/07/31,22.78,4.54,4.45,7.95,36.32,,11.26,0.18,0.7,-,"8,582百萬",,
安聯收益成長基金-AM穩定月收類股(紐幣避險) - (配現金)(本基金有相當比重投資於非投資等級之高風險債券且配息來源可能為本金),TLZ80-BGNAL042,紐幣,平衡型,2013/12/02,RR3,月配,2026/07/31,7.078,0.86,2.77,7.91,29.45,,9.97,0.2,0.89,-,"58,185百萬",,
安聯收益成長基金-AM穩定月收類股(紐幣避險) - (配股數)(本基金有相當比重投資於非投資等級之高風險債券且配息來源可能為本金),TLZ80-BSNAL043,紐幣,平衡型,2013/12/02,RR3,月配,2026/07/31,7.078,0.86,2.77,7.91,29.45,,9.97,0.2,0.89,-,"58,185百萬",,
原康健人壽標的＿安聯收益成長基金（現金配息）（紐幣避險）(本基金有相當比重投資於非投資等級之高風險債券且配息來源可能為本金),TLZ80-CANA0,紐幣,平衡型,2013/12/02,RR3,月配,2026/07/31,7.078,0.86,2.77,7.91,29.45,,9.97,0.2,0.89,-,"58,185百萬",,
原康健人壽標的＿安聯收益成長基金（單位數配息）（紐幣避險）(本基金有相當比重投資於非投資等級之高風險債券且配息來源可能為本金),TLZ80-CANA1,紐幣,平衡型,2013/12/02,RR3,月配,2026/07/31,7.078,0.86,2.77,7.91,29.45,,9.97,0.2,0.89,-,"58,185百萬",,
聯博-新興市場債券基金AI(穩定月配)級別美元 - (配現金)(本基金有相當比重投資於非投資等級之高風險債券且配息來源可能為本金),ALBO7-BCUAB043,美元,債券型,2021/03/04,RR3,月配,2026/07/31,50.88,-0.44,0.37,7.89,30.63,,6.93,0.28,1.53,-,392百萬,,
聯博-新興市場債券基金AI(穩定月配)級別美元 - (配股數)(本基金有相當比重投資於非投資等級之高風險債券且配息來源可能為本金)配現,ALBO7-BNUAB042,美元,債券型,2021/03/04,RR3,月配,2026/07/31,50.88,-0.44,0.37,7.89,30.63,,6.93,0.28,1.53,-,392百萬,,
富蘭克林坦伯頓全球投資系列-全球債券基金美元A(acc)股(本基金之配息來源可能為本金),FLZ68-BNUFT009,美元,債券型,2006/04/28,RR2,無,2026/07/31,28.45,0.85,0.49,7.85,7.56,,7.32,0.26,1.21,-,2508百萬,,
MFS全盛基金系列-MFS全盛歐洲小型公司基金A1(美元),MFZH3-EQUPB003,美元,中小型股,2005/09/26,RR5,無,2026/07/30,48.06,6.78,5.74,7.83,26.87,,18.36,0.12,1.11,-,116百萬,,
富蘭克林坦伯頓全球投資系列-全球債券基金美元A (Mdis)股 -(配現金)(本基金之配息來源可能為本金),FLZ29-BCUFT005,美元,債券型,1991/02/28,RR2,月配,2026/07/31,10.85,0.85,0.45,7.77,7.53,,7.29,0.26,1.2,-,2508百萬,,
富蘭克林坦伯頓全球投資系列-全球債券基金美元A (Mdis)股 -(配股數)(本基金之配息來源可能為本金),FLZ29-BNUFT005,美元,債券型,1991/02/28,RR2,月配,2026/07/31,10.85,0.85,0.45,7.77,7.53,,7.29,0.26,1.2,-,2508百萬,,
原康健人壽標的＿富蘭克林坦伯頓全球投資系列－全球債券基金（單位數配息）(本基金之配息來源可能為本金),FLZ29-CKUB1,美元,債券型,1991/02/28,RR2,月配,2026/07/31,10.85,0.85,0.45,7.77,7.53,,7.29,0.26,1.2,-,2508百萬,,
原康健人壽標的＿富蘭克林坦伯頓全球投資系列－全球債券基金（現金配息）(本基金之配息來源可能為本金),FLZ29-CKUB7,美元,債券型,1991/02/28,RR2,月配,2026/07/31,10.85,0.85,0.45,7.77,7.53,,7.29,0.26,1.2,-,2508百萬,,
聯博-優化波動股票基金AP(總報酬月配)級別美元 - (配現金)(基金之配息來源可能為本金),ALBU2-ECUAB058,美元,股票型,2024/07/24,RR3,月配,2026/07/31,76.46,3.32,4.5,7.74,-,,10.57,0.18,0.69,-,"6,888百萬",,
聯博-優化波動股票基金AP(總報酬月配)級別美元 - (配股數)(基金之配息來源可能為本金),ALBU2-EQUAB059,美元,股票型,2024/07/24,RR3,月配,2026/07/31,76.46,3.32,4.5,7.74,-,,10.57,0.18,0.69,-,"6,888百萬",,
施羅德環球基金系列－新興市場債券(美元)A1-累積(本基金有相當比重投資於非投資等級之高風險債券且基金之配息來源可能為本金),PYZ49-BNUSC002,美元,債券型,2001/08/31,RR3,無,2026/07/30,29.1992,1.08,-0.87,7.7,15.64,,6.97,0.27,1.5,-,"1,262百萬",,
原康健人壽標的＿施羅德環球基金系列－新興市場債券(本基金有相當比重投資於非投資等級之高風險債券),PYZ49-CRUB1,美元,債券型,2001/08/31,RR3,無,2026/07/30,29.1992,1.08,-0.87,7.7,15.64,,6.97,0.27,1.5,-,"1,262百萬",,
施羅德環球基金系列－新興市場債券(美元)A1-月配固定 - (配現金)(本基金有相當比重投資於非投資等級之高風險債券且基金之配息來源可能為本金),PYZ57-BNUSC012,美元,債券型,2003/01/03,RR3,月配,2026/07/30,7.189,1.08,-0.87,7.7,15.63,,6.97,0.27,1.49,-,"1,262百萬",,
原康健人壽標的＿施羅德環球基金系列－新興市場債券（現金配息）(本基金有相當比重投資於非投資等級之高風險債券且基金之配息來源可能為本金),PYZ57-CRUB2,美元,債券型,2003/01/03,RR3,月配,2026/07/30,7.189,1.08,-0.87,7.7,15.63,,6.97,0.27,1.49,-,"1,262百萬",,
安本基金-全方位中國可持續股票基金 A 累積 美元,ANH01-EQUAD003,美元,股票型,2006/03/24,RR4,無,2026/07/31,28.3526,-1.73,-5.51,7.69,13.22,,20.2,0.12,0.88,-,585百萬,,
原康健人壽標的＿聯博－優化波動股票基金（現金配息）（澳幣避險）(本基金之配息來源可能為本金),ALBI1-CUAS0,澳幣,股票型,2013/10/15,RR3,月配,2026/07/31,24.29,3.75,4.78,7.67,37.03,,10.62,0.18,0.68,-,"6,888百萬",,
東方匯理基金美國非投資等級債券 A 南非幣避險 (穩定月配息) - (配現金)(本基金主要投資於符合美國Rule 144A規定之私募性質債券且基金之配息來源可能為本金),PIZD3-BCZPI003,南非幣,非投資等級債券,2014/09/30,RR3,月配,2026/07/31,354.45,1.1,2.31,7.61,32.7,,2.29,0.78,0.83,-,236百萬,,
施羅德環球基金系列－美國大型股(美元)A1-累積,PYZ30-EQUSC016,美元,股票型,2002/01/11,RR4,無,2026/07/30,354.2324,1.79,3.05,7.56,60.04,,16.84,0.13,0.94,-,"9,569百萬",,
富蘭克林坦伯頓全球投資系列-多空策略基金美元A(acc)股,FLZJ5-BLUFT027,美元,平衡型,2014/09/15,RR3,無,2026/07/31,14.26,1.06,1.86,7.54,22.19,,4.02,0.44,0.22,-,506百萬,,
安聯收益成長基金-AM穩定月收類股(歐元避險) - (配現金)(本基金有相當比重投資於非投資等級之高風險債券且配息來源可能為本金),TLZ73-BGEAL001,歐元,平衡型,2013/05/02,RR3,月配,2026/07/31,8.0447,0.82,2.71,7.49,25.88,,9.95,0.19,0.88,-,"58,185百萬",,
安聯收益成長基金-AM穩定月收類股(歐元避險) - (配股數)(本基金有相當比重投資於非投資等級之高風險債券且配息來源可能為本金),TLZ73-BSEAL001,歐元,平衡型,2013/05/02,RR3,月配,2026/07/31,8.0447,0.82,2.71,7.49,25.88,,9.95,0.19,0.88,-,"58,185百萬",,
原康健人壽標的＿安聯收益成長基金（現金配息）（歐元避險）(本基金有相當比重投資於非投資等級之高風險債券且配息來源可能為本金),TLZ73-CAEA0,歐元,平衡型,2013/05/02,RR3,月配,2026/07/31,8.0447,0.82,2.71,7.49,25.88,,9.95,0.19,0.88,-,"58,185百萬",,
原康健人壽標的＿安聯收益成長基金（單位數配息）（歐元避險）(本基金有相當比重投資於非投資等級之高風險債券且配息來源可能為本金),TLZ73-CAEA1,歐元,平衡型,2013/05/02,RR3,月配,2026/07/31,8.0447,0.82,2.71,7.49,25.88,,9.95,0.19,0.88,-,"58,185百萬",,
富蘭克林坦伯頓全球投資系列-全球基金美元 A (acc)股,FLZA7-EQUFT008,美元,股票型,2001/05/14,RR3,無,2026/07/31,52.76,-0.47,-1.9,7.41,20.24,,12.42,0.15,0.83,-,584百萬,,
百達-家族企業-R 美元,PIC65-EQUPA009,美元,股票型,2020/05/29,RR4,無,2026/07/30,160.9,7.03,2.94,7.37,26.67,,16.97,0.12,0.91,-,149百萬,,
晉達環球策略基金 - 環球策略管理基金 C 收益股份 - (配股數)(基金之配息來源可能為本金),GSF16-BLUIN001,美元,平衡型,2000/06/30,RR3,年配,2026/07/30,75.93,0.86,0.05,7.34,22.67,,13.82,0.14,0.81,-,1100百萬,,
富蘭克林坦伯頓全球投資系列-全球債券基金澳幣避險 A (Mdis)股-H1 - (配現金)(本基金之配息來源可能為本金),FLZE7-BCAFT001,澳幣,債券型,2010/09/30,RR2,月配,2026/07/31,5.82,0.9,0.54,7.31,4.18,,7.43,0.24,1.21,-,2508百萬,,
富蘭克林坦伯頓全球投資系列-全球債券基金澳幣避險 A (Mdis)股-H1 - (配股數)(本基金之配息來源可能為本金),FLZE7-BNAFT001,澳幣,債券型,2010/09/30,RR2,月配,2026/07/31,5.82,0.9,0.54,7.31,4.18,,7.43,0.24,1.21,-,2508百萬,,
原康健人壽標的＿富蘭克林坦伯頓全球投資系列－全球債券基金（單位數配息）（澳幣避險）(本基金之配息來源可能為本金),FLZE7-CKAB0,澳幣,債券型,2010/09/30,RR2,月配,2026/07/31,5.82,0.9,0.54,7.31,4.18,,7.43,0.24,1.21,-,2508百萬,,
施羅德環球基金系列－新興市場債券(澳幣避險)A1-月配固定 - (配現金)(本基金有相當比重投資於非投資等級之高風險債券且基金之配息來源可能為本金),PYZH8-BNASC001,澳幣,債券型,2010/04/16,RR3,月配,2026/07/30,58.3048,1.17,-0.84,7.3,12.53,,6.94,0.25,1.48,-,"1,262百萬",,
法巴新興市場精選債券基金/月配 (美元) - (配現金)( 本基金主要係投資於非投資等級之高風險債券，基金之配息來源可能為本金),FLF56-BCUBN010,美元,債券型,2013/05/21,RR3,月配,2026/07/30,10.27,1.24,-0.72,7.27,23.98,,10.5,0.17,2.35,-,282百萬,,
原康健人壽標的＿富達基金－富達歐元目標TM基金2030（現金配息）,FTZB8-CFEB3,歐元,平衡型,2005/05/16,RR4,年配,2026/07/31,55.33,1.75,3.21,7.25,22.9,,7.13,0.24,0.47,-,500百萬,,
原康健人壽標的＿富達基金－富達歐元目標TM基金2030（單位數配息）,FTZB8-CFEB4,歐元,平衡型,2005/05/16,RR4,年配,2026/07/31,55.33,1.75,3.21,7.25,22.9,,7.13,0.24,0.47,-,500百萬,,
聯博-優化波動股票基金AP(總報酬月配)澳幣避險級別 - (配現金)(基金之配息來源可能為本金),ALBU1-ECAAB065,澳幣,股票型,2024/07/24,RR3,月配,2026/07/31,75.19,3.35,4.39,7.23,-,,10.5,0.17,0.68,-,"6,888百萬",,
聯博-優化波動股票基金AP(總報酬月配)澳幣避險級別 - (配股數)(基金之配息來源可能為本金),ALBU1-EQAAB064,澳幣,股票型,2024/07/24,RR3,月配,2026/07/31,75.19,3.35,4.39,7.23,-,,10.5,0.17,0.68,-,"6,888百萬",,
瀚亞投資─美國非投資等級債券基金Azdm(南非幣避險月配) - (配現金)(本基金配息來源可能為本金),IOF42-BCZPC025,南非幣,非投資等級債券,2013/04/02,RR3,月配,2026/07/31,6.872,0.99,2.14,7.22,34.18,,3.09,0.54,1.13,-,384百萬,,
瀚亞投資-美國非投資等級債券基金Azdmc1(南非幣避險穩定月配) - (配現金)(本基金配息來源可能為本金),IOF65-BCZPC003,南非幣,非投資等級債券,2013/12/09,RR3,月配,2026/07/31,5.611,0.98,2.14,7.22,34.2,,3.09,0.54,1.13,-,384百萬,,
法巴新興市場當地貨幣債券基金/月配 (美元) - (配現金)(本基金有相當比重投資於非投資等級之高風險債券，基金之配息來源可能為本金),FLF75-BCUBN004,美元,固定收益,2010/11/26,RR3,月配,2026/07/30,24.53,1.5,-1.34,7.19,18.37,,11.31,0.16,2.44,-,242百萬,,
摩根投資基金 - 多重收益基金 - JPM多重收益(日圓對沖) - A 股(每月派息) - (配現金)(本基金有相當比重投資於非投資等級之高風險債券且配息來源可能為本金),JFZP5-BGJJF075,日圓,平衡型,2024/08/01,RR3,月配,2026/07/30,9805,1.01,2.42,7.17,-,,7.3,0.24,0.42,-,21391百萬,,
摩根投資基金 - 多重收益基金 - JPM多重收益(日圓對沖) - A 股(每月派息) - (配股數)(本基金有相當比重投資於非投資等級之高風險債券且配息來源可能為本金),JFZP5-BSJJF076,日圓,平衡型,2024/08/01,RR3,月配,2026/07/30,9805,1.01,2.42,7.17,-,,7.3,0.24,0.42,-,21391百萬,,
MFS全盛基金系列-MFS全盛全球股票基金 A1(歐元),MFZ78-EQEPB002,歐元,股票型,1999/03/12,RR3,無,2026/07/30,53.31,7.44,5.38,7.13,16.98,,12.36,0.15,0.62,-,1900百萬,,
野村基金(愛爾蘭系列)-全球多元收益債券基金(TD南非幣避險類股) - (配現金)(本基金之配息來源可能為本金且有相當比重投資於非投資等級之高風險債券且並無保證收益及配息),NFI44-BCZIG074,南非幣,債券型,2023/12/12,RR3,月配,2026/07/30,941.1347,1.78,0.66,7.11,-,,5.29,0.32,1.28,-,2577百萬,,
原康健人壽標的＿富達基金－德國基金,FTZ27-CFES6,歐元,股票型,1990/10/01,RR4,年配,2026/07/31,94.09,7.04,4.25,7.1,52.86,,15.33,0.13,0.78,-,"1,313百萬",,
富達基金—德國基金 (A股歐元),FTZ27-EQEFD026,歐元,股票型,1990/10/01,RR4,年配,2026/07/31,94.09,7.04,4.25,7.1,52.86,,15.33,0.13,0.78,-,"1,313百萬",,
富達基金—歐洲多重資產收益基金 (A股累計美元避險)(本基金有相當比重投資於非投資等級之高風險債券),FTZP2-BLUFD001,美元,平衡型,2014/04/09,RR3,無,2026/07/31,17.84,2.94,0.85,7.08,30.31,,8.08,0.21,0.52,-,371百萬,,
原康健人壽標的＿富達基金－歐洲多重資產收益基金 (本基金有相當比重投資於非投資等級之高風險債券，本基金自2019/10/15起停止開放新申購及轉入),FTZP2-CFUA0,美元,平衡型,2014/04/09,RR3,無,2026/07/31,17.84,2.94,0.85,7.08,30.31,,8.08,0.21,0.52,-,371百萬,,
東方匯理基金環球非投資等級債券 A 南非幣避險 (穩定月配息) - (配現金)(本基金主要投資於符合美國Rule 144A規定之私募性質債券且基金之配息來源可能為本金),PIZC1-BCZPI009,南非幣,非投資等級債券,2014/09/30,RR3,月配,2026/07/31,208.57,1.13,1.24,7.06,35.03,,3.74,0.44,1.26,-,182百萬,,
駿利亨德森資產管理基金 - 駿利亨德森平衡基金 A6 穩月配美元 - (配現金)(本基金某些股份類別之配息來源可能為本金),JAZC8-BGUHD004,美元,平衡型,2023/04/05,RR3,月配,2026/07/30,11.44,1.74,1.94,6.96,36.38,,11.77,0.15,0.86,-,11880百萬,,
駿利亨德森資產管理基金 - 駿利亨德森平衡基金 A6 穩月配美元 - (配股數)(本基金某些股份類別之配息來源可能為本金),JAZC8-BSUHD005,美元,平衡型,2023/04/05,RR3,月配,2026/07/30,11.44,1.74,1.94,6.96,36.38,,11.77,0.15,0.86,-,11880百萬,,
聯博-美國永續主題基金A股美元,ALB04-EQUAB032,美元,股票型,2001/04/24,RR4,無,2026/07/31,51.12,3.52,4.58,6.9,24.2,,13.48,0.13,0.98,-,292百萬,,
富達基金—歐洲小型企業基金 (A股累計美元避險),FTZN7-EQUFD030,美元,中小型股,2014/01/10,RR4,無,2026/07/31,25.9,7.92,2.78,6.89,24.16,,16.25,0.12,0.98,-,"1,100百萬",,
高盛基金III - 高盛新興市場債券基金X股對沖級別歐元(本基金主要係投資於非投資等級之高風險債券且配息來源可能為本金),ANZA1-BNEIG035,歐元,債券型,2003/07/28,RR3,無,2026/07/30,4939.08,-0.23,-0.05,6.86,21.09,,6.18,0.26,1.48,-,5154百萬,,
MFS全盛基金系列-MFS全盛歐洲小型公司基金A1(歐元),MFZJ0-EQEPB001,歐元,中小型股,2001/11/05,RR5,無,2026/07/30,86.84,8.69,8.69,6.81,21.37,,14.59,0.13,0.83,-,116百萬,,
法巴新興市場債券基金/月配 (美元) - (配現金)(本基金主要係投資於非投資等級之高風險債券，基金之配息來源可能為本金),PAZA8-BCUBN001,美元,固定收益,1998/10/15,RR3,月配,2026/07/30,51.15,0.25,-0.27,6.76,26.84,,8.16,0.2,1.94,-,400百萬,,
法巴新興市場精選債券基金/月配RH (澳幣) - (配現金)( 本基金主要係投資於非投資等級之高風險債券，基金之配息來源可能為本金),FLFI6-BCABN017,澳幣,債券型,2018/04/26,RR3,月配,2026/07/30,42.8,1.43,-0.8,6.76,19.69,,10.58,0.16,2.37,-,282百萬,,
富蘭克林坦伯頓全球投資系列-全球債券基金歐元A (Mdis)股 - (配現金)(本基金之配息來源可能為本金),FLZ45-BCEFT004,歐元,債券型,2002/09/09,RR2,月配,2026/07/31,9.42,2.69,3.36,6.69,2.54,,4.8,0.32,0.88,-,2508百萬,,
富蘭克林坦伯頓全球投資系列-全球債券基金歐元A (Mdis)股 - (配股數)(本基金之配息來源可能為本金),FLZ45-BNEFT004,歐元,債券型,2002/09/09,RR2,月配,2026/07/31,9.42,2.69,3.36,6.69,2.54,,4.8,0.32,0.88,-,2508百萬,,
原康健人壽標的＿富蘭克林坦伯頓全球投資系列－全球債券基金（單位數配息）(本基金之配息來源可能為本金),FLZ45-CKEB0,歐元,債券型,2002/09/09,RR2,月配,2026/07/31,9.42,2.69,3.36,6.69,2.54,,4.8,0.32,0.88,-,2508百萬,,
M&G新興市場債券基金A(美元月配)F - (配現金)(本基金主要係投資於非投資等級之高風險債券且配息來源可能為本金),MMG53-BCUPC037,美元,債券型,2020/11/19,RR3,月配,2026/07/30,61.1732,-0.43,-0.98,6.69,23.86,,7.27,0.22,1.71,-,3792百萬,,
聯博-新興市場債券基金AT股紐幣避險 - (配股數)(本基金有相當比重投資於非投資等級之高風險債券且配息來源可能為本金),ALB12-BNNAB029,紐幣,債券型,2012/09/28,RR3,月配,2026/07/31,8.92,-0.32,0,6.64,27.41,,6.81,0.23,1.51,-,392百萬,,
原康健人壽標的＿聯博－新興市場債券基金（現金配息）（紐幣避險）(本基金有相當比重投資於非投資等級之高風險債券且配息來源可能為本金),ALB12-CUNB1,紐幣,債券型,2012/09/28,RR3,月配,2026/07/31,8.92,-0.32,0,6.64,27.41,,6.81,0.23,1.51,-,392百萬,,
原康健人壽標的＿安聯中國股票基金（現金配息）(本基金之配息來源可能為本金),TLH01-CAUS0,美元,股票型,1992/07/17,RR5,年配,2026/07/31,66.302,-1.52,-7.01,6.6,20.28,,20.36,0.1,0.64,-,399百萬,,
安聯中國股票基金-A配息類股(美元)(基金之配息來源可能為本金),TLH01-EQUAL001,美元,股票型,1992/07/17,RR5,年配,2026/07/31,66.302,-1.52,-7.01,6.6,20.28,,20.36,0.1,0.64,-,399百萬,,
安聯美元非投資等級債券基金-AM穩定月收類股(南非幣避險)-(配現金)(本基金主要投資於符合美國Rule 144A規定之私募性質債券且配息來源可能為本金),TLZD2-BCZAL026,南非幣,非投資等級債券,2017/12/18,RR3,月配,2026/07/31,105.36,0.86,1.78,6.55,31.01,,3.13,0.48,1.03,-,349百萬,,
聯博-房貸收益基金AA(穩定月配)南非幣避險級別 - (配現金)(本基金有相當比重投資於非投資等級之高風險債券且配息來源可能為本金),ALBC3-BCZAB019,南非幣,債券型,2014/03/13,RR3,月配,2026/07/31,61.89,0.66,1.84,6.47,32.27,,1.55,0.94,0.4,-,"1,786百萬",,
聯博-房貸收益基金AA(穩定月配)南非幣避險級別-(配股數)(本基金有相當比重投資於非投資等級之高風險債券且配息來源可能為本金),ALBC3-BNZAB023,南非幣,債券型,2014/03/13,RR3,月配,2026/07/31,61.89,0.66,1.84,6.47,32.27,,1.55,0.94,0.4,-,"1,786百萬",,
原康健人壽標的＿施羅德環球基金系列－歐洲小型公司（美元避險）,PYZM9-CRUS6,美元,中小型股,2014/05/07,RR4,無,2026/07/30,75.1627,5.34,7.17,6.43,20.82,,17.6,0.11,0.95,-,47百萬,,
施羅德環球基金系列－歐洲小型公司(美元避險)A-累積,PYZM9-EQUSC024,美元,中小型股,2014/05/07,RR4,無,2026/07/30,75.1627,5.34,7.17,6.43,20.82,,17.6,0.11,0.95,-,47百萬,,
貝萊德亞洲老虎債券基金A8多幣別穩定月配息股份-南非幣避險 - (配現金)(基金有相當比重投資於非投資等級之高風險債券且配息來源可能為本金),SHZS0-BCZML022,南非幣,債券型,2014/02/19,RR3,月配,2026/07/31,76.02,0.06,0.11,6.41,30.2,,4.11,0.36,1.09,-,"2,123百萬",,
貝萊德環球非投資等級債券基金A8多幣別穩定月配息股份-南非幣避險 - (配現金)(基金主要投資於符合美國Rule 144A規定之私募性質債券且配息來源可能為本金),SHZR9-BCZML023,南非幣,非投資等級債券,2014/02/19,RR3,月配,2026/07/31,77.36,0.51,1.28,6.25,34.17,,3.46,0.41,1.22,-,"1,945百萬",,
高盛基金III - 高盛環球非投資等級債券基金X股對沖級別南非幣(月配息) - (配現金)(本基金之配息來源可能為本金且本基金主要投資於符合美國Rule 144A 規定之私募性質債券),ANZN2-BCZIG027,南非幣,非投資等級債券,2019/12/05,RR3,月配,2026/07/30,1560.91,1.18,1.9,6.23,31.91,,3.47,0.41,0.98,-,1533百萬,,
高盛基金III - 高盛環球非投資等級債券基金X股對沖級別南非幣(月配息) - (配股數)(本基金之配息來源可能為本金且本基金主要投資於符合美國Rule 144A 規定之私募性質債券),ANZN2-BNZIG047,南非幣,非投資等級債券,2019/12/05,RR3,月配,2026/07/30,1560.91,1.18,1.9,6.23,31.91,,3.47,0.41,0.98,-,1533百萬,,
安盛環球基金-歐洲房地產基金A CAP歐元(本基金之配息來源可能為本金),AXA10-EQECG013,歐元,房地產,2005/08/16,RR4,無,2026/07/30,218.4,4.21,1.1,6.23,16.94,,18.47,0.1,1.03,-,350百萬,,
安聯美元短年期非投資等級債券基金-AMg穩定月收總收益類股(南非幣避險) - (配現金)(本基金主要投資於符合美國Rule 144A規定之私募性質債券且配息來源可能為本金),TLZG1-BCZAL029,南非幣,非投資等級債券,2019/12/02,RR3,月配,2026/07/31,116.4,1.68,2.39,6.21,25.55,,2.85,0.49,0.97,-,"1,395百萬",,
安聯美元短年期非投資等級債券基金-AMg穩定月收總收益類股(南非幣避險) - (配股數)(本基金主要投資於符合美國Rule 144A規定之私募性質債券且配息來源可能為本金),TLZG1-BNZAL030,南非幣,非投資等級債券,2019/12/02,RR3,月配,2026/07/31,116.4,1.68,2.39,6.21,25.55,,2.85,0.49,0.97,-,"1,395百萬",,
摩根基金 - 全球成長基金 - JPM全球成長(美元) - A股(分派) - (配股數)(本基金之配息來源可能為本金),JFZF1-EQUJF066,美元,股票型,1988/11/16,RR4,年配,2026/07/30,69.61,1.28,0.69,6.21,56.41,,19.56,0.1,1.12,-,492百萬,,
原康健人壽標的＿富達基金－歐洲小型企業基金（現金配息）,FTZ23-CFES8,歐元,中小型股,1995/12/01,RR4,年配,2026/07/31,75.65,7.55,1.89,6.15,19.23,,17.28,0.1,1.04,-,"1,100百萬",,
富達基金—歐洲小型企業基金 (A股歐元),FTZ23-EQEFD017,歐元,中小型股,1995/12/01,RR4,年配,2026/07/31,75.65,7.55,1.89,6.15,19.23,,17.28,0.1,1.04,-,"1,100百萬",,
晉達環球策略基金 – 環球優質股息增長基金C收益-3 股份(月配) - (配現金)(基金之配息來源可能為本金),GSF98-ECUIG011,美元,股票型,2016/05/18,RR3,月配,2026/07/30,30.63,4.98,1.33,6.11,24.82,,13.61,0.12,0.72,-,299百萬,,
路博邁投資基金 - NB非投資等級債券基金T月配息類股(南非幣) - (配現金)(本基金配息來源可能為本金且主要投資於符合美國Rule 144A規定之私募性質債券),NBT64-BCZNB001,南非幣,非投資等級債券,2013/06/11,RR3,月配,2026/07/31,54.07,0.7,1.44,6.08,31.07,,2.67,0.51,0.96,-,"1,742百萬",,
瀚亞投資─亞洲債券基金Azdm(南非幣避險月配) - (配現金)(本基金有相當比重投資於非投資等級之高風險債券且配息來源可能為本金),IOF43-BCZPC002,南非幣,債券型,2013/04/02,RR3,月配,2026/07/31,7.29,0.63,0.91,6.07,27.71,,3.64,0.38,0.96,-,2383百萬,,
貝萊德美元非投資等級債券基金A8多幣別穩定月配息股份-南非幣避險 - (配現金)(基金之配息來源可能為本金),SHZS1-BCZML024,南非幣,非投資等級債券,2014/02/19,RR3,月配,2026/07/31,77.76,0.17,1.11,6.07,33.04,,3.25,0.42,1.14,-,"2,911百萬",,
東方匯理基金策略收益債券 A 南非幣避險 (穩定月配息) - (配現金)(本基金有相當比重投資於非投資等級之高風險債券且配息來源可能為本金),PIZC5-BCZPI005,南非幣,債券型,2014/11/03,RR2,月配,2026/07/31,329.59,-0.09,0.45,6.06,24.95,,3.53,0.39,1,-,"2,186百萬",,
東方匯理基金策略收益債券 A 南非幣避險 (穩定月配息) - (配股數)(本基金有相當比重投資於非投資等級之高風險債券且配息來源可能為本金),PIZC5-BNZPI016,南非幣,債券型,2014/11/03,RR2,月配,2026/07/31,329.59,-0.09,0.45,6.06,24.95,,3.53,0.39,1,-,"2,186百萬",,
安聯收益成長基金-AMgi月收總收益類股(日圓避險) - (配現金)(本基金有相當比重投資於非投資等級之高風險債券且配息來源可能為本金),TLZO3-BGJAL082,日圓,平衡型,2024/04/02,RR3,月配,2026/07/31,1811.37,0.5,2.05,6.05,-,,9.94,0.15,0.88,-,"58,185百萬",,
安聯收益成長基金-AMgi月收總收益類股(日圓避險) - (配股數)(本基金有相當比重投資於非投資等級之高風險債券且配息來源可能為本金),TLZO3-BSJAL086,日圓,平衡型,2024/04/02,RR3,月配,2026/07/31,1811.37,0.5,2.05,6.05,-,,9.94,0.15,0.88,-,"58,185百萬",,
原康健人壽標的＿富蘭克林坦伯頓全球投資系列－亞洲小型企業基金（現金配息）,FLZD8-CKUSR,美元,中小型股,2008/10/14,RR4,年配,2026/07/31,69.58,-0.17,1.38,5.99,28.63,,17.58,0.1,0.63,-,731百萬,,
富蘭克林坦伯頓全球投資系列-亞洲小型企業基金美元A (acc)股,FLZD6-EQUFT022,美元,中小型股,2008/10/14,RR4,無,2026/07/31,71.81,-0.18,1.37,5.98,28.62,,17.6,0.1,0.63,-,731百萬,,
景順新興市場債券基金A-半年配息股 美元 - (配股數)(本基金有相當比重投資於非投資等級之高風險債券，且基金之配息來源可能為本金),CTZ42-BNUIV005,美元,固定收益,2000/03/10,RR3,半年配,2026/07/31,16.12,0.06,0.22,5.97,25.62,,6.39,0.22,1.5,-,74百萬,,
美盛西方資產美國非投資等級債券基金A類股美元增益配息型(M) - (配現金)(本基金主要投資於符合美國Rule 144A規定之私募性質債券且基金之配息來源可能為本金),WEA46-BCUMS010,美元,非投資等級債券,2012/11/21,RR3,月配,2026/07/31,65.06,0.44,1.24,5.96,26.16,,2.69,0.5,0.95,-,94百萬,,
美盛西方資產美國非投資等級債券基金A類股美元配息型(M) - (配現金)(本基金主要投資於符合美國Rule 144A規定之私募性質債券且基金之配息來源可能為本金),WEA39-BCUMS007,美元,非投資等級債券,2010/12/20,RR3,月配,2026/07/31,84.81,0.42,1.23,5.95,26.14,,2.69,0.49,0.95,-,94百萬,,
施羅德環球基金系列－環球收息債券(南非幣避險)A-月配固定(C) - (配現金)(本基金有相當比重投資於非投資等級之高風險債券且基金之配息來源可能為本金),PYZS0-BCZSC030,南非幣,債券型,2018/10/17,RR2,月配,2026/07/30,1274.5489,1.03,1.15,5.82,31.86,,3.62,0.36,0.9,-,"8,269百萬",,
高盛基金III - 高盛亞洲債券基金X股對沖級別南非幣(月配息) - (配現金)(本基金有相當比重投資於非投資等級之高風險債券且配息來源可能為本金),ANZH7-BCZIG025,南非幣,債券型,2015/03/04,RR3,月配,2026/07/30,1732.74,0.55,0.75,5.8,26.65,,3.57,0.36,0.94,-,159百萬,,
高盛基金III - 高盛亞洲債券基金X股對沖級別南非幣(月配息) - (配股數)(本基金有相當比重投資於非投資等級之高風險債券且配息來源可能為本金),ANZH7-BNZIG033,南非幣,債券型,2015/03/04,RR3,月配,2026/07/30,1732.74,0.55,0.75,5.8,26.65,,3.57,0.36,0.94,-,159百萬,,
聯博-全球永續多元資產基金AI(穩定月配)美元避險級別 - (配現金)(基金之配息來源可能為本金),ALBR9-BGUAB053,美元,平衡型,2022/04/27,RR3,無,2026/07/31,69.03,1.48,3.08,5.63,23.19,,8.08,0.16,0.55,-,92百萬,,
聯博-全球非投資等級債券基金AA(穩定月配)南非幣避險級別 - (配現金)(基金之配息來源可能為本金),ALBB7-BCZAB002,南非幣,非投資等級債券,2014/03/13,RR3,月配,2026/07/31,46.73,0.05,0.73,5.62,32.41,,3.86,0.32,1.32,-,"11,944百萬",,
聯博-全球非投資等級債券基金AA(穩定月配)南非幣避險級別 - (配股數)(基金之配息來源可能為本金),ALBB7-BNZAB002,南非幣,非投資等級債券,2014/03/13,RR3,月配,2026/07/31,46.73,0.05,0.73,5.62,32.41,,3.86,0.32,1.32,-,"11,944百萬",,
原康健人壽標的＿聯博—全球非投資等級債券基金AA （現金配息）(本基金之配息來源可能為本金),ALBB7-CUBZ0,南非幣,非投資等級債券,2014/03/13,RR3,月配,2026/07/31,46.73,0.05,0.73,5.62,32.41,,3.86,0.32,1.32,-,"11,944百萬",,
原康健人壽標的＿聯博—全球非投資等級債券基金AA （單位數配息）(本基金之配息來源可能為本金),ALBB7-CUBZ1,南非幣,非投資等級債券,2014/03/13,RR3,月配,2026/07/31,46.73,0.05,0.73,5.62,32.41,,3.86,0.32,1.32,-,"11,944百萬",,
富達基金—美元非投資等級債券基金 (A股月配息美元) - (配現金)(本基金主要投資於符合美國Rule 144A規定之私募性質債券，且基金之配息來源可能為本金),FTZA3-BCUFD001,美元,非投資等級債券,2003/06/09,RR3,月配,2026/07/31,10.67,0.5,1.51,5.55,22.43,,2.84,0.43,1.03,-,"2,527百萬",,
富達基金—美元非投資等級債券基金 (A股月配息美元) - (配股數)(本基金主要投資於符合美國Rule 144A規定之私募性質債券，且基金之配息來源可能為本金),FTZA3-BNUFD004,美元,非投資等級債券,2003/06/09,RR3,月配,2026/07/31,10.67,0.5,1.51,5.55,22.43,,2.84,0.43,1.03,-,"2,527百萬",,
富達基金—美元非投資等級債券基金 (A股C月配息美元) - (配現金)(本基金主要投資於符合美國Rule 144A規定之私募性質債券，且基金之配息來源可能為本金),FTZW3-BCUFD038,美元,非投資等級債券,2020/01/15,RR3,月配,2026/07/31,7.137,0.51,1.47,5.54,22.4,,2.78,0.44,1,-,"2,527百萬",,
聯博-全球永續多元資產基金AI(穩定月配)澳幣避險級別 - (配現金)(基金之配息來源可能為本金),ALBS2-BGAAB054,澳幣,平衡型,2023/11/03,RR3,月配,2026/07/31,79.66,1.71,3.34,5.54,-,,8.04,0.16,0.54,-,92百萬,,
原康健人壽標的＿富達基金－美元非投資等級債券基金 (A 股【F1 穩定月配息】美元)（現金配息）(本基金主要投資於符合美國Rule 144A 規定之私募性質債券且配息來源可能為本金),FTZL8-CFUB6,美元,非投資等級債券,2013/06/18,RR3,月配,2026/07/31,7.743,0.51,1.48,5.54,22.42,,2.78,0.44,1,-,"2,527百萬",,
富達基金—美元非投資等級債券基金 (A股美元) - (配股數)(本基金主要投資於符合美國Rule 144A規定之私募性質債券，且基金之配息來源可能為本金),FTZA2-BNUFD003,美元,非投資等級債券,2001/09/05,RR3,年配,2026/07/31,11.79,0.51,1.46,5.54,22.4,,2.75,0.44,0.99,-,"2,527百萬",,
原康健人壽標的＿富達基金－美元非投資等級債券基金 (A 股美元)（單位數配息）(本基金主要投資於符合美國Rule 144A規定之私募性質債券),FTZA2-CFUB2,美元,非投資等級債券,2001/09/05,RR3,年配,2026/07/31,11.79,0.51,1.46,5.54,22.4,,2.75,0.44,0.99,-,"2,527百萬",,
美盛全球非投資等級債券基金A類股美元配息型(M) - (配現金)(本基金主要投資於符合美國Rule 144A規定之私募性質債券且基金之配息來源可能為本金),WEA27-BCUMS004,美元,非投資等級債券,2008/01/30,RR3,月配,2026/07/31,73.24,0.32,0.87,5.51,25.46,,3.41,0.36,1.18,-,39百萬,,
美盛全球非投資等級債券基金A類股美元增益配息型(M) - (配現金)(本基金主要投資於符合美國Rule 144A規定之私募性質債券且基金之配息來源可能為本金),WEA45-BCUMS008,美元,非投資等級債券,2012/11/21,RR3,月配,2026/07/31,59.59,0.32,0.87,5.5,25.46,,3.42,0.35,1.19,-,39百萬,,
富達基金－多重資產收益ESG基金 (A股美元)(本基金有相當比重投資於非投資等級之高風險債券),FTZB2-BLUFD010,美元,平衡型,2001/11/20,RR3,年配,2026/07/31,19.3,2.66,-0.26,5.36,17.3,,11.82,0.11,0.81,-,81百萬,,
先機環球動態債券基金L類避險收益股(南非幣穩定配息) - (配現金)(基金之配息來源可能為本金),SGFB6-BCZCG004,南非幣,債券型,2017/03/20,RR2,月配,2026/07/30,8.7559,1.41,0.63,5.33,22.59,,5.87,0.2,1.5,-,264百萬,,
美盛全球非投資等級債券基金A類股澳幣增益配息型(M)(避險) - (配現金)(本基金主要投資於符合美國Rule 144A規定之私募性質債券且基金之配息來源可能為本金),WEA28-BCAMS001,澳幣,非投資等級債券,2010/06/28,RR3,月配,2026/07/31,66.83,0.45,0.95,5.2,22.47,,3.41,0.33,1.18,-,39百萬,,
安本基金-歐元非投資等級債券基金 A 累積 美元避險 - (配現金),ANZD5-BNUAD001,美元,非投資等級債券,2007/09/28,RR3,無,2026/07/31,25.4789,1.93,1.92,5.13,26.83,,4.25,0.26,1.31,-,313百萬,,
霸菱環球非投資等級債券基金-G類美元月配息型 - (配現金)(本基金主要投資於符合美國 Rule 144A規定之私募性質債券且配息來源可能為本金),PLB15-BCUBR007,美元,非投資等級債券,2018/10/01,RR3,月配,2026/07/30,72.93,0.66,1.16,5.08,26.69,,3.23,0.34,0.91,-,"5,324百萬",,
霸菱環球非投資等級債券基金-G類美元累積型(本基金主要投資於符合美國 Rule 144A規定之私募性質債券且配息來源可能為本金),PLB14-BLUBR008,美元,非投資等級債券,2018/10/01,RR3,無,2026/07/30,141.02,0.65,1.15,5.07,26.67,,3.23,0.34,0.91,-,"5,324百萬",,
PIMCO多元收益債券基金-E級類別(收息股份) - (配現金)(本基金有相當比重投資於非投資等級之高風險債券且配息來源可能為本金),PIM28-BCUAL006,美元,債券型,2006/07/31,RR3,季配,2026/07/31,12.17,0.24,0.16,5.06,22.1,,4.09,0.27,1.04,-,9600百萬,,
PIMCO多元收益債券基金-E級類別(收息股份) - (配股數)(本基金有相當比重投資於非投資等級之高風險債券且配息來源可能為本金),PIM28-BNUAL006,美元,債券型,2006/07/31,RR3,季配,2026/07/31,12.17,0.24,0.16,5.06,22.1,,4.09,0.27,1.04,-,9600百萬,,
安本基金-歐元非投資等級債券基金 A 月配息 美元避險 - (配現金),ANZD4-BCUAD002,美元,非投資等級債券,2013/03/25,RR3,月配,2026/07/31,10.8189,1.93,1.89,5.06,26.85,,4.26,0.26,1.31,-,313百萬,,
PIMCO多元收益債券基金-M級類別(月收息強化股份) - (配現金)(本基金有相當比重投資於非投資等級之高風險債券且配息來源可能為本金),PIM51-BCUAL015,美元,債券型,2013/12/23,RR3,月配,2026/07/31,7.86,0.23,0.13,5.03,22.08,,4.07,0.27,1.02,-,9600百萬,,
PIMCO多元收益債券基金-M級類別(月收息強化股份) - (配股數)(本基金有相當比重投資於非投資等級之高風險債券且配息來源可能為本金),PIM51-BNUPM037,美元,債券型,2013/12/23,RR3,月配,2026/07/31,7.86,0.23,0.13,5.03,22.08,,4.07,0.27,1.02,-,9600百萬,,
聯博-美國成長基金 A股美元(基金之配息來源可能為本金),ALZ01-EQUAB008,美元,股票型,1997/01/06,RR4,無,2026/07/31,254.29,0.51,2.49,5.01,51.27,,15.85,0.09,1.17,-,"9,054百萬",,
PIMCO多元收益債券基金-E級類別(累積股份)(本基金有相當比重投資於非投資等級之高風險債券且配息來源可能為本金),PIK11-BNUPM029,美元,債券型,2006/09/11,RR3,無,2026/07/31,25.59,0.24,0.12,5.01,22.03,,4.03,0.27,1.02,-,9600百萬,,
PIMCO多元收益債券基金-M級類別(穩定月收息股份) - (配現金)(本基金有相當比重投資於非投資等級之高風險債券且配息來源可能為本金),PIM91-BCUPM041,美元,債券型,2023/12/19,RR3,月配,2026/07/31,9.13,0.2,0.11,4.96,-,,4.07,0.26,1.03,-,9600百萬,,
PIMCO多元收益債券基金-M級類別(穩定月收息股份) - (配股數)(本基金有相當比重投資於非投資等級之高風險債券且配息來源可能為本金),PIM91-BNUPM042,美元,債券型,2023/12/19,RR3,月配,2026/07/31,9.13,0.2,0.11,4.96,-,,4.07,0.26,1.03,-,9600百萬,,
霸菱環球非投資等級債券基金-G類澳幣避險月配息型 - (配現金)(本基金主要投資於符合美國 Rule 144A規定之私募性質債券且配息來源可能為本金),PLB16-BCABR011,澳幣,非投資等級債券,2018/10/01,RR3,月配,2026/07/30,70.56,0.81,1.31,4.93,23.95,,3.2,0.33,0.9,-,"5,324百萬",,
霸菱環球非投資等級債券基金-G類澳幣避險累積型(本基金主要投資於符合美國 Rule 144A規定之私募性質債券且配息來源可能為本金),PLB20-BLABR012,澳幣,非投資等級債券,2021/02/01,RR3,無,2026/07/30,120.46,0.8,1.29,4.89,23.84,,3.21,0.32,0.91,-,"5,324百萬",,
原康健人壽標的＿摩根投資基金－環球非投資等級債券基金（美元） - A 股（每月派息）（單位數配息）(本基金之配息來源可能為本金且主要投資於符合美國Rule 144A 規定之私募性質債券),JFZ89-CBUB3,美元,非投資等級債券,2008/09/17,RR3,月配,2026/07/30,80.53,0.29,1.05,4.84,26.4,,2.87,0.36,0.82,-,"5,473百萬",,
摩根投資基金－環球非投資等級債券基金 - JPM 環球非投資等級債券(美元)－ A股(每月派息) - (配現金)(本基金之配息來源可能為本金且主要投資於符合美國Rule 144A規定之私募性質債券),JFZ89-BCUJF004,美元,非投資等級債券,2008/09/17,RR3,月配,2026/07/30,80.53,0.29,1.05,4.84,26.4,,2.87,0.36,0.82,-,"5,473百萬",,
摩根投資基金－環球非投資等級債券基金 - JPM 環球非投資等級債券(美元)－ A股(每月派息) - (配股數)(本基金之配息來源可能為本金且主要投資於符合美國Rule 144A規定之私募性質債券),JFZ89-BNUJF004,美元,非投資等級債券,2008/09/17,RR3,月配,2026/07/30,80.53,0.29,1.05,4.84,26.4,,2.87,0.36,0.82,-,"5,473百萬",,
原康健人壽標的＿摩根投資基金－環球非投資等級債券基金（美元） - A 股（每月派息）（現金配息）(本基金之配息來源可能為本金且主要投資於符合美國Rule 144A 規定之私募性質債券),JFZ89-CBUB0,美元,非投資等級債券,2008/09/17,RR3,月配,2026/07/30,80.53,0.29,1.05,4.84,26.4,,2.87,0.36,0.82,-,"5,473百萬",,
富達基金—歐洲多重資產收益基金 (A股歐元)(本基金有相當比重投資於非投資等級之高風險債券),FTZ31-BGEFD001,歐元,平衡型,1994/10/17,RR3,年配,2026/07/31,18.6,2.71,0.11,4.82,21.7,,8.25,0.13,0.52,-,371百萬,,
摩根投資基金 - 環球非投資等級債券基金 - JPM環球非投資等級債券 (美元) - A股(穩定月配) - (配現金)(本基金之配息來源可能為本金且主要投資於符合美國Rule 144A規定之私募性質債券),JFZM5-BCUJF048,美元,非投資等級債券,2020/11/02,RR3,月配,2026/07/30,73.84,0.29,1.05,4.82,26.32,,2.88,0.35,0.82,-,"5,473百萬",,
摩根投資基金 - 環球非投資等級債券基金 - JPM環球非投資等級債券 (美元) - A股(穩定月配) - (配股數)(本基金之配息來源可能為本金且主要投資於符合美國Rule 144A規定之私募性質債券),JFZM5-BNUJF049,美元,非投資等級債券,2020/11/02,RR3,月配,2026/07/30,73.84,0.29,1.05,4.82,26.32,,2.88,0.35,0.82,-,"5,473百萬",,
東方匯理基金美國非投資等級債券 A 澳幣避險 (穩定月配息) - (配現金)(本基金主要投資於符合美國Rule 144A規定之私募性質債券且基金之配息來源可能為本金),PIZD2-BCAPI003,澳幣,非投資等級債券,2014/09/30,RR3,月配,2026/07/31,23.52,0.48,1.13,4.82,20.04,,2.29,0.44,0.83,-,236百萬,,
東方匯理基金美國非投資等級債券 A 美元 (月配息) - (配現金)(本基金主要投資於符合美國Rule 144A規定之私募性質債券且基金之配息來源可能為本金),PIZ43-BCUPI003,美元,非投資等級債券,2005/08/02,RR3,月配,2026/07/31,43.34,0.34,0.9,4.82,22.24,,2.33,0.44,0.84,-,236百萬,,
東方匯理基金美國非投資等級債券 A 美元 (月配息) - (配股數)(本基金主要投資於符合美國Rule 144A規定之私募性質債券且基金之配息來源可能為本金),PIZ43-BNUPI003,美元,非投資等級債券,2005/08/02,RR3,月配,2026/07/31,43.34,0.34,0.9,4.82,22.24,,2.33,0.44,0.84,-,236百萬,,
東方匯理基金美國非投資等級債券 A 美元(本基金主要投資於符合美國Rule 144A規定之私募性質債券且基金之配息來源可能為本金),PIZ21-BNUPI001,美元,非投資等級債券,2001/12/27,RR3,無,2026/07/31,18.08,0.39,0.95,4.81,22.24,,2.31,0.44,0.84,-,236百萬,,
東方匯理基金美國非投資等級債券 A 美元 (穩定月配息) - (配現金)(本基金主要投資於符合美國Rule 144A規定之私募性質債券且基金之配息來源可能為本金),PIZN2-BCUPI010,美元,非投資等級債券,2017/06/07,RR3,月配,2026/07/31,28.43,0.36,0.93,4.81,22.26,,2.32,0.44,0.84,-,236百萬,,
東方匯理基金美元綜合債券 A2 南非幣避險 (穩定月配息) - (配現金)(本基金之配息來源可能為本金),PIZM2-BCZPI014,南非幣,債券型,2017/06/07,RR2,月配,2026/07/31,509.3,-0.44,0.03,4.79,20.77,,3.54,0.29,1.03,-,"2,076百萬",,
東方匯理基金美元綜合債券 A2 南非幣避險 (穩定月配息) - (配股數)(本基金之配息來源可能為本金),PIZM2-BNZPI033,南非幣,債券型,2017/06/07,RR2,月配,2026/07/31,509.3,-0.44,0.03,4.79,20.77,,3.54,0.29,1.03,-,"2,076百萬",,
原康健人壽標的＿摩根基金－中國基金（現金配息）(本基金之配息來源可能為本金),JFH02-CBUS3,美元,股票型,1994/07/04,RR5,年配,2026/07/30,74.96,-1.82,-6.48,4.78,9.04,,17.23,0.08,0.59,-,"2,993百萬",,
原康健人壽標的＿摩根基金－中國基金（單位數配息）(本基金之配息來源可能為本金),JFH02-CBUSA,美元,股票型,1994/07/04,RR5,年配,2026/07/30,74.96,-1.82,-6.48,4.78,9.04,,17.23,0.08,0.59,-,"2,993百萬",,
摩根基金－中國基金 - JPM 中國(美元)－ A股(分派)(本基金之配息來源可能為本金),JFH02-EQUJF003,美元,股票型,1994/07/04,RR5,年配,2026/07/30,74.96,-1.82,-6.48,4.78,9.04,,17.23,0.08,0.59,-,"2,993百萬",,
駿利亨德森遠見泛歐地產股票基金,HHZ07-EQEHD001,歐元,房地產,1998/07/01,RR4,無,2026/07/30,55.97,5.46,0.2,4.75,21.86,,20.43,0.08,1.14,-,502百萬,,
安聯全球永續發展基金-AMg穩定月收總收益類股(美元) - (配現金)(基金之配息來源可能為本金),TLZN0-ECUAL079,美元,股票型,2019/08/01,RR3,月配,2026/07/31,11.96,3.3,1.16,4.74,26.08,,14.19,0.09,0.94,-,"1,318百萬",,
安聯全球永續發展基金-A配息類股(美元) - (配現金)(基金之配息來源可能為本金),TLZ57-ECUAL054,美元,股票型,2003/01/02,RR3,年配,2026/07/31,54.0245,3.28,1.18,4.73,26.44,,14.26,0.09,0.94,-,"1,318百萬",,
安聯全球永續發展基金-A配息類股(美元)(基金之配息來源可能為本金),TLZ57-EQUAL056,美元,股票型,2003/01/02,RR3,年配,2026/07/31,54.0245,3.28,1.18,4.73,26.44,,14.26,0.09,0.94,-,"1,318百萬",,
摩根投資基金－環球非投資等級債券基金 - JPM 環球非投資等級債券(澳幣對沖)- A股(利率入息) - (配現金)(本基金之配息來源可能為本金且主要投資於符合美國Rule 144A規定之私募性質債券),JFZA9-BCAJF001,澳幣,非投資等級債券,2013/03/12,RR3,月配,2026/07/30,7.05,0.44,1.21,4.72,23.48,,2.93,0.34,0.83,-,"5,473百萬",,
木星全球系列-木星動力債券基金 L類股 美元避險每月收益 - (配現金)(本基金主要係投資於非投資等級之高風險債券),JUP27-BCUJT002,美元,債券型,2014/03/13,RR3,月配,2026/07/30,8.22,0.97,0.13,4.72,17.15,,6.09,0.17,1.45,-,"8,452百萬",,
晉達環球策略基金 - 新興市場公司債券基金 C 收益-2 股份(南非幣避險 IRD， 月配) - (配股數)(本基金有相當比重投資於非投資等級之高風險債券且基金之配息來源可能為本金),GSF79-BNZIN003,南非幣,公司債券,2014/06/27,RR3,月配,2026/07/30,121.57,-0.05,0.68,4.69,26.27,,5.11,0.2,0.93,-,1500百萬,,
瑞銀 (盧森堡) 美國增長股票基金 (美元),SBZ66-EQUBS003,美元,股票型,2004/10/08,RR4,無,2026/07/29,102.76,-1.64,-0.86,4.66,55.89,,24.53,0.07,1.4,-,"3,950百萬",,
原康健人壽標的＿瀚亞投資－美國非投資等級債券基金（現金配息）(本基金配息來源可能為本金且主要投資於符合美國Rule 144A規定之私募性質債券),IOF15-CDUB4,美元,非投資等級債券,2009/06/01,RR3,月配,2026/07/31,7.465,0.3,0.84,4.66,23.85,,3.11,0.31,1.14,-,384百萬,,
瀚亞投資-美國非投資等級債券基金(Adm) - (配現金)(本基金配息來源可能為本金),IOF15-BCUPC001,美元,非投資等級債券,2009/06/01,RR3,月配,2026/07/31,7.465,0.3,0.84,4.66,23.85,,3.11,0.31,1.14,-,384百萬,,
木星全球系列-木星動力債券基金 L類股 美元避險累積(本基金主要係投資於非投資等級之高風險債券),JUP26-BNUJT002,美元,債券型,2013/04/30,RR3,無,2026/07/30,14.6,0.97,0.21,4.66,17.08,,6.14,0.17,1.47,-,"8,452百萬",,
PIMCO多元收益債券基金-M級類別(月收息股份) - (配現金)(本基金有相當比重投資於非投資等級之高風險債券且配息來源可能為本金),PIM41-BCUAL012,美元,債券型,2010/11/30,RR3,月配,2026/07/31,10.36,-0.12,-0.29,4.66,21.56,,3.99,0.25,1.01,-,9600百萬,,
瀚亞投資-美國非投資等級債券基金Admc1(美元穩定月配) - (配現金)(本基金配息來源可能為本金),IOF63-BCUPC007,美元,非投資等級債券,2013/12/09,RR3,月配,2026/07/31,5.036,0.29,0.84,4.65,23.84,,3.1,0.31,1.13,-,384百萬,,
富達基金－永續發展全球健康護理基金 (A股累計美元),FTZL6-EQUFD032,美元,健康護理股,2013/03/27,RR3,無,2026/07/31,24.9,4.84,-4.74,4.62,1.1,,13.64,0.09,0.98,-,"1,260百萬",,
原康健人壽標的＿貝萊德亞洲老虎債券基金(基金有相當比重投資於非投資等級之高風險債券),SHZG2-CLUB1,美元,債券型,1996/02/02,RR3,無,2026/07/31,44.89,0.09,-0.4,4.61,21.26,,3.85,0.25,1,-,"2,123百萬",,
原康健人壽標的＿貝萊德環球非投資等級債券基金(基金主要投資於符合美國Rule 144A規定之私募性質債券且配息來源可能為本金),SHZ62-CLUB2,美元,非投資等級債券,2007/06/08,RR3,無,2026/07/31,34.05,0.65,0.86,4.58,25.23,,3.2,0.3,1.15,-,"1,945百萬",,
野村基金(愛爾蘭系列)-全球多元收益債券基金(T美元類股)(本基金之配息來源可能為本金且有相當比重投資於非投資等級之高風險債券且並無保證收益及配息),NFI29-BLUIG064,美元,債券型,2021/07/15,RR3,無,2026/07/30,103.5878,1.14,-0.51,4.54,20.49,,5.24,0.18,1.28,-,2577百萬,,
野村基金(愛爾蘭系列)-全球多元收益債券基金(TD美元類股) - (配現金)(本基金之配息來源可能為本金且有相當比重投資於非投資等級之高風險債券且並無保證收益及配息),NFI27-BCUIG063,美元,債券型,2021/07/15,RR3,月配,2026/07/30,71.3668,1.14,-0.51,4.54,20.5,,5.24,0.18,1.28,-,2577百萬,,
法巴全球非投資等級債券基金/月配(美元)避險 - (配現金)(本基金之配息來源可能為本金),FLFF3-BCUBN018,美元,非投資等級債券,2013/11/14,RR3,月配,2026/07/30,57.71,0.86,1.2,4.53,24.71,,3,0.31,0.85,-,69百萬,,
富蘭克林坦伯頓全球投資系列-公司債基金美元A (acc)股(本基金主要投資於非投資等級之高風險債券及符合美國Rule 144A規定之私募性質債券且基金之配息來源可能為本金),FLZA9-BNUFT010,美元,非投資等級債券,2001/07/02,RR3,無,2026/07/31,25.53,0.16,0.67,4.5,24.29,,2.46,0.38,0.89,-,1274百萬,,
法巴全球非投資等級債券基金/月配H (澳幣) - (配現金)(本基金之配息來源可能為本金),FLFE7-BCABN002,澳幣,非投資等級債券,2013/11/14,RR3,月配,2026/07/30,54.3,1.03,1.39,4.49,21.84,,3.04,0.31,0.85,-,69百萬,,
原康健人壽標的＿富達基金－全球聚焦基金（現金配息）,FTZB1-CFUSL,美元,股票型,2003/01/14,RR3,年配,2026/07/31,144.4,2.41,-1.1,4.49,39.92,,16.05,0.08,1.01,-,918百萬,,
原康健人壽標的＿富達基金－全球聚焦基金（單位數配息）,FTZB1-CFUSM,美元,股票型,2003/01/14,RR3,年配,2026/07/31,144.4,2.41,-1.1,4.49,39.92,,16.05,0.08,1.01,-,918百萬,,
富達基金—全球聚焦基金 (A股美元),FTZB1-EQUFD026,美元,股票型,2003/01/14,RR3,年配,2026/07/31,144.4,2.41,-1.1,4.49,39.92,,16.05,0.08,1.01,-,918百萬,,
天達環球策略基金 - 拉丁美洲公司債券基金 C 收益-2 股份- (配現金)(本基金有相當比重投資於非投資等級之高風險債券且基金之配息來源可能為本金),GSF32-BCUIN005,美元,公司債券,2010/10/21,RR3,月配,2026/07/30,11.75,0.13,0.78,4.43,20.55,,3.45,0.27,0.71,-,0百萬,,
高盛基金III - 高盛旗艦多元資產基金X股對沖級別美元(本基金之配息來源可能為本金),ANZI8-BLUIG001,美元,平衡型,2015/08/12,RR3,無,2026/07/30,296.81,1.25,1.31,4.43,14.91,,6.39,0.15,0.36,-,332百萬,,
原康健人壽標的＿匯豐環球投資基金－環球非投資等級債券（現金配息）(本基金配息來源可能為本金，本基金自110年5月2日起停止申購),HSZ88-CHUB2,美元,非投資等級債券,2012/07/20,RR3,月配,2026/07/30,7.627,0.77,0.94,4.42,22.9,,3.38,0.27,0.9,-,"1,401百萬",,
景順環球非投資等級債券基金(本基金主要投資於符合美國Rule 144A 規定之私募性質債券，且基金之配息來源可能為本金，本基金非屬環境、社會、治理相關主題基金),CTZ37-BCUIV001,美元,非投資等級債券,2004/07/30,RR3,月配,2026/07/31,9.85,0.24,0.71,4.41,21.42,,3.43,0.27,1.22,-,149百萬,,
富蘭克林坦伯頓全球投資系列-美國機會基金美元A (acc)股,FLZ94-EQUFT013,美元,股票型,2000/04/03,RR4,無,2026/07/31,39.05,0.93,5.2,4.41,48.2,,17.63,0.07,1.21,-,6997百萬,,
高盛基金III - 高盛旗艦多元資產基金X股對沖級別美元(月配息) - (配現金)(本基金之配息來源可能為本金),ANZI7-BGUIG001,美元,平衡型,2015/08/12,RR3,月配,2026/07/30,162.64,1.24,1.26,4.41,14.86,,6.43,0.15,0.36,-,332百萬,,
晉達環球策略基金 - 環球特許品牌基金 C 收益股份(基金之配息來源可能為本金),GSF34-EQUIN007,美元,股票型,2009/09/30,RR3,年配,2026/07/30,74.36,5.9,-0.69,4.35,26.53,,12.68,0.09,0.57,-,8700百萬,,
富蘭克林坦伯頓全球投資系列-公司債基金美元A (Mdis)股 - (配現金)(本基金主要投資於非投資等級之高風險債券及符合美國Rule 144A規定之私募性質債券且基金之配息來源可能為本金),FLZ41-BCUFT007,美元,非投資等級債券,1996/03/01,RR3,月配,2026/07/31,5.16,0.17,0.56,4.35,24.13,,2.28,0.39,0.82,-,1274百萬,,
富蘭克林坦伯頓全球投資系列-公司債基金美元A (Mdis)股 - (配股數)(本基金主要投資於非投資等級之高風險債券及符合美國Rule 144A規定之私募性質債券且基金之配息來源可能為本金),FLZ41-BNUFT007,美元,非投資等級債券,1996/03/01,RR3,月配,2026/07/31,5.16,0.17,0.56,4.35,24.13,,2.28,0.39,0.82,-,1274百萬,,
原康健人壽標的＿富蘭克林坦伯頓全球投資系列－公司債基金（單位數配息）(本基金主要投資於非投資等級之高風險債券及符合美國Rule 144A規定之私募性質債券且基金之配息來源可能為本金),FLZ41-CKUB0,美元,非投資等級債券,1996/03/01,RR3,月配,2026/07/31,5.16,0.17,0.56,4.35,24.13,,2.28,0.39,0.82,-,1274百萬,,
原康健人壽標的＿富蘭克林坦伯頓全球投資系列－公司債基金（現金配息）(本基金主要投資於非投資等級之高風險債券及符合美國Rule 144A規定之私募性質債券且基金之配息來源可能為本金),FLZ41-CKUB6,美元,非投資等級債券,1996/03/01,RR3,月配,2026/07/31,5.16,0.17,0.56,4.35,24.13,,2.28,0.39,0.82,-,1274百萬,,
法巴美國非投資等級債券基金/月配H (澳幣) - (配現金)(本基金主要投資於符合美國Rule 144A規定之私募性質債券，基金之配息來源可能為本金),FLFE8-BCABN003,澳幣,債券型,2013/11/14,RR3,月配,2026/07/30,61.09,0.77,1.28,4.33,20.05,,2.71,0.33,0.49,-,73百萬,,
瀚亞投資-美國非投資等級債券基金Aadmc1(澳幣避險穩定月配) - (配現金)(本基金配息來源可能為本金),IOF64-BCAPC005,澳幣,非投資等級債券,2013/12/09,RR3,月配,2026/07/31,5.116,0.41,0.91,4.32,20.96,,3.1,0.29,1.13,-,384百萬,,
法巴美國非投資等級債券基金/月配 (美元) - (配現金)(本基金主要投資於符合美國Rule 144A規定之私募性質債券，基金之配息來源可能為本金),PAZB0-BCUBN002,美元,債券型,2001/04/16,RR3,月配,2026/07/30,52.52,0.55,1.03,4.32,22.86,,2.67,0.33,0.49,-,73百萬,,
東方匯理基金環球非投資等級債券 A 美元 (月配息) - (配現金)(本基金主要投資於符合美國Rule 144A規定之私募性質債券且基金之配息來源可能為本金),PIZ78-BCUPI004,美元,非投資等級債券,2007/03/01,RR3,月配,2026/07/31,30.63,0.43,-0.07,4.32,24.56,,3.7,0.24,1.24,-,182百萬,,
東方匯理基金環球非投資等級債券 A 美元 (月配息) - (配股數)(本基金主要投資於符合美國Rule 144A規定之私募性質債券且基金之配息來源可能為本金),PIZ78-BNUPI004,美元,非投資等級債券,2007/03/01,RR3,月配,2026/07/31,30.63,0.43,-0.07,4.32,24.56,,3.7,0.24,1.24,-,182百萬,,
瀚亞投資─美國非投資等級債券基金Aadm(澳幣避險月配) - (配現金)(本基金配息來源可能為本金),IOF34-BCAPC002,澳幣,非投資等級債券,2012/06/18,RR3,月配,2026/07/31,6.082,0.41,0.9,4.31,20.96,,3.09,0.28,1.13,-,384百萬,,
原康健人壽標的＿瀚亞投資－美國非投資等級債券基金（現金配息）（澳幣避險）(本基金配息來源可能為本金且主要投資於符合美國Rule 144A規定之私募性質債券),IOF34-CEAB0,澳幣,非投資等級債券,2012/06/18,RR3,月配,2026/07/31,6.082,0.41,0.9,4.31,20.96,,3.09,0.28,1.13,-,384百萬,,
東方匯理基金環球非投資等級債券 A 美元 (穩定月配息) - (配現金)(本基金主要投資於符合美國Rule 144A規定之私募性質債券且基金之配息來源可能為本金),PIZN5-BCUPI009,美元,非投資等級債券,2017/06/06,RR3,月配,2026/07/31,20.36,0.39,-0.07,4.29,24.59,,3.66,0.24,1.23,-,182百萬,,
東方匯理基金環球非投資等級債券 A 澳幣避險 (穩定月配息) - (配現金)(本基金主要投資於符合美國Rule 144A規定之私募性質債券且基金之配息來源可能為本金),PIZC0-BCAPI009,澳幣,非投資等級債券,2014/09/30,RR3,月配,2026/07/31,15.16,0.59,0.09,4.27,22.22,,3.61,0.24,1.2,-,182百萬,,
原康健人壽標的＿東方匯理基金環球非投資等級債券A澳幣避險（現金配息）(本基金主要投資於符合美國Rule 144A規定之私募性質債券且配息來源可能為本金),PIZC0-CCAB2,澳幣,非投資等級債券,2014/09/30,RR3,月配,2026/07/31,15.16,0.59,0.09,4.27,22.22,,3.61,0.24,1.2,-,182百萬,,
聯博-全球非投資等級債券基金 A2股美元(基金之配息來源可能為本金),ALZ45-BNUAB003,美元,非投資等級債券,2002/03/14,RR3,無,2026/07/31,20.06,0.4,0.6,4.26,24.06,,3.44,0.25,1.23,-,"11,944百萬",,
原康健人壽標的＿聯博－全球非投資等級債券基金A2(本基金之配息來源可能為本金),ALZ45-CUUB2,美元,非投資等級債券,2002/03/14,RR3,無,2026/07/31,20.06,0.4,0.6,4.26,24.06,,3.44,0.25,1.23,-,"11,944百萬",,
高盛基金III - 高盛旗艦多元資產基金X股對沖級別澳幣(月配息) - (配現金)(本基金之配息來源可能為本金),ANZI6-BGAIG001,澳幣,平衡型,2015/08/12,RR3,月配,2026/07/30,146.15,1.39,1.35,4.24,11.98,,6.44,0.14,0.36,-,332百萬,,
貝萊德亞洲老虎債券基金 A3 美元 - (配現金)(本基金有相當比重投資於非投資等級之高風險債券),SHZG3-BCUML001,美元,債券型,2003/09/01,RR3,月配,2026/07/31,10.17,-0.3,-0.84,4.24,20.83,,3.98,0.22,1.04,-,"2,123百萬",,
貝萊德亞洲老虎債券基金 A3 美元 - (配股數)(本基金有相當比重投資於非投資等級之高風險債券),SHZG3-BNUML001,美元,債券型,2003/09/01,RR3,月配,2026/07/31,10.17,-0.3,-0.84,4.24,20.83,,3.98,0.22,1.04,-,"2,123百萬",,
東方匯理基金歐洲小型股票 A 美元避險,PIZE1-EQUPI002,美元,中小型股,2014/01/17,RR4,無,2026/07/31,96.53,2.47,-0.25,4.23,24.99,,13.78,0.08,0.9,-,295百萬,,
施羅德環球基金系列－環球高收益(美元)A1-月配固定 - (配現金)(本基金主要係投資於非投資等級之高風險債券且基金之配息來源可能為本金),PYZI3-BCUSC014,美元,非投資等級債券,2009/03/27,RR3,月配,2026/07/30,18.0494,0.34,1.13,4.2,25.09,,3.41,0.25,0.95,-,"2,410百萬",,
原康健人壽標的＿富達基金－美國股票基金,FTZ06-CFUS1,美元,股票型,1997/06/30,RR4,年配,2026/07/31,104.5,1.85,2.55,4.19,28.76,,16.31,0.07,1.17,-,734百萬,,
富達基金－美國股票基金 (A股美元),FTZ06-EQUFD019,美元,股票型,1997/06/30,RR4,年配,2026/07/31,104.5,1.85,2.55,4.19,28.76,,16.31,0.07,1.17,-,734百萬,,
貝萊德亞洲老虎債券基金 A6 美元 (穩定配息) - (配現金)(基金有相當比重投資於非投資等級之高風險債券且配息來源可能為本金),SHZN1-BCUML021,美元,債券型,2012/04/02,RR3,月配,2026/07/31,8.22,-0.43,-0.93,4.17,20.76,,4.11,0.21,1.07,-,"2,123百萬",,
聯博-房貸收益基金AA(穩定月配)級別美元 - (配現金)(本基金有相當比重投資於非投資等級之高風險債券且配息來源可能為本金),ALBB1-BCUAB018,美元,債券型,2014/02/20,RR3,月配,2026/07/31,9.24,0.15,0.75,4.15,22.23,,1.51,0.55,0.39,-,"1,786百萬",,
聯博-房貸收益基金AA(穩定月配)級別美元-(配股數)(本基金有相當比重投資於非投資等級之高風險債券且配息來源可能為本金),ALBB1-BNUAB021,美元,債券型,2014/02/20,RR3,月配,2026/07/31,9.24,0.15,0.75,4.15,22.23,,1.51,0.55,0.39,-,"1,786百萬",,
原康健人壽標的＿聯博－房貸收益基金（現金配息）(本基金有相當比重投資於非投資等級之高風險債券且配息來源可能為本金),ALBB1-CUUBF,美元,債券型,2014/02/20,RR3,月配,2026/07/31,9.24,0.15,0.75,4.15,22.23,,1.51,0.55,0.39,-,"1,786百萬",,
高盛基金III - 高盛投資級公司債基金X股對沖級別南非幣(月配息) - (配現金)(本基金之配息來源可能為本金),ANZN0-BCZIG026,南非幣,債券型,2019/10/08,RR2,月配,2026/07/30,2857.19,-0.19,-0.37,4.11,21.39,,4.25,0.2,1.2,-,3581百萬,,
高盛基金III - 高盛投資級公司債基金X股對沖級別南非幣(月配息) - (配股數)(本基金之配息來源可能為本金),ANZN0-BNZIG046,南非幣,債券型,2019/10/08,RR2,月配,2026/07/30,2857.19,-0.19,-0.37,4.11,21.39,,4.25,0.2,1.2,-,3581百萬,,
安聯美元非投資等級債券基金-AM穩定月收類股(美元)-(配現金)(本基金主要投資於符合美國Rule 144A規定之私募性質債券且配息來源可能為本金),TLH08-BCUAL024,美元,非投資等級債券,2010/08/02,RR3,月配,2026/07/31,5.6706,0.27,0.54,4.1,20.89,,3.2,0.26,1.04,-,349百萬,,
柏瑞環球基金-柏瑞環球重點股票基金 A,AIZ34-EQUPB027,美元,股票型,2003/12/09,RR3,無,2026/07/30,61.228,-2.94,-3.19,4.1,44.12,,17.83,0.07,1.04,-,"2,427百萬",,
柏瑞環球基金-柏瑞環球重點股票基金 ADC(穩定月配) - (配現金)(基金之配息來源可能為本金),AIZ89-ECUPB036,美元,股票型,2024/04/08,RR3,月配,2026/07/30,13.8193,-2.94,-3.19,4.1,-,,17.84,0.07,1.04,-,"2,427百萬",,
貝萊德環球非投資等級債券基金 A6 美元 (穩定配息) - (配現金)(基金主要投資於符合美國Rule 144A規定之私募性質債券且配息來源可能為本金),SHZN2-BCUML007,美元,非投資等級債券,2012/04/02,RR3,月配,2026/07/31,5.84,0.18,0.3,4.09,24.61,,3.36,0.24,1.18,-,"1,945百萬",,
安聯歐洲成長精選基金-AT累積類股(美元避險),TLZ88-EQUAL005,美元,股票型,2015/03/13,RR4,無,2026/07/31,19.255,7.04,2.78,4.08,5.72,,17.01,0.07,0.93,-,276百萬,,
東方匯理基金美元短期債券 A2 美元 (穩定月配息) - (配現金)(本基金配息來源可能為本金),PIZW6-BCUPI024,美元,短期債券,2023/02/23,RR2,月配,2026/07/31,48.81,0.88,1.75,4.03,16.16,,0.24,3.28,1.09,-,"3,032百萬",,
聯博-房貸收益基金AA(穩定月配)澳幣避險級別-(配現金)(本基金有相當比重投資於非投資等級之高風險債券且配息來源可能為本金),ALBB0-BCAAB020,澳幣,債券型,2014/02/20,RR3,月配,2026/07/31,8.84,0.26,0.82,4.01,19.81,,1.45,0.54,0.36,-,"1,786百萬",,
聯博-房貸收益基金AA(穩定月配)澳幣避險級別-(配股數)(本基金有相當比重投資於非投資等級之高風險債券且配息來源可能為本金),ALBB0-BNAAB022,澳幣,債券型,2014/02/20,RR3,月配,2026/07/31,8.84,0.26,0.82,4.01,19.81,,1.45,0.54,0.36,-,"1,786百萬",,
原康健人壽標的＿聯博－房貸收益基金（現金配息）（澳幣避險）(本基金有相當比重投資於非投資等級之高風險債券且配息來源可能為本金),ALBB0-CUAB9,澳幣,債券型,2014/02/20,RR3,月配,2026/07/31,8.84,0.26,0.82,4.01,19.81,,1.45,0.54,0.36,-,"1,786百萬",,
原康健人壽標的＿施羅德環球基金系列－歐元非投資等級債券（現金配息）（美元避險）(本基金之配息來源可能為本金),PYZQ6-CRUB3,美元,非投資等級債券,2017/12/15,RR3,月配,2026/07/30,124.3753,0.94,1.2,3.98,31.69,,3.79,0.21,0.95,-,"3,406百萬",,
原康健人壽標的＿貝萊德全球系列基金－中國基金,SHZL5-CLUSA,美元,股票型,2008/06/24,RR5,無,2026/07/31,20.22,-2.79,-6.52,3.96,22.99,,19.71,0.06,0.74,-,"1,090百萬",,
貝萊德中國基金 A2 美元,SHZL5-EQUML016,美元,股票型,2008/06/24,RR5,無,2026/07/31,20.22,-2.79,-6.52,3.96,22.99,,19.71,0.06,0.74,-,"1,090百萬",,
安聯美元非投資等級債券基金-AM穩定月收類股(澳幣避險)-(配現金)(本基金主要投資於符合美國Rule 144A規定之私募性質債券且配息來源可能為本金),TLH19-BCAAL025,澳幣,非投資等級債券,2011/12/02,RR3,月配,2026/07/31,5.6647,0.44,0.69,3.93,18.49,,3.21,0.24,1.04,-,349百萬,,
霸菱優先順位資產抵押債券基金-G類美元月配息型 - (配現金)(本基金主要投資於非投資等級之高風險債券及符合美國Rule 144A規定之私募性質債券且基金之配息來源可能為本金),PLB04-BCUBR002,美元,非投資等級債券,2018/10/01,RR3,月配,2026/07/30,75.48,0.8,0.97,3.93,24.39,,2.71,0.28,0.77,-,"3,314百萬",,
富達基金－全球消費品牌基金 (A股累計美元)(本基金非屬環境、社會、治理相關主題基金),FTZL5-EQUFD033,美元,股票型,2013/03/27,RR4,無,2026/07/31,28.34,3.17,1,3.92,21.01,,16.35,0.07,1.08,-,828百萬,,
霸菱優先順位資產抵押債券基金-G類美元累積型(本基金主要投資於非投資等級之高風險債券及符合美國Rule 144A規定之私募性質債券且基金之配息來源可能為本金),PLB05-BNUBR001,美元,非投資等級債券,2018/10/01,RR3,無,2026/07/30,138.61,0.79,0.96,3.92,24.36,,2.72,0.28,0.77,-,"3,314百萬",,
貝萊德美元非投資等級債券基金 A3 美元 - (配現金)(基金之配息來源可能為本金),SHZ98-BCUML006,美元,非投資等級債券,2003/09/01,RR3,月配,2026/07/31,5.54,-0.18,0.24,3.9,23.52,,3.14,0.24,1.12,-,"2,911百萬",,
貝萊德美元非投資等級債券基金 A3 美元 - (配股數)(基金之配息來源可能為本金),SHZ98-BNUML006,美元,非投資等級債券,2003/09/01,RR3,月配,2026/07/31,5.54,-0.18,0.24,3.9,23.52,,3.14,0.24,1.12,-,"2,911百萬",,
原康健人壽標的＿富達基金－永續發展全球健康護理基金（現金配息）,FTZ67-CFES9,歐元,健康護理股,2000/09/01,RR3,年配,2026/07/31,61.21,6.77,-1.67,3.87,-3.27,,13.41,0.07,0.86,-,"1,260百萬",,
原康健人壽標的＿富達基金－永續發展全球健康護理基金（單位數配息）,FTZ67-CFESA,歐元,健康護理股,2000/09/01,RR3,年配,2026/07/31,61.21,6.77,-1.67,3.87,-3.27,,13.41,0.07,0.86,-,"1,260百萬",,
富達基金－永續發展全球健康護理基金 (A股歐元),FTZ67-EQEFD022,歐元,健康護理股,2000/09/01,RR3,年配,2026/07/31,61.21,6.77,-1.67,3.87,-3.27,,13.41,0.07,0.86,-,"1,260百萬",,
富達基金—全球優質債券基金 (A股C月配息美元) - (配現金)(本基金有相當比重投資於非投資等級之高風險債券且配息來源可能為本金),FTZX0-BCUFD039,美元,債券型,2020/04/22,RR2,月配,2026/07/31,8.077,0.76,0.15,3.86,21.69,,3.9,0.19,0.93,-,"4,396百萬",,
富達基金—全球優質債券基金 (A股C月配息美元) - (配股數)(本基金有相當比重投資於非投資等級之高風險債券且配息來源可能為本金),FTZX0-BNUFD040,美元,債券型,2020/04/22,RR2,月配,2026/07/31,8.077,0.76,0.15,3.86,21.69,,3.9,0.19,0.93,-,"4,396百萬",,
貝萊德美元非投資等級債券基金 A6 美元(穩定配息) - (配現金)(基金之配息來源可能為本金),SHZN0-BCUML008,美元,非投資等級債券,2012/02/01,RR3,月配,2026/07/31,4.26,-0.19,0.23,3.84,23.28,,2.95,0.25,1.01,-,"2,911百萬",,
原康健人壽標的＿富達基金－美元現金基金,FTZ55-CFUC0,美元,貨幣型,1993/09/20,RR1,年配,2026/07/31,12.2647,0.92,1.78,3.83,14.42,,0.1,10.41,-,-,"2,900百萬",,
富達基金—美元現金基金 (A股美元),FTZ55-MMUFD001,美元,貨幣型,1993/09/20,RR1,年配,2026/07/31,12.2647,0.92,1.78,3.83,14.42,,0.1,10.41,-,-,"2,900百萬",,
原康健人壽標的＿富達基金－美元現金基金,FTZI1-CFUM0,美元,貨幣型,2006/09/25,RR1,無,2026/07/31,13.5053,0.91,1.78,3.83,14.41,,0.11,10.34,-,-,"2,900百萬",,
貝萊德環球非投資等級債券基金A8多幣別穩定月配息股份-澳幣避險 - (配股數)(基金主要投資於符合美國Rule 144A規定之私募性質債券且配息來源可能為本金),SHZO5-BNAML002,澳幣,非投資等級債券,2013/02/20,RR3,月配,2026/07/31,5.64,0.15,0.44,3.83,21.63,,3.32,0.23,1.19,-,"1,945百萬",,
聯博-美國成長基金AP(總報酬月配)級別美元 - (配現金)(基金之配息來源可能為本金),ALBT8-ECUAB056,美元,股票型,2024/07/24,RR4,月配,2026/07/31,71.95,-0.63,1.38,3.83,-,,16,0.07,1.18,-,"9,054百萬",,
聯博-美國成長基金AP(總報酬月配)級別美元 - (配股數)(基金之配息來源可能為本金),ALBT8-EQUAB057,美元,股票型,2024/07/24,RR4,月配,2026/07/31,71.95,-0.63,1.38,3.83,-,,16,0.07,1.18,-,"9,054百萬",,
富達基金－英鎊債券基金 - (配股數),FTZ35-BNGFD001,英鎊,債券型,1990/11/12,RR2,季配,2026/07/31,0.313,0.38,1.16,3.82,16.97,,2.62,0.28,0.51,-,173百萬,,
富達基金—歐洲非投資等級債券基金 (A股月配息美元避險) - (配現金)(本基金之配息來源可能為本金),FTZL7-BCUFD005,美元,非投資等級債券,2013/03/27,RR3,月配,2026/07/31,11.18,1.37,1.55,3.81,28.12,,3.84,0.19,1.2,-,"2,777百萬",,
原康健人壽標的＿富達基金－歐洲非投資等級債券基金（現金配息）（美元避險）,FTZL7-CFUB7,美元,非投資等級債券,2013/03/27,RR3,月配,2026/07/31,11.18,1.37,1.55,3.81,28.12,,3.84,0.19,1.2,-,"2,777百萬",,
霸菱優先順位資產抵押債券基金-G類澳幣避險月配息型 - (配現金)(本基金主要投資於非投資等級之高風險債券及符合美國Rule 144A規定之私募性質債券且基金之配息來源可能為本金),PLB06-BCABR004,澳幣,非投資等級債券,2018/10/01,RR3,月配,2026/07/30,73.54,0.95,1.14,3.81,21.79,,2.72,0.27,0.77,-,"3,314百萬",,
東方匯理基金歐洲小型股票 A 美元,PIZA0-EQUPI001,美元,中小型股,2008/11/24,RR4,無,2026/07/31,251.32,0.17,-4.36,3.8,25.57,,18.02,0.07,1.21,-,295百萬,,
貝萊德美元非投資等級債券基金 Hedged A3澳幣 - (配現金)(基金之配息來源可能為本金),SHZM6-BCAML001,澳幣,非投資等級債券,2011/03/04,RR3,月配,2026/07/31,10.01,-0.09,0.43,3.79,20.68,,3.1,0.24,1.1,-,"2,911百萬",,
貝萊德美元非投資等級債券基金 Hedged A3澳幣 - (配股數)(基金之配息來源可能為本金),SHZM6-BNAML001,澳幣,非投資等級債券,2011/03/04,RR3,月配,2026/07/31,10.01,-0.09,0.43,3.79,20.68,,3.1,0.24,1.1,-,"2,911百萬",,
百達-智慧城市-HR南非幣DY - (配現金)(基金配息來源可能為本金),PIC29-ECZPA003,南非幣,股票型,2013/12/05,RR3,年配,2026/07/30,2941.83,1.81,8.22,3.78,28.45,,14.67,0.07,0.72,-,9576百萬,,
野村基金(愛爾蘭系列)-美國非投資等級債券基金(TD美元類股) - (配現金)(本基金之配息來源可能為本金且本基金主要投資於符合美國Rule 144A規定之私募性質債券),NFI02-BCUIG010,美元,非投資等級債券,2014/10/02,RR3,月配,2026/07/30,62.1205,-0.06,0.3,3.78,21.75,,3.48,0.21,1,-,4240百萬,,
野村基金(愛爾蘭系列)-美國非投資等級債券基金(TD美元類股)-(配股數)(本基金之配息來源可能為本金且本基金主要投資於符合美國Rule 144A規定之私募性質債券),NFI02-BNUIG020,美元,非投資等級債券,2014/10/02,RR3,月配,2026/07/30,62.1205,-0.06,0.3,3.78,21.75,,3.48,0.21,1,-,4240百萬,,
霸菱優先順位資產抵押債券基金-G類澳幣避險累積型(本基金主要投資於非投資等級之高風險債券及符合美國Rule 144A規定之私募性質債券且基金之配息來源可能為本金),PLB07-BNABR003,澳幣,非投資等級債券,2018/10/01,RR3,無,2026/07/30,129.56,0.93,1.12,3.77,21.7,,2.72,0.27,0.77,-,"3,314百萬",,
富蘭克林坦伯頓全球投資系列-美元短期票券基金美元A (acc)股,FLZB0-MMUFT001,美元,貨幣型,2001/05/14,RR1,無,2026/07/31,14.32,0.92,1.78,3.77,14.1,,0.12,8.56,-,-,2413百萬,,
原康健人壽標的＿富蘭克林坦伯頓全球投資系列－美元短期票券基金（單位數配息）,FLZ38-CKUM0,美元,貨幣型,1994/06/01,RR1,月配,2026/07/31,9.82,0.89,1.68,3.76,14.12,,0.15,7.27,-,-,2413百萬,,
原康健人壽標的＿富蘭克林坦伯頓全球投資系列－美元短期票券基金（現金配息）,FLZ38-CKUM1,美元,貨幣型,1994/06/01,RR1,月配,2026/07/31,9.82,0.89,1.68,3.76,14.12,,0.15,7.27,-,-,2413百萬,,
PIMCO美國非投資等級債券基金-E級類別(收息股份) - (配現金),PIM31-BCUAL007,美元,非投資等級債券,2006/07/31,RR3,季配,2026/07/31,9.58,-0.12,0.11,3.76,22.22,,2.11,0.34,0.73,-,1600百萬,,
PIMCO美國非投資等級債券基金-E級類別(收息股份) - (配股數),PIM31-BNUAL007,美元,非投資等級債券,2006/07/31,RR3,季配,2026/07/31,9.58,-0.12,0.11,3.76,22.22,,2.11,0.34,0.73,-,1600百萬,,
摩根基金－環球債券收益基金 - JPM環球債券收益(美元) - A股(每月派息) - (配現金)(本基金有相當比重投資於非投資等級之高風險債券且配息來源可能為本金),JFZL4-BCUJF041,美元,債券型,2014/12/19,RR3,月配,2026/07/30,7.6,0.58,0.97,3.73,18.44,,2.1,0.34,0.45,-,"14,237百萬",,
摩根基金－環球債券收益基金 - JPM環球債券收益(美元) - A股(每月派息) - (配股數)(本基金有相當比重投資於非投資等級之高風險債券且配息來源可能為本金),JFZL4-BNUJF042,美元,債券型,2014/12/19,RR3,月配,2026/07/30,7.6,0.58,0.97,3.73,18.44,,2.1,0.34,0.45,-,"14,237百萬",,
原康健人壽標的＿匯豐環球投資基金－亞洲小型公司股票（日本除外）(本基金之配息來源可能為本金，本基金自110年5月2日起停止申購),HSZ92-CHUS4,美元,股票型,1997/11/21,RR5,無,2026/07/30,103.769,-12.68,-7.26,3.73,32.45,,27,0.06,1.08,-,393百萬,,
原康健人壽標的＿匯豐環球投資基金－亞洲小型公司股票(日本除外)（單位數配息）(本基金之配息來源可能為本金，本基金自110年5月2日起停止申購),HBH03-CHUS5,美元,股票型,1997/11/21,RR5,年配,2026/07/30,89.389,-12.68,-7.26,3.73,32.45,,27,0.06,1.08,-,393百萬,,
美盛布蘭迪全球固定收益基金A類股美元配息型(M) - (配現金),BAT22-BCUMS002,美元,固定收益,2010/12/06,RR2,月配,2026/07/31,69.57,1.26,1,3.73,0.51,,2.85,0.25,0.65,-,42百萬,,
美盛布蘭迪全球固定收益基金A類股美元累積型,BAT21-BNUMS001,美元,固定收益,2007/05/09,RR2,無,2026/07/31,128.4,1.25,1,3.72,0.5,,2.86,0.25,0.65,-,42百萬,,
安聯美元短年期非投資等級債券基金-AMg穩定月收總收益類股(美元) - (配現金)(本基金主要投資於符合美國Rule 144A規定之私募性質債券且配息來源可能為本金),TLZG2-BCUAL031,美元,非投資等級債券,2020/02/17,RR3,月配,2026/07/31,7.9738,1.07,1.07,3.68,15.4,,2.89,0.24,0.98,-,"1,395百萬",,
安聯美元短年期非投資等級債券基金-AMg穩定月收總收益類股(美元) - (配股數)(本基金主要投資於符合美國Rule 144A規定之私募性質債券且配息來源可能為本金),TLZG2-BNUAL032,美元,非投資等級債券,2020/02/17,RR3,月配,2026/07/31,7.9738,1.07,1.07,3.68,15.4,,2.89,0.24,0.98,-,"1,395百萬",,
安盛環球基金-美國非投資等級債券基金 T Dis「fl」美元(月配息) - (配現金)(本基金主要投資於符合美國Rule 144A規定之私募性質債券且配息來源可能為本金),AXA19-BCUCG017,美元,非投資等級債券,2013/01/18,RR3,月配,2026/07/30,78.82,0.79,1.09,3.67,22.47,,2.96,0.24,0.84,-,"2,624百萬",,
安盛環球基金-美國非投資等級債券基金A DIS「st」美元(月配息)(本基金主要投資於符合美國Rule 144A規定之私募性質債券且配息來源可能為本金),AXA35-BCUCG019,美元,非投資等級債券,2015/01/16,RR3,月配,2026/07/30,73.03,0.78,1.09,3.66,22.47,,2.96,0.24,0.84,-,"2,624百萬",,
安盛環球基金-美國非投資等級債券基金A CAP美元(本基金主要投資於符合美國Rule 144A規定之私募性質債券且配息來源可能為本金),AXA16-BLUCG016,美元,非投資等級債券,2010/02/26,RR3,無,2026/07/30,232.21,0.78,1.08,3.66,22.45,,2.96,0.24,0.84,-,"2,624百萬",,
原康健人壽標的＿施羅德環球基金系列－歐洲小型公司,PYZD7-CRUSC,美元,中小型股,2006/04/24,RR4,無,2026/07/30,47.4929,2.74,1.85,3.66,17.21,,20.77,0.06,1.19,-,47百萬,,
摩根基金－環球債券收益基金 - JPM環球債券收益(美元) - A股(累計)(本基金有相當比重投資於非投資等級之高風險債券),JFZL3-BNUJF040,美元,債券型,2014/06/02,RR3,無,2026/07/30,146.57,0.54,0.94,3.66,18.38,,2.07,0.33,0.46,-,"14,237百萬",,
原康健人壽標的＿施羅德環球基金系列－歐洲小型公司,PYZ35-CRES3,歐元,中小型股,2001/08/31,RR4,無,2026/07/30,41.4429,4.69,5.75,3.65,12.45,,17.52,0.06,0.95,-,47百萬,,
施羅德環球基金系列－歐洲小型公司(歐元)A1-累積,PYZ35-EQESC007,歐元,中小型股,2001/08/31,RR4,無,2026/07/30,41.4429,4.69,5.75,3.65,12.45,,17.52,0.06,0.95,-,47百萬,,
瑞銀 (盧森堡) 美元非投資等級債券基金 (美元)(本基金主要投資於符合美國Rule 144A規定之私募性質債券),SBZ63-BNUBS005,美元,非投資等級債券,1996/12/03,RR3,無,2026/07/29,387.7,0.51,0.51,3.64,23.18,,3.62,0.19,1.01,-,582百萬,,
貝萊德美元非投資等級債券基金A8多幣別穩定月配息股份-澳幣避險 - (配現金)(基金之配息來源可能為本金),SHZO2-BCAML025,澳幣,非投資等級債券,2013/02/20,RR3,月配,2026/07/31,7.72,-0.21,0.18,3.63,20.59,,3.09,0.22,1.09,-,"2,911百萬",,
原康健人壽標的＿貝萊德全球系列基金－美元非投資等級債券基金（現金配息）（澳幣避險）(本基金主要投資於符合美國Rule 144A規定之私募性質債券且配息來源可能為本金),SHZO2-CLAB0,澳幣,非投資等級債券,2013/02/20,RR3,月配,2026/07/31,7.72,-0.21,0.18,3.63,20.59,,3.09,0.22,1.09,-,"2,911百萬",,
瀚亞投資-亞洲債券基金(Adm)- (配現金)(本基金有相當比重投資於非投資等級之高風險債券且配息來源可能為本金),IOF17-BCUPC004,美元,債券型,2009/06/01,RR3,月配,2026/07/31,7.309,0.01,-0.34,3.59,18.02,,3.65,0.19,0.97,-,2383百萬,,
原康健人壽標的＿瀚亞投資－亞洲債券基金（現金配息）(本基金有相當比重投資於非投資等級之高風險債券且配息來源可能為本金),IOF17-CDUB0,美元,債券型,2009/06/01,RR3,月配,2026/07/31,7.309,0.01,-0.34,3.59,18.02,,3.65,0.19,0.97,-,2383百萬,,
瀚亞投資─亞洲債券基金A(美元)(本基金有相當比重投資於非投資等級之高風險債券),IOF06-BLUPC008,美元,債券型,2005/03/01,RR3,無,2026/07/31,19.98,0.01,-0.35,3.58,18.02,,3.65,0.19,0.98,-,2383百萬,,
原康健人壽標的＿瀚亞投資－中國股票基金 (本基金自108年10月1日起停止新申購),IOF19-CDUS0,美元,股票型,2005/10/03,RR5,無,2026/07/31,11.436,-0.22,-10.53,3.58,9.81,,18.51,0.06,0.72,-,39百萬,,
瀚亞投資-中國股票基金,IOF19-EQUPC001,美元,股票型,2005/10/03,RR5,無,2026/07/31,11.436,-0.22,-10.53,3.58,9.81,,18.51,0.06,0.72,-,39百萬,,
原康健人壽標的＿景順全歐洲小型企業基金,ISZ12-CIES0,歐元,中小型股,1991/01/02,RR4,無,2026/07/31,40.9,3.81,2.71,3.54,31.89,,17.95,0.06,1.07,-,111百萬,,
景順全歐洲小型企業基金A股 歐元,ISZ12-EQEIV008,歐元,中小型股,1991/01/02,RR4,無,2026/07/31,40.9,3.81,2.71,3.54,31.89,,17.95,0.06,1.07,-,111百萬,,
景順全歐洲企業基金 A,ISZ12-EQUIV007,歐元,中小型股,1991/01/02,RR4,無,2026/07/31,40.9,3.81,2.71,3.54,31.89,,17.95,0.06,1.07,-,111百萬,,
野村基金(愛爾蘭系列)-美國非投資等級債券基金(TD澳幣避險類股) - (配現金)(本基金之配息來源可能為本金且本基金主要投資於符合美國Rule 144A規定之私募性質債券),NFI13-BCAIG015,澳幣,非投資等級債券,2017/10/20,RR3,月配,2026/07/30,60.7177,0.08,0.35,3.52,18.94,,3.45,0.19,0.99,-,4240百萬,,
野村基金(愛爾蘭系列)-美國非投資等級債券基金(TD澳幣避險類股)-(配股數)(本基金之配息來源可能為本金且本基金主要投資於符合美國Rule 144A規定之私募性質債券),NFI13-BNAIG021,澳幣,非投資等級債券,2017/10/20,RR3,月配,2026/07/30,60.7177,0.08,0.35,3.52,18.94,,3.45,0.19,0.99,-,4240百萬,,
聯博-美國收益基金AA(穩定月配)南非幣避險級別 - (配現金)(本基金有相當比重投資於非投資等級之高風險債券且配息來源可能為本金),ALBB9-BCZAB001,南非幣,債券型,2014/03/13,RR3,月配,2026/07/31,57.53,-0.99,-0.92,3.49,23.04,,4.08,0.16,1.08,-,"20,055百萬",,
聯博-美國收益基金AA(穩定月配)南非幣避險級別 - (配股數)(本基金有相當比重投資於非投資等級之高風險債券且配息來源可能為本金),ALBB9-BNZAB001,南非幣,債券型,2014/03/13,RR3,月配,2026/07/31,57.53,-0.99,-0.92,3.49,23.04,,4.08,0.16,1.08,-,"20,055百萬",,
紐約梅隆美國市政基礎建設債券投資基金-美元A累積,MLZ24-BLUTC005,美元,市政債券,2020/02/21,RR2,無,2026/07/29,0.9909,-0.23,-0.44,3.49,11.08,,5.39,0.13,1.62,-,544百萬,,
聯博-全球非投資等級債券基金 AT股美元 - (配現金)(基金之配息來源可能為本金),ALZ60-BCUAB001,美元,非投資等級債券,2002/09/26,RR3,月配,2026/07/31,3.04,-0.08,-0.17,3.49,23.25,,3.39,0.19,1.17,-,"11,944百萬",,
聯博-全球非投資等級債券基金 AT股美元 - (配股數)(基金之配息來源可能為本金),ALZ60-BNUAB001,美元,非投資等級債券,2002/09/26,RR3,月配,2026/07/31,3.04,-0.08,-0.17,3.49,23.25,,3.39,0.19,1.17,-,"11,944百萬",,
原康健人壽標的＿聯博－全球非投資等級債券基金AT（現金配息）(本基金之配息來源可能為本金),ALZ60-CUUB3,美元,非投資等級債券,2002/09/26,RR3,月配,2026/07/31,3.04,-0.08,-0.17,3.49,23.25,,3.39,0.19,1.17,-,"11,944百萬",,
原康健人壽標的＿聯博－全球非投資等級債券基金AT（單位數配息）(本基金之配息來源可能為本金),ALZ60-CUUB6,美元,非投資等級債券,2002/09/26,RR3,月配,2026/07/31,3.04,-0.08,-0.17,3.49,23.25,,3.39,0.19,1.17,-,"11,944百萬",,
聯博-全球非投資等級債券基金AA(穩定月配)級別美元 - (配現金)(基金之配息來源可能為本金),ALB58-BCUAB008,美元,非投資等級債券,2014/01/09,RR3,月配,2026/07/31,7.33,-0.41,-0.18,3.48,23.15,,3.79,0.17,1.3,-,"11,944百萬",,
聯博-全球非投資等級債券基金AA(穩定月配)級別美元 - (配股數)(基金之配息來源可能為本金),ALB58-BNUAB008,美元,非投資等級債券,2014/01/09,RR3,月配,2026/07/31,7.33,-0.41,-0.18,3.48,23.15,,3.79,0.17,1.3,-,"11,944百萬",,
原康健人壽標的＿聯博－全球非投資等級債券基金AA（現金配息）(本基金之配息來源可能為本金),ALB58-CUUB8,美元,非投資等級債券,2014/01/09,RR3,月配,2026/07/31,7.33,-0.41,-0.18,3.48,23.15,,3.79,0.17,1.3,-,"11,944百萬",,
摩根基金－環球策略債券基金 - JPM環球策略債券(美元)-A股(每月派息) - (配現金)(本基金有相當比重投資於非投資等級之高風險債券且配息來源可能為本金),JFZE3-BCUJF006,美元,固定收益,2015/07/06,RR3,月配,2026/07/30,93.73,0.57,0.27,3.48,16.64,,3.6,0.18,0.83,-,"1,110百萬",,
摩根基金－環球策略債券基金 - JPM環球策略債券(美元)- A股(累計)(本基金有相當比重投資於非投資等級之高風險債券),JFZE2-BNUJF006,美元,固定收益,2015/07/06,RR3,無,2026/07/30,132.74,0.57,0.26,3.48,16.64,,3.6,0.18,0.83,-,"1,110百萬",,
紐約梅隆美國市政基礎建設債券投資基金-美元A配息 - (配現金)(基金之配息來源可能為本金),MLZ25-BCUTC010,美元,市政債券,2021/10/29,RR2,半年配,2026/07/29,0.7936,-0.25,-0.47,3.47,11.05,,5.39,0.12,1.62,-,544百萬,,
PIMCO全球非投資等級債券基金-E級類別(收息股份) - (配現金)(本基金之配息來源可能為本金),PIM30-BCUAL002,美元,非投資等級債券,2006/07/31,RR3,季配,2026/07/31,10.46,0.01,0.07,3.45,21.89,,2.97,0.22,1.04,-,2600百萬,,
PIMCO全球非投資等級債券基金-E級類別(收息股份) - (配股數)(本基金之配息來源可能為本金),PIM30-BNUAL002,美元,非投資等級債券,2006/07/31,RR3,季配,2026/07/31,10.46,0.01,0.07,3.45,21.89,,2.97,0.22,1.04,-,2600百萬,,
路博邁投資基金 - NB非投資等級債券基金T月配息類股(美元) - (配現金)(本基金配息來源可能為本金且主要投資於符合美國Rule 144A規定之私募性質債券),NBT14-BCUNB001,美元,非投資等級債券,2012/10/31,RR3,月配,2026/07/31,5.51,0.05,0.29,3.44,20.81,,2.54,0.25,0.91,-,"1,742百萬",,
PIMCO全球非投資等級債券基金-M級類別(月收息強化股份) - (配現金)(本基金之配息來源可能為本金),PIM54-BCUAL014,美元,非投資等級債券,2013/12/23,RR3,月配,2026/07/31,7.87,-0.01,0.01,3.44,21.77,,2.93,0.22,1.01,-,2600百萬,,
PIMCO全球非投資等級債券基金-E級類別(累積股份)(本基金之配息來源可能為本金),PIK17-BNUPM032,美元,非投資等級債券,2006/09/11,RR3,無,2026/07/31,28.76,-0.03,0,3.42,21.76,,2.88,0.22,1.01,-,2600百萬,,
高盛基金III - 高盛亞洲債券基金X股美元(本基金有相當比重投資於非投資等級之高風險債券且配息來源可能為本金),ANZ94-BNUIG032,美元,債券型,1996/11/26,RR3,無,2026/07/30,1942.78,-0.08,-0.39,3.41,17.1,,3.53,0.18,0.93,-,159百萬,,
高盛基金III - 高盛亞洲債券基金X股美元(月配息) - (配現金)(本基金有相當比重投資於非投資等級之高風險債券且配息來源可能為本金),ANZ95-BCUIG002,美元,債券型,2010/10/01,RR3,月配,2026/07/30,55.07,-0.08,-0.4,3.41,17.08,,3.54,0.18,0.93,-,159百萬,,
聯博-美國成長基金AP(總報酬月配)澳幣避險級別 - (配現金)(基金之配息來源可能為本金),ALBT7-ECAAB063,澳幣,股票型,2024/07/24,RR4,月配,2026/07/31,70.94,-0.54,1.33,3.4,-,,16.02,0.06,1.18,-,"9,054百萬",,
聯博-美國成長基金AP(總報酬月配)澳幣避險級別 - (配股數)(基金之配息來源可能為本金),ALBT7-EQAAB062,澳幣,股票型,2024/07/24,RR4,月配,2026/07/31,70.94,-0.54,1.33,3.4,-,,16.02,0.06,1.18,-,"9,054百萬",,
安聯美元短年期非投資等級債券基金-AMg穩定月收總收益類股(澳幣避險) - (配現金)(本基金主要投資於符合美國Rule 144A規定之私募性質債券且配息來源可能為本金),TLZG3-BCAAL027,澳幣,非投資等級債券,2019/11/15,RR3,月配,2026/07/31,7.8935,1.22,1.19,3.39,12.94,,2.85,0.22,0.96,-,"1,395百萬",,
安聯美元短年期非投資等級債券基金-AMg穩定月收總收益類股(澳幣避險) - (配股數)(本基金主要投資於符合美國Rule 144A規定之私募性質債券且配息來源可能為本金),TLZG3-BNAAL028,澳幣,非投資等級債券,2019/11/15,RR3,月配,2026/07/31,7.8935,1.22,1.19,3.39,12.94,,2.85,0.22,0.96,-,"1,395百萬",,
聯博-全球非投資等級債券基金AT股澳幣避險 - (配現金)(基金之配息來源可能為本金),ALZV1-BCAAB005,澳幣,非投資等級債券,2010/06/08,RR3,月配,2026/07/31,9.95,-0.12,0.07,3.38,20.2,,3.65,0.17,1.27,-,"11,944百萬",,
聯博-全球非投資等級債券基金AT股澳幣避險 - (配股數)(基金之配息來源可能為本金),ALZV1-BNAAB006,澳幣,非投資等級債券,2010/06/08,RR3,月配,2026/07/31,9.95,-0.12,0.07,3.38,20.2,,3.65,0.17,1.27,-,"11,944百萬",,
東方匯理基金策略收益債券 A (月配息) - (配現金)(本基金有相當比重投資於非投資等級之高風險債券且配息來源可能為本金),PIZ41-BNUPI002,美元,債券型,2005/08/23,RR2,月配,2026/07/31,42,-0.77,-0.84,3.37,15.41,,3.52,0.18,1,-,"2,186百萬",,
東方匯理基金策略收益債券 A (月配息) - (配股數)(本基金有相當比重投資於非投資等級之高風險債券且配息來源可能為本金),PIZ41-BNUPI005,美元,債券型,2005/08/23,RR2,月配,2026/07/31,42,-0.77,-0.84,3.37,15.41,,3.52,0.18,1,-,"2,186百萬",,
原康健人壽標的＿東方匯理基金策略收益債券（現金配息）(本基金有相當比重投資於非投資等級之高風險債券且配息來源可能為本金),PIZ41-CCUB2,美元,債券型,2005/08/23,RR2,月配,2026/07/31,42,-0.77,-0.84,3.37,15.41,,3.52,0.18,1,-,"2,186百萬",,
原康健人壽標的＿富蘭克林坦伯頓全球投資系列－美國機會基金,FLZ95-CKES5,歐元,股票型,2006/09/01,RR4,無,2026/07/31,33.91,2.76,8.17,3.35,41.35,,17.24,0.06,1.02,-,6997百萬,,
東方匯理基金策略收益債券 A 美元 (穩定月配息) - (配現金)(本基金有相當比重投資於非投資等級之高風險債券且配息來源可能為本金),PIZO5-BCUPI011,美元,債券型,2017/06/06,RR2,月配,2026/07/31,27.31,-0.78,-0.86,3.35,15.33,,3.54,0.17,1,-,"2,186百萬",,
東方匯理基金策略收益債券 A 美元 (穩定月配息) - (配股數)(本基金有相當比重投資於非投資等級之高風險債券且配息來源可能為本金),PIZO5-BNUPI017,美元,債券型,2017/06/06,RR2,月配,2026/07/31,27.31,-0.78,-0.86,3.35,15.33,,3.54,0.17,1,-,"2,186百萬",,
原康健人壽標的＿施羅德環球基金系列－香港股票,PYZI7-CRUSA,美元,股票型,2010/11/17,RR4,無,2026/07/30,53.5445,-4.59,-9.67,3.32,7.09,,19.4,0.06,0.77,-,"6,071百萬",,
東方匯理基金策略收益債券 A 澳幣避險 (穩定月配息) - (配現金)(本基金有相當比重投資於非投資等級之高風險債券且配息來源可能為本金),PIZC4-BCAPI005,澳幣,債券型,2014/11/03,RR2,月配,2026/07/31,22.61,-0.64,-0.67,3.3,13,,3.45,0.17,0.98,-,"2,186百萬",,
東方匯理基金策略收益債券 A 澳幣避險 (穩定月配息) - (配股數)(本基金有相當比重投資於非投資等級之高風險債券且配息來源可能為本金),PIZC4-BNAPI018,澳幣,債券型,2014/11/03,RR2,月配,2026/07/31,22.61,-0.64,-0.67,3.3,13,,3.45,0.17,0.98,-,"2,186百萬",,
安聯多元信用債券基金-AMg穩定月收總收益類股(美元)-(配現金)(本基金有相當比重投資於非投資等級之高風險債券且配息來源可能為本金),TLZD7-BCUAL021,美元,債券型,2018/08/01,RR3,月配,2026/07/31,8.5017,0.66,0.21,3.28,18.63,,2.73,0.22,0.63,-,747百萬,,
施羅德環球基金系列－環球收息債券(美元)A-月配固定 - (配現金)(本基金有相當比重投資於非投資等級之高風險債券且基金之配息來源可能為本金),PYZR2-BCUSC028,美元,債券型,2016/11/30,RR2,月配,2026/07/30,84.4739,0.33,-0.09,3.27,21.79,,3.61,0.16,0.91,-,"8,269百萬",,
瀚亞投資─亞洲債券基金Aadm(澳幣避險月配) - (配現金)(本基金有相當比重投資於非投資等級之高風險債券且配息來源可能為本金),IOF33-BCAPC001,澳幣,債券型,2012/06/18,RR3,月配,2026/07/31,5.791,0.12,-0.25,3.27,15.34,,3.61,0.16,0.96,-,2383百萬,,
高盛基金III - 高盛環球非投資等級債券基金X股對沖級別美元(月配息) - (配現金)(本基金之配息來源可能為本金且本基金主要投資於符合美國Rule 144A 規定之私募性質債券),ANZH5-BCUIG006,美元,非投資等級債券,2014/11/18,RR3,月配,2026/07/30,103.67,0.45,0.48,3.26,21.07,,3.35,0.18,0.94,-,1533百萬,,
施羅德環球基金系列-環球收息債券(美元)A-穩定月配 - (配現金)(本基金有相當比重投資於非投資等級之高風險債券且基金之配息來源可能為本金),PYZA63-BCUSC037,美元,債券型,2024/09/18,RR2,月配,2026/07/30,90.1945,0.33,-0.09,3.26,-,,3.62,0.16,0.08,-,"8,269百萬",,
施羅德環球基金系列-環球收息債券(美元)A-穩定月配 - (配股數)(本基金有相當比重投資於非投資等級之高風險債券且基金之配息來源可能為本金),PYZA63-BNUSC038,美元,債券型,2024/09/18,RR2,月配,2026/07/30,90.1945,0.33,-0.09,3.26,-,,3.62,0.16,0.08,-,"8,269百萬",,
東方匯理基金歐洲小型股票 A 歐元,PIZA2-EQEPI002,歐元,中小型股,2007/03/30,RR4,無,2026/07/31,218.5,2.13,-1.11,3.26,20.33,,14.51,0.06,0.95,-,295百萬,,
高盛基金III - 高盛環球非投資等級債券基金X股對沖級別澳幣(月配息) - (配現金)(本基金之配息來源可能為本金且本基金主要投資於符合美國Rule 144A 規定之私募性質債券),ANZC9-BCAIG001,澳幣,非投資等級債券,2012/08/22,RR3,月配,2026/07/30,97.34,0.56,0.71,3.25,18.62,,3.37,0.17,0.95,-,1533百萬,,
原康健人壽標的＿施羅德環球基金系列－香港股票,PYZ55-CRHS0,港幣,股票型,2002/08/09,RR4,無,2026/07/30,419.9404,-4.46,-9.25,3.24,7.72,,19.14,0.06,0.76,-,"6,071百萬",,
施羅德環球基金系列－香港股票(港元)A1-累積,PYZ55-EQHSC001,港幣,股票型,2002/08/09,RR4,無,2026/07/30,419.9404,-4.46,-9.25,3.24,7.72,,19.14,0.06,0.76,-,"6,071百萬",,
原康健人壽標的＿富達基金－全球消費品牌基金(本基金非屬環境、社會、治理相關主題基金),FTZ65-CFES5,歐元,股票型,2000/09/01,RR4,年配,2026/07/31,98.29,5.08,4.26,3.18,15.79,,14.07,0.06,0.84,-,828百萬,,
富達基金－全球消費品牌基金 (A股歐元)(本基金非屬環境、社會、治理相關主題基金),FTZ65-EQEFD021,歐元,股票型,2000/09/01,RR4,年配,2026/07/31,98.29,5.08,4.26,3.18,15.79,,14.07,0.06,0.84,-,828百萬,,
高盛基金III - 高盛全球永續股票基金X股美元,ANZL12-EQUIG067,美元,股票型,2019/11/26,RR4,無,2026/07/30,453.37,1.5,-0.84,3.17,19.61,,17.08,0.05,0.34,-,1044百萬,,
路博邁投資基金 - NB非投資等級債券基金T月配息類股(澳元) - (配現金)(本基金配息來源可能為本金且主要投資於符合美國Rule 144A規定之私募性質債券),NBT66-BCANB001,澳幣,非投資等級債券,2013/06/27,RR3,月配,2026/07/31,5.12,0.06,0.34,3.16,18.05,,2.61,0.21,0.94,-,"1,742百萬",,
聯博-全球非投資等級債券基金AA(穩定月配)澳幣避險級別 - (配現金)(基金之配息來源可能為本金),ALB59-BCAAB007,澳幣,非投資等級債券,2014/01/14,RR3,月配,2026/07/31,6.73,-0.4,-0.23,3.15,19.77,,3.89,0.15,1.33,-,"11,944百萬",,
聯博-全球非投資等級債券基金AA(穩定月配)澳幣避險級別 - (配股數)(基金之配息來源可能為本金),ALB59-BNAAB007,澳幣,非投資等級債券,2014/01/14,RR3,月配,2026/07/31,6.73,-0.4,-0.23,3.15,19.77,,3.89,0.15,1.33,-,"11,944百萬",,
原康健人壽標的＿聯博－全球非投資等級債券基金AA（現金配息）（澳幣避險）(本基金之配息來源可能為本金),ALB59-CUAB4,澳幣,非投資等級債券,2014/01/14,RR3,月配,2026/07/31,6.73,-0.4,-0.23,3.15,19.77,,3.89,0.15,1.33,-,"11,944百萬",,
高盛基金III - 高盛亞洲債券基金X股對沖級別澳幣(月配息) - (配現金)(本基金有相當比重投資於非投資等級之高風險債券且配息來源可能為本金),ANZC7-BCAIG002,澳幣,債券型,2012/08/22,RR3,月配,2026/07/30,125.54,0.09,-0.29,3.14,14.66,,3.49,0.16,0.91,-,159百萬,,
施羅德環球基金系列－環球收息債券(澳幣避險)A-月配固定(C) - (配現金)(本基金有相當比重投資於非投資等級之高風險債券且基金之配息來源可能為本金),PYZR4-BCASC029,澳幣,債券型,2016/11/30,RR2,月配,2026/07/30,116.4148,0.5,0.07,3.12,19.3,,3.59,0.15,0.89,-,"8,269百萬",,
貝萊德中國基金A10美元(總報酬穩定配息) - (配現金)(基金之配息來源可能為本金),SHZW1-ECUML046,美元,股票型,2022/10/26,RR5,月配,2026/07/31,11.17,-3.59,-7.31,3.1,21.92,,19.82,0.05,0.76,-,"1,090百萬",,
貝萊德中國基金A10美元(總報酬穩定配息) - (配股數)(基金之配息來源可能為本金),SHZW1-EQUML45,美元,股票型,2022/10/26,RR5,月配,2026/07/31,11.17,-3.59,-7.31,3.1,21.92,,19.82,0.05,0.76,-,"1,090百萬",,
安本基金-歐元非投資等級債券基金 A 月配息 歐元 - (配現金),ANZ52-BCEAD001,歐元,非投資等級債券,2000/11/13,RR3,月配,2026/07/31,5.3905,1.54,1.06,3.09,20.36,,4.26,0.13,1.3,-,313百萬,,
安本基金-歐元非投資等級債券基金 A 累積 歐元,ANZ47-BNEAD001,歐元,非投資等級債券,2000/11/13,RR3,無,2026/07/31,28.3794,1.54,1.06,3.09,20.34,,4.26,0.13,1.29,-,313百萬,,
法巴永續亞洲城市債券基金/月配 (美元) - (配現金)(本基金有相當比重投資於非投資等級之高風險債券，基金之配息來源可能為本金),FLF72-BCUBN005,美元,債券型,2010/11/26,RR3,月配,2026/07/30,59.04,-0.12,-0.06,3.08,12.97,,2.63,0.2,0.73,-,40百萬,,
法巴永續亞洲城市債券基金/月配RH (澳幣) - (配現金)(本基金有相當比重投資於非投資等級之高風險債券，基金之配息來源可能為本金),FLF92-BCABN001,澳幣,債券型,2013/02/18,RR3,月配,2026/07/30,56.07,0.09,0.15,3.02,10.47,,2.55,0.2,0.71,-,40百萬,,
富蘭克林坦伯頓全球投資系列-精選收益基金美元A(Mdis)股 - (配現金)(本基金有相當比重投資於非投資等級之高風險債券且基金之配息來源可能為本金),FLZB5-BCUFT012,美元,債券型,2007/07/12,RR2,月配,2026/07/31,7.82,-0.18,-0.27,3.02,15.14,,2.33,0.22,0.59,-,627百萬,,
富蘭克林坦伯頓全球投資系列-精選收益基金美元A(Mdis)股 - (配股數)(本基金有相當比重投資於非投資等級之高風險債券且基金之配息來源可能為本金),FLZB5-BNUFT012,美元,債券型,2007/07/12,RR2,月配,2026/07/31,7.82,-0.18,-0.27,3.02,15.14,,2.33,0.22,0.59,-,627百萬,,
原康健人壽標的＿富蘭克林坦伯頓全球投資系列－精選收益基金（單位數配息）(本基金有相當比重投資於非投資等級之高風險債券且基金之配息來源可能為本金),FLZB5-CKUB5,美元,債券型,2007/07/12,RR2,月配,2026/07/31,7.82,-0.18,-0.27,3.02,15.14,,2.33,0.22,0.59,-,627百萬,,
瀚亞投資-美國非投資等級債券基金Andmc1(紐幣避險穩定月配) - (配現金)(本基金配息來源可能為本金),IOF66-BCNPC024,紐幣,非投資等級債券,2013/12/09,RR3,月配,2026/07/31,5.384,-0.04,0.07,3.02,20.57,,3.14,0.17,1.15,-,384百萬,,
富蘭克林坦伯頓全球投資系列-美國政府基金美元A (Mdis)股 - (配現金),FLZ33-BCUFT004,美元,債券型,1991/02/28,RR2,月配,2026/07/31,7.01,-1.23,-1.31,3.01,8.85,,3.51,0.15,0.99,-,668百萬,,
富蘭克林坦伯頓全球投資系列-美國政府基金美元A (Mdis)股 - (配股數),FLZ33-BNUFT004,美元,債券型,1991/02/28,RR2,月配,2026/07/31,7.01,-1.23,-1.31,3.01,8.85,,3.51,0.15,0.99,-,668百萬,,
原康健人壽標的＿富蘭克林坦伯頓全球投資系列－美國政府基金（單位數配息）(本基金之配息來源可能為本金),FLZ33-CKUB2,美元,債券型,1991/02/28,RR2,月配,2026/07/31,7.01,-1.23,-1.31,3.01,8.85,,3.51,0.15,0.99,-,668百萬,,
原康健人壽標的＿富蘭克林坦伯頓全球投資系列－美國政府基金（現金配息）(本基金之配息來源可能為本金),FLZ33-CKUB8,美元,債券型,1991/02/28,RR2,月配,2026/07/31,7.01,-1.23,-1.31,3.01,8.85,,3.51,0.15,0.99,-,668百萬,,
霸菱環球非投資等級債券基金-G類歐元避險累積型(本基金主要投資於符合美國 Rule 144A規定之私募性質債券且配息來源可能為本金),PLB19-BLEBR010,歐元,非投資等級債券,2021/02/03,RR3,無,2026/07/30,113.67,0.24,0.26,2.98,19.69,,3.19,0.16,0.9,-,"5,324百萬",,
先機環球動態債券基金L類收益股(美元穩定配息) - (配現金)(基金之配息來源可能為本金),SGFC5-BCUCG022,美元,債券型,2018/12/21,RR2,月配,2026/07/30,9.7286,0.8,-0.42,2.98,13.64,,5.83,0.09,1.49,-,264百萬,,
先機環球動態債券基金L類收益股(美元) - (配現金)(基金之配息來源可能為本金),SGF68-BCUCG001,美元,債券型,2007/01/16,RR2,月配,2026/07/30,10.6708,0.8,-0.42,2.98,13.64,,5.83,0.09,1.49,-,264百萬,,
先機環球動態債券基金L類累積(美元)(基金之配息來源可能為本金),SGF31-BNUCG001,美元,債券型,2002/04/17,RR2,無,2026/07/30,28.1584,0.8,-0.43,2.98,13.63,,5.83,0.09,1.49,-,264百萬,,
PIMCO全球非投資等級債券基金-M級類別(月收息股份) - (配現金)(本基金之配息來源可能為本金),PIM43-BCUAL010,美元,非投資等級債券,2010/11/30,RR3,月配,2026/07/31,10.27,-0.48,-0.45,2.97,21.31,,3.02,0.17,1.06,-,2600百萬,,
霸菱環球非投資等級債券基金-G類歐元避險月配息型 - (配現金)(本基金主要投資於符合美國 Rule 144A規定之私募性質債券且配息來源可能為本金),PLB17-BCEBR009,歐元,非投資等級債券,2019/06/11,RR3,月配,2026/07/30,75.73,0.24,0.24,2.95,19.68,,3.2,0.16,0.9,-,"5,324百萬",,
PIMCO多元收益債券基金-E級類別(歐元避險)收息股份 - (配現金)(本基金有相當比重投資於非投資等級之高風險債券且配息來源可能為本金),PIM38-BCEAL001,歐元,債券型,2009/10/16,RR3,季配,2026/07/31,8.89,-0.19,-0.81,2.94,15.34,,4.02,0.13,1.01,-,9600百萬,,
PIMCO多元收益債券基金-E級類別(歐元避險)收息股份 - (配股數)(本基金有相當比重投資於非投資等級之高風險債券且配息來源可能為本金),PIM38-BNEAL001,歐元,債券型,2009/10/16,RR3,季配,2026/07/31,8.89,-0.19,-0.81,2.94,15.34,,4.02,0.13,1.01,-,9600百萬,,
高盛基金III - 高盛環球非投資等級債券基金X股美元(本基金之配息來源可能為本金且本基金主要投資於符合美國Rule 144A 規定之私募性質債券),ANZ90-BNUIG036,美元,非投資等級債券,2010/07/09,RR3,無,2026/07/30,467.23,-0.22,-0.69,2.92,21.1,,4.74,0.11,1.34,-,1533百萬,,
貝萊德中國基金Hedged A2 澳幣,SHZQ3-EQAML001,澳幣,股票型,2014/02/26,RR5,無,2026/07/31,14.49,-3.01,-6.94,2.91,16.48,,19.69,0.05,0.73,-,"1,090百萬",,
PIMCO總回報債券基金-E級類別(收息股份) - (配現金),PIM32-BCUAL009,美元,債券型,2005/10/10,RR2,季配,2026/07/31,11.66,-0.69,-1.34,2.91,12.87,,4.1,0.12,1.19,-,4200百萬,,
PIMCO總回報債券基金-E級類別(收息股份) - (配股數),PIM32-BNUAL009,美元,債券型,2005/10/10,RR2,季配,2026/07/31,11.66,-0.69,-1.34,2.91,12.87,,4.1,0.12,1.19,-,4200百萬,,
高盛基金III - 高盛環球非投資等級債券基金X股美元(月配息) - (配現金)(本基金之配息來源可能為本金且本基金主要投資於符合美國Rule 144A 規定之私募性質債券),ANZ89-BCUIG001,美元,非投資等級債券,2010/07/09,RR3,月配,2026/07/30,38.02,-0.24,-0.7,2.89,21.09,,4.76,0.11,1.34,-,1533百萬,,
原康健人壽標的＿高盛基金III - 高盛環球非投資等級債券基金（現金配息）(本基金之配息來源可能為本金且本基金主要投資於符合美國Rule 144A 規定之私募性質債券),ANZ89-CCUB3,美元,非投資等級債券,2010/07/09,RR3,月配,2026/07/30,38.02,-0.24,-0.7,2.89,21.09,,4.76,0.11,1.34,-,1533百萬,,
原康健人壽標的＿施羅德環球基金系列－新興三國股票（巴西、印度及中國）,PYZH3-CRUSB,美元,股票型,2005/10/31,RR5,無,2026/07/30,233.9832,-2.79,-10.44,2.88,10.81,,17.25,0.05,0.59,-,360百萬,,
施羅德環球基金系列－新興三國股票(巴西、印度及中國)(美元)A1-累積,PYZH3-EQUSC012,美元,股票型,2005/10/31,RR5,無,2026/07/30,233.9832,-2.79,-10.44,2.88,10.81,,17.25,0.05,0.59,-,360百萬,,
安聯亞洲靈活債券基金-AM穩定月收類股(美元) - (配現金)(本基金有相當比重投資於非投資等級之高風險債券且配息來源可能為本金),TLH09-BCUAL016,美元,債券型,2012/07/03,RR3,月配,2026/07/31,4.9241,-0.01,-0.36,2.88,13.86,,3.32,0.14,0.87,-,66百萬,,
原康健人壽標的＿安聯亞洲靈活債券基金（現金配息）(本基金有相當比重投資於非投資等級之高風險債券且配息來源可能為本金),TLZ90-CAUB0,美元,債券型,2015/11/04,RR3,月配,2026/07/31,4.8362,-0.01,-0.36,2.88,13.85,,3.32,0.14,0.87,-,66百萬,,
原康健人壽標的＿安聯亞洲靈活債券基金（單位數配息）(本基金有相當比重投資於非投資等級之高風險債券且配息來源可能為本金),TLZ90-CAUB1,美元,債券型,2015/11/04,RR3,月配,2026/07/31,4.8362,-0.01,-0.36,2.88,13.85,,3.32,0.14,0.87,-,66百萬,,
百達-美元中短期債券-R美元,PIC45-BLUPA016,美元,債券型,2003/09/18,RR2,無,2026/07/30,150.78,0.37,0.57,2.84,12.86,,0.93,0.49,0.23,-,411百萬,,
宏利環球基金-美元收益基金AA股 - (配股數)(本基金有相當比重投資於非投資等級之高風險債券且配息來源可能為本金),MAM18-BNUMA003,美元,固定收益,2007/01/29,RR3,年配,2026/07/30,1.0335,-0.6,-0.7,2.81,13.85,,3.66,0.13,0.97,-,123百萬,,
新加坡大華新興市場債券基金(美元) - (配現金)(本基金主要係投資於非投資等級之高風險債券且配息可能涉及本金),UOB42-BCUUO001,美元,債券型,2001/08/20,RR3,月配,2026/07/30,0.6827,-0.57,-1.14,2.8,16.3,,4.85,0.1,1.3,-,54百萬,,
安聯亞洲靈活債券基金-AM穩定月收類股(澳幣避險) - (配現金)(本基金有相當比重投資於非投資等級之高風險債券且配息來源可能為本金),TLH21-BCAAL016,澳幣,債券型,2012/07/03,RR3,月配,2026/07/31,4.7281,0.15,-0.23,2.75,11.49,,3.32,0.13,0.86,-,66百萬,,
原康健人壽標的＿安聯亞洲靈活債券基金（現金配息）（澳幣避險）(本基金有相當比重投資於非投資等級之高風險債券且配息來源可能為本金),TLH21-CAAB0,澳幣,債券型,2012/07/03,RR3,月配,2026/07/31,4.7281,0.15,-0.23,2.75,11.49,,3.32,0.13,0.86,-,66百萬,,
原康健人壽標的＿安聯亞洲靈活債券基金（單位數配息）（澳幣避險）(本基金有相當比重投資於非投資等級之高風險債券且配息來源可能為本金),TLH21-CAAB1,澳幣,債券型,2012/07/03,RR3,月配,2026/07/31,4.7281,0.15,-0.23,2.75,11.49,,3.32,0.13,0.86,-,66百萬,,
PIMCO全球投資級別債券基金-E級類別(收息股份) - (配現金)(基金之配息來源可能為本金),PIM09-BCUAL001,美元,公司債券,2008/04/30,RR2,季配,2026/07/31,12.42,0.07,-0.82,2.74,15.05,,4.19,0.11,1.15,-,7500百萬,,
PIMCO全球投資級別債券基金-E級類別(收息股份) - (配股數)(基金之配息來源可能為本金),PIM09-BNUAL001,美元,公司債券,2008/04/30,RR2,季配,2026/07/31,12.42,0.07,-0.82,2.74,15.05,,4.19,0.11,1.15,-,7500百萬,,
瑞銀 (盧森堡) 歐元非投資等級債券基金 (歐元)(本基金配息來源可能為本金),SBZ42-BNEBS004,歐元,非投資等級債券,1998/05/15,RR3,無,2026/07/29,266.68,0.78,0.11,2.74,23.35,,3.82,0.12,0.98,-,"3,482百萬",,
摩根投資基金－環球非投資等級債券基金 - JPM 環球非投資等級債券(歐元對沖)－ A股(累計)(本基金主要投資於符合美國Rule 144A規定之私募性質債券),JFZ85-BNEJF001,歐元,非投資等級債券,2000/03/24,RR3,無,2026/07/30,269.54,-0.12,0.15,2.73,19.38,,2.85,0.15,0.81,-,"5,473百萬",,
PIMCO全球投資級別債券基金-M級類別(穩定月收息股份) - (配現金)(基金之配息來源可能為本金),PIM95-BCUPM043,美元,公司債券,2023/12/19,RR2,月配,2026/07/31,8.81,0.08,-0.8,2.73,-,,4.24,0.11,1.17,-,7500百萬,,
PIMCO全球投資級別債券基金-M級類別(穩定月收息股份) - (配股數)(基金之配息來源可能為本金),PIM95-BNUPM044,美元,公司債券,2023/12/19,RR2,月配,2026/07/31,8.81,0.08,-0.8,2.73,-,,4.24,0.11,1.17,-,7500百萬,,
法巴全球非投資等級債券基金/月配 (美元) - (配現金)(本基金之配息來源可能為本金),FLF74-BCUBN003,美元,非投資等級債券,2010/11/26,RR3,月配,2026/07/30,45.83,-1.47,-2.97,2.71,22.9,,8.16,0.06,2.16,-,69百萬,,
先機環球動態債券基金L類避險收益股(澳幣穩定配息) - (配現金)(基金之配息來源可能為本金),SGFC9-BCACG023,澳幣,債券型,2019/05/20,RR2,月配,2026/07/30,9.3771,0.92,-0.38,2.7,11.02,,5.84,0.08,1.48,-,264百萬,,
PIMCO全球投資級別債券基金-E級類別(累積股份)(基金之配息來源可能為本金),PIK15-BNUPM028,美元,公司債券,2008/12/10,RR2,無,2026/07/31,19.53,0.05,-0.86,2.68,14.95,,4.19,0.1,1.14,-,7500百萬,,
PIMCO全球投資級別債券基金-M級類別(月收息強化股份)-(配現金)(基金之配息來源可能為本金),PIM53-BCUAL022,美元,公司債券,2013/12/23,RR2,月配,2026/07/31,8.07,0.08,-0.81,2.65,15.07,,4.18,0.1,1.15,-,7500百萬,,
PIMCO全球投資級別債券基金-M級類別(月收息強化股份) - (配股數)(基金之配息來源可能為本金),PIM53-BNUPM036,美元,公司債券,2013/12/23,RR2,月配,2026/07/31,8.07,0.08,-0.81,2.65,15.07,,4.18,0.1,1.15,-,7500百萬,,
安聯美國收益基金-AMg穩定月收總收益類股(美元) - (配現金)(本基金有相當比重投資於非投資等級之高風險債券且配息來源可能為本金),TLZG9-BCUAL049,美元,債券型,2020/04/15,RR3,月配,2026/07/31,7.2715,-0.14,-0.47,2.64,14.88,,3.28,0.13,0.89,-,355百萬,,
安聯美國收益基金-AMg穩定月收總收益類股(美元) - (配股數)(本基金有相當比重投資於非投資等級之高風險債券且配息來源可能為本金),TLZG9-BNUAL050,美元,債券型,2020/04/15,RR3,月配,2026/07/31,7.2715,-0.14,-0.47,2.64,14.88,,3.28,0.13,0.89,-,355百萬,,
安聯美國收益基金-AMf固定月配類股(美元) - (配現金)(本基金有相當比重投資於非投資等級之高風險債券且配息來源可能為本金),TLZJ8-BCUAL077,美元,債券型,2021/02/16,RR3,月配,2026/07/31,6.6865,-0.14,-0.47,2.64,14.87,,3.28,0.13,0.89,-,355百萬,,
美盛西方資產全球多重策略基金A類股美元配息型(M) - (配現金)(本基金有相當比重投資於非投資等級之高風險債券且配息來源可能為本金),WEA24-BCUMS003,美元,債券型,2008/02/19,RR3,月配,2026/07/31,85.83,-0.08,-0.56,2.63,13.8,,3.13,0.13,0.75,-,219百萬,,
聯博-短期債券基金 A2股美元(基金之配息來源可能為本金),ALZ40-BNUAB006,美元,債券型,1999/05/12,RR2,無,2026/07/31,20.14,0.55,0.65,2.6,12.08,,1.32,0.3,0.33,-,428百萬,,
施羅德環球基金系列－美元債券(美元)A1-累積(基金之配息來源可能為本金),PYZ44-BNUSC009,美元,債券型,2002/01/11,RR2,無,2026/07/30,21.9114,-0.77,-1.08,2.56,10.64,,4.27,0.09,1.21,-,635百萬,,
高盛基金III - 高盛氣候與環境永續基金X股美元,ANZ61-EQUIG003,美元,天然資源,1997/12/01,RR4,無,2026/07/30,1451.54,-3.92,3.43,2.43,10.22,,18.3,0.04,-0.27,-,195百萬,,
晉達環球策略基金 - 新興市場公司債券基金 C 收益-2 股份 - (配現金)(本基金有相當比重投資於非投資等級之高風險債券且基金之配息來源可能為本金),GSF63-BCUIN006,美元,公司債券,2012/04/26,RR3,月配,2026/07/30,12.9,-0.67,-0.48,2.42,17.6,,5.03,0.07,0.93,-,1500百萬,,
百達-美元中短期債券-R美元月配息 - (配現金)(基金之配息來源可能為本金),PICA6-BCUPA017,美元,債券型,2022/11/30,RR2,月配,2026/07/30,124.11,-0.08,0.12,2.38,12.38,,1.09,0.3,0.28,-,411百萬,,
高盛基金III - 高盛旗艦多元資產基金X股歐元(本基金之配息來源可能為本金),ANZI5-BLEIG001,歐元,平衡型,2011/10/07,RR3,無,2026/07/30,274.37,0.84,0.39,2.37,8.71,,6.39,0.06,0.36,-,332百萬,,
聯博-短期債券基金 AT股美元 - (配現金)(基金之配息來源可能為本金),ALZ58-BCUAB005,美元,債券型,2002/09/26,RR2,月配,2026/07/31,7.19,0.41,0.4,2.34,11.86,,1.31,0.24,0.33,-,428百萬,,
聯博-短期債券基金 AT股美元 - (配股數)(基金之配息來源可能為本金),ALZ58-BNUAB005,美元,債券型,2002/09/26,RR2,月配,2026/07/31,7.19,0.41,0.4,2.34,11.86,,1.31,0.24,0.33,-,428百萬,,
原康健人壽標的＿聯博－短期債券基金AT級別美元（現金配息）(本基金之配息來源可能為本金),ALZ58-CUUB4,美元,債券型,2002/09/26,RR2,月配,2026/07/31,7.19,0.41,0.4,2.34,11.86,,1.31,0.24,0.33,-,428百萬,,
原康健人壽標的＿聯博－短期債券基金AT級別美元（單位數配息）(本基金之配息來源可能為本金),ALZ58-CUUB7,美元,債券型,2002/09/26,RR2,月配,2026/07/31,7.19,0.41,0.4,2.34,11.86,,1.31,0.24,0.33,-,428百萬,,
原康健人壽標的＿匯豐環球投資基金－環球非投資等級債券（現金配息）(本基金配息來源可能為本金，本基金自110年5月2日起停止申購),HSZ87-CHEB0,歐元,非投資等級債券,2012/07/20,RR3,月配,2026/07/30,7.383,0.34,0.04,2.31,15.98,,3.35,0.1,0.89,-,"1,401百萬",,
摩根基金 - 環球企業債券基金 - JPM環球企業債券(美元) - A股(累計),JFZ96-BNUJF045,美元,債券型,2009/02/27,RR2,無,2026/07/30,20.49,-0.15,-1.01,2.25,15.76,,3.86,0.08,1.04,-,"6,264百萬",,
聯博-全球非投資等級債券基金AT股紐幣避險 - (配股數)(基金之配息來源可能為本金),ALB13-BNNAB027,紐幣,非投資等級債券,2012/09/28,RR3,月配,2026/07/31,9.2,-0.36,-0.61,2.24,20.29,,3.57,0.09,1.26,-,"11,944百萬",,
原康健人壽標的＿聯博－全球非投資等級債券基金（現金配息）（紐幣避險）(本基金之配息來源可能為本金),ALB13-CUNB0,紐幣,非投資等級債券,2012/09/28,RR3,月配,2026/07/31,9.2,-0.36,-0.61,2.24,20.29,,3.57,0.09,1.26,-,"11,944百萬",,
摩根基金 - 環球企業債券基金 - JPM環球企業債券(美元) - A股(每月派息) - (配現金)(本基金之配息來源可能為本金),JFZ97-BCUJF043,美元,債券型,2010/09/03,RR2,月配,2026/07/30,88.9,-0.16,-1.03,2.24,15.71,,3.83,0.08,1.03,-,"6,264百萬",,
摩根基金 - 環球企業債券基金 - JPM環球企業債券(美元) - A股(每月派息) - (配股數)(本基金之配息來源可能為本金),JFZ97-BNUJF044,美元,債券型,2010/09/03,RR2,月配,2026/07/30,88.9,-0.16,-1.03,2.24,15.71,,3.83,0.08,1.03,-,"6,264百萬",,
原康健人壽標的＿聯博－短期債券基金AA(穩定月配)級別美元（現金配息）(本基金之配息來源可能為本金),ALB66-CUUBB,美元,債券型,2014/01/09,RR2,月配,2026/07/31,10.29,0.27,0.35,2.24,11.66,,1.44,0.2,0.38,-,428百萬,,
MFS全盛基金系列-MFS全盛美國政府債券基金 A2(美元)-(配現金),MFZA1-BCUPB011,美元,債券型,1998/10/05,RR2,月配,2026/07/30,8.71,-0.71,-0.94,2.18,8.62,,3.47,0.08,1.01,-,280百萬,,
富達基金—全球通膨連結債券基金 (A股累計美元),FTZI7-BNUFD008,美元,債券型,2008/05/29,RR2,無,2026/07/31,12.28,-1.21,-0.65,2.16,11.03,,3.49,0.08,0.43,-,537百萬,,
MFS全盛基金系列-MFS全盛美國政府債券基金 A1(美元),MFZ49-BLUPB010,美元,債券型,2005/09/26,RR2,無,2026/07/30,17.96,-0.72,-1.05,2.16,8.52,,3.49,0.08,1.01,-,280百萬,,
富蘭克林坦伯頓伊斯蘭系列-伊斯蘭債券基金美元A(Mdis)股 - (配現金)(本基金之配息來源可能為本金),FLZJ12-BCUFT036,美元,債券型,2013/03/25,RR2,月配,2026/07/31,7.79,-0.41,-0.65,2.15,11.09,,4.06,0.07,0.1,-,1042百萬,,
富蘭克林坦伯頓伊斯蘭系列-伊斯蘭債券基金美元A(Mdis)股 - (配股數)(本基金之配息來源可能為本金),FLZJ12-BNUFT037,美元,債券型,2013/03/25,RR2,月配,2026/07/31,7.79,-0.41,-0.65,2.15,11.09,,4.06,0.07,0.1,-,1042百萬,,
摩根基金－美國複合收益債券基金 - JPM 美國複合收益債券(美元)－ A股(每月派息) - (配現金)(本基金之配息來源可能為本金),JFZ93-BCUJF001,美元,債券型,2010/04/06,RR2,月配,2026/07/30,8.16,-0.8,-1.11,2.14,10.44,,3.63,0.08,1.05,-,"4,468百萬",,
摩根基金－美國複合收益債券基金 - JPM 美國複合收益債券(美元)－ A股(每月派息) - (配股數)(本基金之配息來源可能為本金),JFZ93-BNUJF001,美元,債券型,2010/04/06,RR2,月配,2026/07/30,8.16,-0.8,-1.11,2.14,10.44,,3.63,0.08,1.05,-,"4,468百萬",,
原康健人壽標的＿摩根系列基金－摩根美國複合收益基金（現金配息）(本基金之配息來源可能為本金),JFZ93-CBUB1,美元,債券型,2010/04/06,RR2,月配,2026/07/30,8.16,-0.8,-1.11,2.14,10.44,,3.63,0.08,1.05,-,"4,468百萬",,
原康健人壽標的＿摩根系列基金－摩根美國複合收益基金（單位數配息）(本基金之配息來源可能為本金),JFZ93-CBUB4,美元,債券型,2010/04/06,RR2,月配,2026/07/30,8.16,-0.8,-1.11,2.14,10.44,,3.63,0.08,1.05,-,"4,468百萬",,
聯博-短期債券基金AT股澳幣避險 - (配現金)(基金之配息來源可能為本金),ALZZ3-BCAAB003,澳幣,債券型,2010/10/06,RR2,月配,2026/07/31,11.09,0.42,0.55,2.12,9.55,,1.43,0.18,0.37,-,428百萬,,
聯博-短期債券基金AT股澳幣避險 - (配股數)(基金之配息來源可能為本金),ALZZ3-BNAAB003,澳幣,債券型,2010/10/06,RR2,月配,2026/07/31,11.09,0.42,0.55,2.12,9.55,,1.43,0.18,0.37,-,428百萬,,
原康健人壽標的＿聯博－短期債券基金AT澳幣避險級別（現金配息）(本基金之配息來源可能為本金),ALZZ3-CUAB1,澳幣,債券型,2010/10/06,RR2,月配,2026/07/31,11.09,0.42,0.55,2.12,9.55,,1.43,0.18,0.37,-,428百萬,,
原康健人壽標的＿聯博－短期債券基金AT澳幣避險級別（單位數配息）(本基金之配息來源可能為本金),ALZZ3-CUAB3,澳幣,債券型,2010/10/06,RR2,月配,2026/07/31,11.09,0.42,0.55,2.12,9.55,,1.43,0.18,0.37,-,428百萬,,
PIMCO全球實質回報債券基金-E級類別(收息股份) - (配現金),PIM33-BCUAL005,美元,抗通膨債券,2005/10/28,RR2,季配,2026/07/31,13,-0.77,-0.84,2.12,7.5,,4.1,0.07,1.05,-,2500百萬,,
PIMCO全球實質回報債券基金-E級類別(收息股份) - (配股數),PIM33-BNUAL005,美元,抗通膨債券,2005/10/28,RR2,季配,2026/07/31,13,-0.77,-0.84,2.12,7.5,,4.1,0.07,1.05,-,2500百萬,,
聯博-歐洲收益基金AA(穩定月配)美元避險級別 - (配現金)(本基金有相當比重投資於非投資等級之高風險債券且配息來源可能為本金),ALB75-BCUAB010,美元,債券型,2014/01/14,RR3,月配,2026/07/31,10.08,0.33,-0.45,2.08,19.87,,4.56,0.06,1.05,-,"1,138百萬",,
聯博-歐洲收益基金AA(穩定月配)美元避險級別 - (配股數)(本基金有相當比重投資於非投資等級之高風險債券且配息來源可能為本金),ALB75-BNUAB010,美元,債券型,2014/01/14,RR3,月配,2026/07/31,10.08,0.33,-0.45,2.08,19.87,,4.56,0.06,1.05,-,"1,138百萬",,
原康健人壽標的＿聯博－歐洲收益基金（現金配息）（美元避險）(本基金有相當比重投資於非投資等級之高風險債券且配息來源可能為本金),ALB75-CUUBE,美元,債券型,2014/01/14,RR3,月配,2026/07/31,10.08,0.33,-0.45,2.08,19.87,,4.56,0.06,1.05,-,"1,138百萬",,
法巴永續高評等企業債券基金/月配 (美元)-(配現金)(基金之配息來源可能為本金),FLFM1-BCUBN020,美元,債券型,2021/10/15,RR2,月配,2026/07/30,68.67,-0.05,-0.7,2.07,15.13,,3.82,0.07,0.98,-,320百萬,,
聯博-歐洲收益基金AT股澳幣避險 - (配現金)(本基金有相當比重投資於非投資等級之高風險債券且配息來源可能為本金),ALZZ1-BCAAB004,澳幣,債券型,2010/10/06,RR3,月配,2026/07/31,12.18,0.67,-0.14,2.05,17.28,,4.43,0.06,1,-,"1,138百萬",,
聯博-歐洲收益基金AT股澳幣避險 - (配股數)(本基金有相當比重投資於非投資等級之高風險債券且配息來源可能為本金),ALZZ1-BNAAB004,澳幣,債券型,2010/10/06,RR3,月配,2026/07/31,12.18,0.67,-0.14,2.05,17.28,,4.43,0.06,1,-,"1,138百萬",,
貝萊德美元優質債券基金 A3 美元 - (配現金),SHZ97-BCUML002,美元,債券型,2003/09/01,RR2,月配,2026/07/31,14.75,-1.07,-1.57,2.04,9.66,,4.08,0.06,1.19,-,533百萬,,
貝萊德美元優質債券基金 A3 美元 - (配股數),SHZ97-BNUML002,美元,債券型,2003/09/01,RR2,月配,2026/07/31,14.75,-1.07,-1.57,2.04,9.66,,4.08,0.06,1.19,-,533百萬,,
摩根基金－新興市場企業債券基金 - JPM 新興市場企業債券(美元) - A股(每月派息) - (配現金)(本基金有相當比重投資於非投資等級之高風險債券且配息來源可能為本金),JFZB3-BCUJF005,美元,固定收益,2012/10/17,RR3,月配,2026/07/30,70.25,-1,-2.1,2.02,18.57,,3.9,0.06,0.86,-,564百萬,,
東方匯理基金美元綜合債券 A2 美元 (月配息) - (配現金)(本基金之配息來源可能為本金),PIZ92-BCUPI007,美元,債券型,2010/10/28,RR2,月配,2026/07/31,52.03,-1.12,-1.35,2.01,11.35,,3.54,0.07,1.04,-,"2,076百萬",,
聯博-美國收益基金 A2股美元(本基金有相當比重投資於非投資等級之高風險債券且配息來源可能為本金),ALZ10-BNUAB004,美元,債券型,1998/10/26,RR3,無,2026/07/31,33.47,-0.8,-1.18,2.01,15.1,,3.67,0.07,0.96,-,"20,055百萬",,
原康健人壽標的＿聯博－美國收益基金A2(本基金有相當比重投資於非投資等級之高風險債券且配息來源可能為本金),ALZ10-CUUB0,美元,債券型,1998/10/26,RR3,無,2026/07/31,33.47,-0.8,-1.18,2.01,15.1,,3.67,0.07,0.96,-,"20,055百萬",,
富蘭克林坦伯頓全球投資系列-波灣富裕債券基金美元A (Mdis)股 - (配現金)(本基金有相當比重投資於非投資等級之高風險債券且基金之配息來源可能為本金),FLZL7-BCUFT040,美元,債券型,2013/08/30,RR3,月配,2026/07/31,9.85,-1.37,-2.11,2.01,13.18,,7,0.04,1.84,-,256百萬,,
富蘭克林坦伯頓全球投資系列-波灣富裕債券基金美元A (Mdis)股 - (配股數)(本基金有相當比重投資於非投資等級之高風險債券且基金之配息來源可能為本金),FLZL7-BNUFT041,美元,債券型,2013/08/30,RR3,月配,2026/07/31,9.85,-1.37,-2.11,2.01,13.18,,7,0.04,1.84,-,256百萬,,
東方匯理基金美元綜合債券 A2 美元 (穩定月配息) - (配股數)(本基金之配息來源可能為本金),PIZO8-BNUPI032,美元,債券型,2017/06/07,RR2,月配,2026/07/31,33.13,-1.13,-1.35,2.01,11.32,,3.56,0.07,1.04,-,"2,076百萬",,
東方匯理基金美元綜合債券 A2 美元 (穩定月配息) - (配現金)(本基金之配息來源可能為本金),PIZO8-BCUPI015,美元,債券型,2017/06/07,RR2,月配,2026/07/31,33.13,-1.13,-1.35,2.01,11.32,,3.56,0.07,1.04,-,"2,076百萬",,
東方匯理基金美元綜合債券 A2 美元(本基金之配息來源可能為本金),PIZ93-BNUPI007,美元,債券型,2006/03/17,RR2,無,2026/07/31,110.28,-1.12,-1.34,2.01,11.33,,3.55,0.07,1.04,-,"2,076百萬",,
摩根基金 - 美國企業成長基金 - JPM美國企業成長(美元) - A股(累計),JFZG2-EQUJF053,美元,股票型,2005/03/31,RR4,無,2026/07/30,94.05,-2.82,-2.12,2,53.7,,21.29,0.04,1.08,-,"6,834百萬",,
瀚亞投資─亞洲債券基金Andm(紐幣避險月配) - (配現金)(本基金有相當比重投資於非投資等級之高風險債券且配息來源可能為本金),IOF55-BCNPC023,紐幣,債券型,2012/08/01,RR3,月配,2026/07/31,6.05,-0.31,-1.08,1.99,14.84,,3.66,0.06,0.98,-,2383百萬,,
富達基金—歐洲動能基金 (A股累計美元避險),FTZN5-EQUFD028,美元,股票型,2014/01/10,RR4,無,2026/07/31,26.13,7.22,5.28,1.99,6.39,,16.51,0.04,0.85,-,"1,239百萬",,
摩根投資基金－策略總報酬基金 - JPM策略總報酬(美元對沖)-A股(累計)(本基金有相當比重投資於非投資等級之高風險債券),JFZE8-BLUJF003,美元,平衡型,2015/02/05,RR3,無,2026/07/30,156.95,2.33,-3.62,1.99,8.29,,8.95,0.04,0.4,-,"1,335百萬",,
原康健人壽標的＿摩根投資基金—策略總報酬基金（美元對沖）(本基金有相當比重投資於非投資等級之高風險債券),JFZE8-CBUA2,美元,平衡型,2015/02/05,RR3,無,2026/07/30,156.95,2.33,-3.62,1.99,8.29,,8.95,0.04,0.4,-,"1,335百萬",,
原康健人壽標的＿施羅德環球基金系列－歐元非投資等級債券(本基金之配息來源可能為本金),PYZQ5-CREB1,歐元,非投資等級債券,2012/11/14,RR3,無,2026/07/30,182.5623,0.55,0.36,1.97,24.95,,3.78,0.06,0.94,-,"3,406百萬",,
原康健人壽標的＿聯博－歐洲收益基金（現金配息）（澳幣避險）(本基金有相當比重投資於非投資等級之高風險債券且配息來源可能為本金),ALB76-CUAB8,澳幣,債券型,2014/01/14,RR3,月配,2026/07/31,9.58,0.53,-0.29,1.97,17.06,,4.46,0.05,1,-,"1,138百萬",,
富蘭克林坦伯頓全球投資系列-歐洲非投資等級債券基金歐元A(Mdis)股 - (配現金)(本基金之配息來源可能為本金),FLZ91-BCEFT005,歐元,非投資等級債券,2007/07/12,RR3,月配,2026/07/31,5.04,0.97,0.54,1.97,19.55,,3.18,0.07,0.98,-,302百萬,,
富蘭克林坦伯頓全球投資系列-歐洲非投資等級債券基金歐元A(Mdis)股 - (配股數)(本基金之配息來源可能為本金),FLZ91-BNEFT005,歐元,非投資等級債券,2007/07/12,RR3,月配,2026/07/31,5.04,0.97,0.54,1.97,19.55,,3.18,0.07,0.98,-,302百萬,,
原康健人壽標的＿摩根基金－美國企業成長基金（現金配息）(本基金之配息來源可能為本金),JFZ72-CBUS0,美元,股票型,2000/10/20,RR4,年配,2026/07/30,49.3,-2.82,-2.14,1.96,53.56,,21.29,0.04,1.08,-,"6,834百萬",,
原康健人壽標的＿摩根基金－美國企業成長基金（單位數配息）(本基金之配息來源可能為本金),JFZ72-CBUS8,美元,股票型,2000/10/20,RR4,年配,2026/07/30,49.3,-2.82,-2.14,1.96,53.56,,21.29,0.04,1.08,-,"6,834百萬",,
原康健人壽標的＿貝萊德全球通膨連結債券基金（現金配息）,SHZN9-CLUSC,美元,固定收益,2009/07/23,RR2,月配,2026/07/31,16.52,-0.78,-0.22,1.95,8.53,,2.58,0.08,0.66,-,136百萬,,
原康健人壽標的＿貝萊德全球通膨連結債券基金,SHZN8-CLUSB,美元,固定收益,2009/06/19,RR2,無,2026/07/31,17.25,-0.75,-0.17,1.95,8.56,,2.56,0.08,0.65,-,136百萬,,
安聯歐洲成長精選基金-AT累積類股(歐元),TLZ85-EQEAL003,歐元,股票型,2013/05/02,RR4,無,2026/07/31,220.15,6.59,1.71,1.95,-0.37,,16.93,0.04,0.93,-,276百萬,,
貝萊德環球非投資等級債券基金 Hedged A3 歐元 - (配現金)(基金主要投資於符合美國Rule 144A規定之私募性質債券且配息來源可能為本金),SHZ92-BCEML001,歐元,非投資等級債券,2003/09/01,RR3,月配,2026/07/31,4.22,-0.26,-0.56,1.95,17.56,,3.31,0.07,1.17,-,"1,945百萬",,
貝萊德環球非投資等級債券基金 Hedged A3 歐元 - (配股數)(基金主要投資於符合美國Rule 144A規定之私募性質債券且配息來源可能為本金),SHZ92-BNEML001,歐元,非投資等級債券,2003/09/01,RR3,月配,2026/07/31,4.22,-0.26,-0.56,1.95,17.56,,3.31,0.07,1.17,-,"1,945百萬",,
景順環球高評級企業債券基金 E股 美元,CTZO9-BLUIV016,美元,公司債券,2020/03/04,RR2,無,2026/07/31,10.208,-0.11,-0.96,1.94,16.03,,3.89,0.06,1.08,-,1270百萬,,
景順環球高評級企業債券基金 E-穩定月配息股 美元 - (配現金)(基金之配息來源可能為本金),CTZP0-BCUIV017,美元,公司債券,2020/03/04,RR2,月配,2026/07/31,6.9511,-0.12,-0.96,1.93,16.01,,3.89,0.06,1.08,-,1270百萬,,
景順環球高評級企業債券基金 E-穩定月配息股 美元 - (配股數)(基金之配息來源可能為本金),CTZP0-BNUIV018,美元,公司債券,2020/03/04,RR2,月配,2026/07/31,6.9511,-0.12,-0.96,1.93,16.01,,3.89,0.06,1.08,-,1270百萬,,
原康健人壽標的＿富蘭克林坦伯頓全球投資系列－大中華基金,FLZA2-CKUSG,美元,股票型,1994/09/01,RR5,無,2026/07/31,23.98,-5.96,-11.68,1.91,4.76,,18.13,0.03,0.61,-,293百萬,,
富蘭克林坦伯頓全球投資系列-大中華基金美元A (acc)股,FLZA2-EQUFT009,美元,股票型,1994/09/01,RR5,無,2026/07/31,23.98,-5.96,-11.68,1.91,4.76,,18.13,0.03,0.61,-,293百萬,,
霸菱優先順位資產抵押債券基金-G類歐元避險月配息型 - (配現金)(本基金主要投資於非投資等級之高風險債券及符合美國Rule 144A規定之私募性質債券且基金之配息來源可能為本金),PLB08-BCEBR005,歐元,非投資等級債券,2018/12/17,RR3,月配,2026/07/30,79.9,0.38,0.09,1.87,17.58,,2.67,0.07,0.76,-,"3,314百萬",,
富達基金—歐洲非投資等級債券基金 (A股歐元) - (配股數)(本基金之配息來源可能為本金),FTZ69-BNEFD013,歐元,非投資等級債券,2000/06/26,RR3,年配,2026/07/31,9.285,0.99,0.72,1.87,21.45,,3.78,0.05,1.18,-,"2,777百萬",,
原康健人壽標的＿富達基金－歐洲非投資等級債券基金（單位數配息）,FTZ69-CFEB1,歐元,非投資等級債券,2000/06/26,RR3,年配,2026/07/31,9.285,0.99,0.72,1.87,21.45,,3.78,0.05,1.18,-,"2,777百萬",,
高盛基金III - 高盛投資級公司債基金X股美元(月配息) - (配現金)(本基金之配息來源可能為本金),ANZ91-BCUIG003,美元,債券型,2011/05/02,RR2,月配,2026/07/30,87.21,-0.82,-1.45,1.86,12.62,,4.18,0.05,1.18,-,3581百萬,,
原康健人壽標的＿高盛基金III - 高盛投資級公司債基金（現金配息）(本基金之配息來源可能為本金),ANZ91-CCUB6,美元,債券型,2011/05/02,RR2,月配,2026/07/30,87.21,-0.82,-1.45,1.86,12.62,,4.18,0.05,1.18,-,3581百萬,,
原康健人壽標的＿富達基金－歐元現金基金,FTZ54-CFEC0,歐元,貨幣型,1993/09/20,RR1,年配,2026/07/31,9.0581,0.52,0.95,1.86,8.45,,0.06,9.05,0,-,"1,645百萬",,
富達基金—歐元現金基金 (A股歐元),FTZ54-MMEFD012,歐元,貨幣型,1993/09/20,RR1,年配,2026/07/31,9.0581,0.52,0.95,1.86,8.45,,0.06,9.05,0,-,"1,645百萬",,
霸菱優先順位資產抵押債券基金-G類歐元避險累積型(本基金主要投資於非投資等級之高風險債券及符合美國Rule 144A規定之私募性質債券且基金之配息來源可能為本金),PLB09-BLEBR006,歐元,非投資等級債券,2018/12/17,RR3,無,2026/07/30,123.21,0.36,0.07,1.85,17.57,,2.67,0.07,0.76,-,"3,314百萬",,
原康健人壽標的＿富達基金－歐洲非投資等級債券基金（現金配息）(本基金之配息來源可能為本金),FTZJ1-CFEB5,歐元,非投資等級債券,2011/04/13,RR3,月配,2026/07/31,9.73,0.98,0.72,1.85,21.48,,3.78,0.05,1.18,-,"2,777百萬",,
原康健人壽標的＿富達基金－歐洲非投資等級債券基金（單位數配息）(本基金之配息來源可能為本金),FTZJ1-CFEB6,歐元,非投資等級債券,2011/04/13,RR3,月配,2026/07/31,9.73,0.98,0.72,1.85,21.48,,3.78,0.05,1.18,-,"2,777百萬",,
原康健人壽標的＿富達基金－歐洲非投資等級債券基金,FTZH5-CFEB9,歐元,非投資等級債券,2006/07/03,RR3,無,2026/07/31,25.4,0.95,0.71,1.84,21.47,,3.79,0.05,1.18,-,"2,777百萬",,
富達基金—歐洲非投資等級債券基金 (A股月配息歐元) - (配現金)(本基金之配息來源可能為本金),FTZ70-BCEFD001,歐元,非投資等級債券,2003/06/09,RR3,月配,2026/07/31,10.27,0.98,0.69,1.84,21.45,,3.84,0.05,1.19,-,"2,777百萬",,
富達基金－歐洲非投資等級債券基金(A股-月配息) - (配股數)(本基金之配息來源可能為本金),FTZ70-BNEHD015,歐元,非投資等級債券,2003/06/09,RR3,月配,2026/07/31,10.27,0.98,0.69,1.84,21.45,,3.84,0.05,1.19,-,"2,777百萬",,
原康健人壽標的＿富達基金－歐洲非投資等級債券基金（現金配息）,FTZ70-CFEB7,歐元,非投資等級債券,2003/06/09,RR3,月配,2026/07/31,10.27,0.98,0.69,1.84,21.45,,3.84,0.05,1.19,-,"2,777百萬",,
原康健人壽標的＿富達基金－歐洲非投資等級債券基金（單位數配息）,FTZ70-CFEB8,歐元,非投資等級債券,2003/06/09,RR3,月配,2026/07/31,10.27,0.98,0.69,1.84,21.45,,3.84,0.05,1.19,-,"2,777百萬",,
摩根投資基金 - 策略總報酬基金 - JPM策略總報酬(澳幣對沖) - A股 (累計)(本基金有相當比重投資於非投資等級之高風險債券),JFZG0-BLAJF003,澳幣,平衡型,2016/01/20,RR3,無,2026/07/30,12.27,2.42,-3.46,1.83,6.97,,9,0.03,0.41,-,"1,335百萬",,
施羅德環球基金系列－環球企業債券(美元)A1-月配浮動 - (配現金)(基金之配息來源可能為本金),PYZG6-BCUSC013,美元,債券型,2009/01/19,RR2,月配,2026/07/30,6.7021,-0.41,-0.89,1.82,14.27,,3.86,0.05,1.03,-,"2,305百萬",,
景順環球高評級企業債券基金 E-穩定月配息(澳幣對沖)股 澳幣 - (配現金)(基金之配息來源可能為本金),CTZP1-BCAIV019,澳幣,公司債券,2020/03/04,RR2,月配,2026/07/31,6.9034,0.08,-0.8,1.79,13.2,,3.87,0.05,1.06,-,1270百萬,,
景順環球高評級企業債券基金 E-穩定月配息(澳幣對沖)股 澳幣 - (配股數)(基金之配息來源可能為本金),CTZP1-BNAIV020,澳幣,公司債券,2020/03/04,RR2,月配,2026/07/31,6.9034,0.08,-0.8,1.79,13.2,,3.87,0.05,1.06,-,1270百萬,,
瀚亞投資-美國優質債券基金(Adm)- (配現金)(本基金配息來源可能為本金),IOF14-BCUPC003,美元,公司債券,2009/06/01,RR2,月配,2026/07/31,9.691,-1.15,-1.39,1.77,13.22,,4.03,0.04,1.14,-,432百萬,,
原康健人壽標的＿瀚亞投資－美國優質債券基金（現金配息）(本基金配息來源可能為本金),IOF14-CDUB1,美元,公司債券,2009/06/01,RR2,月配,2026/07/31,9.691,-1.15,-1.39,1.77,13.22,,4.03,0.04,1.14,-,432百萬,,
M&G收益優化基金A-H(美元避險),MMG42-BLUPC017,美元,債券型,2018/09/07,RR3,無,2026/07/30,12.4901,-0.3,-0.87,1.73,15.04,,5,0.04,1.3,-,7921百萬,,
安聯投資級公司債基金-AMf2固定月配類股(美元) - (配現金)(基金之配息來源可能為本金),TLZP2-BCUAL081,美元,固定收益,2024/04/15,RR2,月配,2026/07/31,93.51,-1.01,-1.38,1.73,-,,4.04,0.04,1.11,-,681百萬,,
安聯投資級公司債基金-AMf2固定月配類股(美元) - (配股數)(基金之配息來源可能為本金),TLZP2-BNUAL085,美元,固定收益,2024/04/15,RR2,月配,2026/07/31,93.51,-1.01,-1.38,1.73,-,,4.04,0.04,1.11,-,681百萬,,
瑞聯UBAM美國優質中期公司債券基金美元 RC(基金之配息來源可能為本金),UBP07-BNUUB001,美元,債券型,2003/06/03,RR2,無,2026/07/29,205.5,-0.3,-0.86,1.66,14.07,,3.4,0.04,0.83,-,411百萬,,
貝萊德環球企業債券基金A10美元(總報酬穩定配息) - (配現金)(基金之配息來源可能為本金),SHZX1-BCUML038,美元,公司債券,2023/11/15,RR2,月配,2026/07/31,9.89,-1.06,-1.29,1.65,-,,4.01,0.04,1.1,-,"1,488百萬",,
原康健人壽標的＿施羅德環球基金系列－環球企業債券（現金配息）（澳幣避險）(基金之配息來源可能為本金),PYZI5-CRAB0,澳幣,債券型,2010/08/25,RR2,月配,2026/07/30,101.7259,-0.24,-0.74,1.65,11.85,,3.83,0.04,1.01,-,"2,305百萬",,
摩根基金－新興市場企業債券基金 - JPM 新興市場企業債券(澳幣對沖)－A股(利率入息) - (配現金)(本基金有相當比重投資於非投資等級之高風險債券且配息來源可能為本金),JFZB4-BCAJF003,澳幣,固定收益,2013/07/17,RR3,月配,2026/07/30,7.1,-0.98,-2.2,1.54,15.29,,3.9,0.03,0.86,-,564百萬,,
聯博-美國收益基金 AT股美元 - (配現金)(本基金有相當比重投資於非投資等級之高風險債券且配息來源可能為本金),ALZ59-BCUAB002,美元,債券型,2002/09/16,RR3,月配,2026/07/31,6.16,-1.35,-1.67,1.54,14.5,,3.97,0.03,1.04,-,"20,055百萬",,
聯博-美國收益基金 AT股美元 - (配股數)(本基金有相當比重投資於非投資等級之高風險債券且配息來源可能為本金),ALZ59-BNUAB002,美元,債券型,2002/09/16,RR3,月配,2026/07/31,6.16,-1.35,-1.67,1.54,14.5,,3.97,0.03,1.04,-,"20,055百萬",,
原康健人壽標的＿聯博－美國收益基金AT（現金配息）(本基金有相當比重投資於非投資等級之高風險債券且配息來源可能為本金),ALZ59-CUUB1,美元,債券型,2002/09/16,RR3,月配,2026/07/31,6.16,-1.35,-1.67,1.54,14.5,,3.97,0.03,1.04,-,"20,055百萬",,
原康健人壽標的＿聯博－美國收益基金AT（單位數配息）(本基金有相當比重投資於非投資等級之高風險債券且配息來源可能為本金),ALZ59-CUUB5,美元,債券型,2002/09/16,RR3,月配,2026/07/31,6.16,-1.35,-1.67,1.54,14.5,,3.97,0.03,1.04,-,"20,055百萬",,
先機中國基金L類累積(美元),SGH01-EQUCG001,美元,股票型,1998/05/05,RR5,無,2026/07/30,63.8375,-1.87,-10.09,1.54,30.04,,21.46,0.03,0.67,-,29百萬,,
高盛基金III - 高盛投資級公司債基金X股對沖級別澳幣(月配息) - (配現金)(本基金之配息來源可能為本金),ANZC8-BCAIG003,澳幣,債券型,2012/08/22,RR2,月配,2026/07/30,197.09,-0.68,-1.37,1.53,9.99,,4.16,0.03,1.17,-,3581百萬,,
原康健人壽標的＿高盛基金III - 高盛投資級公司債基金（現金配息）（澳幣對沖）(本基金之配息來源可能為本金),ANZC8-CCAB1,澳幣,債券型,2012/08/22,RR2,月配,2026/07/30,197.09,-0.68,-1.37,1.53,9.99,,4.16,0.03,1.17,-,3581百萬,,
安聯綠色債券基金-AT累積類股(美元避險),TLZE7-BLUAL057,美元,債券型,2018/11/02,RR2,無,2026/07/31,10.6578,0.8,-0.28,1.53,13.24,,3.74,0.03,0.93,-,403百萬,,
PIMCO全球債券基金-E級類別(收息股份) - (配現金)(基金之配息來源可能為本金),PIM36-BCUAL004,美元,債券型,2005/10/28,RR2,季配,2026/07/31,13.31,0.06,-1.51,1.52,12.28,,4.4,0.02,1.19,-,17800百萬,,
PIMCO全球債券基金-E級類別(收息股份) - (配股數)(基金之配息來源可能為本金),PIM36-BNUAL004,美元,債券型,2005/10/28,RR2,季配,2026/07/31,13.31,0.06,-1.51,1.52,12.28,,4.4,0.02,1.19,-,17800百萬,,
原康健人壽標的＿景順中國新世代基金,CTH02-CIUSC,美元,股票型,1995/10/26,RR5,年配,2026/07/31,57.62,-3.06,-12.8,1.52,11.72,,21.21,0.03,0.51,-,204百萬,,
景順中國新世代基金A-年配息股 美元,CTH02-EQUIV006,美元,股票型,1995/10/26,RR5,年配,2026/07/31,57.62,-3.06,-12.8,1.52,11.72,,21.21,0.03,0.51,-,204百萬,,
安聯綠色債券基金-AMf固定月配類股(美元避險) - (配現金)(基金之配息來源可能為本金),TLZK0-BCUAL058,美元,債券型,2021/02/16,RR2,月配,2026/07/31,6.972,0.78,-0.3,1.51,13.13,,3.74,0.03,0.93,-,403百萬,,
施羅德環球基金系列－瑞士中小型股票(瑞士法郎)A1-累積,PYZC5-EQCSC014,瑞郎,中小型股,2002/06/28,RR4,無,2026/07/30,53.5446,6.07,4.33,1.48,9.99,,13.95,0.02,0.71,-,123百萬,,
紐約梅隆美國市政基礎建設債券投資基金-歐元H避險配息 - (配現金)(基金之配息來源可能為本金),MLZ28-BCETC007,歐元,市政債券,2017/04/19,RR2,半年配,2026/07/29,0.6918,-0.65,-1.3,1.42,4.85,,5.37,0.02,1.62,-,544百萬,,
紐約梅隆美國市政基礎建設債券投資基金-歐元H避險累積,MLZ27-BLETC006,歐元,市政債券,2017/04/19,RR2,無,2026/07/29,0.9792,-0.66,-1.33,1.4,4.85,,5.37,0.02,1.61,-,544百萬,,
高盛基金III - 高盛環球非投資等級債券基金X股對沖級別歐元(本基金之配息來源可能為本金且本基金主要投資於符合美國Rule 144A 規定之私募性質債券),ANZ43-BNEIG037,歐元,非投資等級債券,2001/05/18,RR3,無,2026/07/30,541.37,0.04,-0.28,1.39,14.29,,3.36,0.02,0.94,-,1533百萬,,
聯博-美國收益基金AA(穩定月配)級別美元 - (配現金)(本基金有相當比重投資於非投資等級之高風險債券且配息來源可能為本金),ALB62-BCUAB009,美元,債券型,2014/01/09,RR3,月配,2026/07/31,8.81,-1.45,-1.75,1.36,14.45,,3.88,0.01,1.02,-,"20,055百萬",,
聯博-美國收益基金AA(穩定月配)級別美元 - (配股數)(本基金有相當比重投資於非投資等級之高風險債券且配息來源可能為本金),ALB62-BNUAB009,美元,債券型,2014/01/09,RR3,月配,2026/07/31,8.81,-1.45,-1.75,1.36,14.45,,3.88,0.01,1.02,-,"20,055百萬",,
原康健人壽標的＿聯博－美國收益基金AA（現金配息）(本基金有相當比重投資於非投資等級之高風險債券且配息來源可能為本金),ALB62-CUUB9,美元,債券型,2014/01/09,RR3,月配,2026/07/31,8.81,-1.45,-1.75,1.36,14.45,,3.88,0.01,1.02,-,"20,055百萬",,
高盛基金III - 高盛環球非投資等級債券基金X股對沖級別歐元(月配息) - (配現金)(本基金之配息來源可能為本金且本基金主要投資於符合美國Rule 144A 規定之私募性質債券),ANZ79-BCEIG001,歐元,非投資等級債券,2009/10/22,RR3,月配,2026/07/30,364.71,0,-0.37,1.31,14.58,,3.36,0.01,0.95,-,1533百萬,,
原康健人壽標的＿聯博－永續主題基金(本基金之配息來源可能為本金),ALH13-CUUS0,美元,股票型,1996/08/01,RR4,無,2026/07/31,44.25,0.75,0.84,1.3,13.2,,13.87,0.02,0.94,-,"1,289百萬",,
聯博-永續主題基金A股美元(基金之配息來源可能為本金),ALH13-EQUAB006,美元,股票型,1996/08/01,RR4,無,2026/07/31,44.25,0.75,0.84,1.3,13.2,,13.87,0.02,0.94,-,"1,289百萬",,
瀚亞投資-優質公司債基金(Adm)- (配現金)(本基金配息來源可能為本金),IOF32-BCUPC006,美元,公司債券,2007/11/30,RR2,月配,2026/07/31,9.104,-1.32,-1.61,1.3,10.88,,4.1,0.01,1.18,-,"2,844百萬",,
聯博-全球成長趨勢基金 A股美元(基金之配息來源可能為本金),ALBI3-EQUAB005,美元,股票型,2016/10/28,RR3,無,2026/07/31,129.72,0.76,0.85,1.3,13.2,,13.88,0.02,0.94,-,"1,289百萬",,
瀚亞投資-優質公司債基金Admc1(美元穩定月配) - (配現金)(本基金配息來源可能為本金),IOF39-BCUPC043,美元,公司債券,2013/01/02,RR2,月配,2026/07/31,6.901,-1.33,-1.62,1.29,10.87,,4.11,0.01,1.18,-,"2,844百萬",,
瀚亞投資-優質公司債基金Admc1(美元穩定月配) - (配股數)(本基金配息來源可能為本金),IOF39-EQUPC050,美元,公司債券,2013/01/02,RR2,月配,2026/07/31,6.901,-1.33,-1.62,1.29,10.87,,4.11,0.01,1.18,-,"2,844百萬",,
聯博-美國收益基金AT股澳幣避險 - (配現金)(本基金有相當比重投資於非投資等級之高風險債券且配息來源可能為本金),ALZW5-BCAAB002,澳幣,債券型,2010/07/30,RR3,月配,2026/07/31,10,-1.17,-1.61,1.28,11.69,,3.89,0.01,1.03,-,"20,055百萬",,
聯博-美國收益基金AT股澳幣避險 - (配股數)(本基金有相當比重投資於非投資等級之高風險債券且配息來源可能為本金),ALZW5-BNAAB002,澳幣,債券型,2010/07/30,RR3,月配,2026/07/31,10,-1.17,-1.61,1.28,11.69,,3.89,0.01,1.03,-,"20,055百萬",,
原康健人壽標的＿聯博－美國收益基金AT（現金配息）（澳幣避險）(本基金有相當比重投資於非投資等級之高風險債券且配息來源可能為本金),ALZW5-CUAB0,澳幣,債券型,2010/07/30,RR3,月配,2026/07/31,10,-1.17,-1.61,1.28,11.69,,3.89,0.01,1.03,-,"20,055百萬",,
原康健人壽標的＿聯博－美國收益基金（單位數配息）（澳幣避險）(本基金有相當比重投資於非投資等級之高風險債券且配息來源可能為本金),ALZW5-CUAB2,澳幣,債券型,2010/07/30,RR3,月配,2026/07/31,10,-1.17,-1.61,1.28,11.69,,3.89,0.01,1.03,-,"20,055百萬",,
安聯水資源基金-AT累積類股(美元)(本基金非屬環境、社會及治理(ESG)相關主題基金,TLZL6-EQUAL065,美元,股票型,2019/12/18,RR4,無,2026/07/31,14.1483,-0.81,-3.26,1.26,15.4,,16.45,0.02,0.7,-,680百萬,,
M&G收益優化基金A(美元避險月配) - (配現金)(本基金配息來源可能為本金),MMG43-BGUPC015,美元,債券型,2018/09/07,RR3,月配,2026/07/30,9.4652,-0.77,-1.33,1.25,14.56,,5.26,0.01,1.36,-,7921百萬,,
美盛凱利美國大型公司成長基金A類股美元累積型,CLB07-EQUMS013,美元,股票型,2007/04/20,RR4,無,2026/07/31,646.89,1.08,1.36,1.17,42.98,,15.44,0.02,1.11,-,1348百萬,,
聯博-美國收益基金AA(穩定月配)澳幣避險級別 - (配現金)(本基金有相當比重投資於非投資等級之高風險債券且配息來源可能為本金),ALB63-BCAAB008,澳幣,債券型,2014/01/14,RR3,月配,2026/07/31,8.3,-1.34,-1.75,1.17,11.58,,3.84,0,1.01,-,"20,055百萬",,
聯博-美國收益基金AA(穩定月配)澳幣避險級別 - (配股數)(本基金有相當比重投資於非投資等級之高風險債券且配息來源可能為本金),ALB63-BNAAB008,澳幣,債券型,2014/01/14,RR3,月配,2026/07/31,8.3,-1.34,-1.75,1.17,11.58,,3.84,0,1.01,-,"20,055百萬",,
原康健人壽標的＿聯博－美國收益基金AA（現金配息）（澳幣避險）(本基金有相當比重投資於非投資等級之高風險債券且配息來源可能為本金),ALB63-CUAB5,澳幣,債券型,2014/01/14,RR3,月配,2026/07/31,8.3,-1.34,-1.75,1.17,11.58,,3.84,0,1.01,-,"20,055百萬",,
原康健人壽標的＿聯博－全球靈活收益基金（現金配息）(本基金之配息來源可能為本金),ALBJ2-CUUBA,美元,債券型,2012/02/03,RR2,月配,2026/07/31,15.25,-0.21,-0.59,1.09,9.59,,3.56,-0.01,0.96,-,"1,137百萬",,
瀚亞投資-美國特優級債券基金(Adm)- (配現金)(本基金配息來源可能為本金),IOF13-BCUPC005,美元,公司債券,2009/06/01,RR2,月配,2026/07/31,9.463,-1.52,-1.74,1.08,9.55,,4.38,0,1.23,-,234百萬,,
瀚亞投資─優質公司債基金Aadm(澳幣避險月配) - (配現金)(本基金配息來源可能為本金),IOF38-BCAPC003,澳幣,公司債券,2012/06/18,RR2,月配,2026/07/31,7.787,-1.2,-1.51,0.98,8.15,,4.04,-0.01,1.16,-,"2,844百萬",,
原康健人壽標的＿瀚亞投資－優質公司債基金（現金配息）（澳幣避險）(本基金配息來源可能為本金),IOF38-CDAB1,澳幣,公司債券,2012/06/18,RR2,月配,2026/07/31,7.787,-1.2,-1.51,0.98,8.15,,4.04,-0.01,1.16,-,"2,844百萬",,
原康健人壽標的＿聯博－全球靈活收益基金（現金配息）（澳幣避險）(本基金之配息來源可能為本金),ALBJ5-CUAB6,澳幣,債券型,2012/08/08,RR2,月配,2026/07/31,14.4,-0.13,-0.48,0.95,7.04,,3.5,-0.02,0.94,-,"1,137百萬",,
摩根基金－美國基金 - JPM 美國(澳幣)－ A股(累計),JFZB6-EQAJF001,澳幣,股票型,2013/07/22,RR4,無,2026/07/30,59.83,3.4,3.48,0.94,45.08,,11.08,0.01,0.45,-,"7,860百萬",,
聯博-永續主題基金A股澳幣避險(基金之配息來源可能為本金),ALZY6-EQAAB002,澳幣,股票型,2010/06/08,RR4,無,2026/07/31,48.12,0.84,0.94,0.94,9.07,,13.9,0.01,0.94,-,"1,289百萬",,
PIMCO全球債券(美國除外)基金-E級類別(收息股份) - (配現金),PIM25-BCUAL003,美元,債券型,2008/04/30,RR2,季配,2026/07/31,15.46,0.55,-1.24,0.94,12.99,,4.21,-0.01,1.03,-,1000百萬,,
PIMCO全球債券(美國除外)基金-E級類別(收息股份) - (配股數),PIM25-BNUAL003,美元,債券型,2008/04/30,RR2,季配,2026/07/31,15.46,0.55,-1.24,0.94,12.99,,4.21,-0.01,1.03,-,1000百萬,,
M&G收益優化基金A(美元避險)F級別 - (配現金)(本基金配息來源可能為本金),MMG58-BGUPC036,美元,債券型,2020/03/02,RR3,月配,2026/07/30,82.3533,-1.14,-1.7,0.87,14.03,,5.49,-0.01,1.4,-,7921百萬,,
原康健人壽標的＿匯豐環球投資基金－環球債券（單位數配息）(本基金之配息來源可能為本金，本基金自110年5月2日起停止申購),HSZ07-CHUB1,美元,債券型,1989/08/01,RR2,年配,2026/07/30,11.709,-0.99,-2.15,0.85,7.12,,4.84,-0.02,1.07,-,48百萬,,
原康健人壽標的＿首源投資環球傘型基金－首域盈信東協全市值基金,FSZ07-CSUS0,美元,股票型,2002/10/18,RR5,無,2026/07/30,74.2542,3.09,-5.09,0.81,15.1,,12.53,0.01,0.23,-,34百萬,,
施羅德環球基金系列－中國優勢(美元)A1-累積,PYZJ2-EQUSC022,美元,股票型,2006/02/17,RR5,無,2026/07/30,368.4441,-5.48,-13.16,0.8,5.44,,20.59,0.02,0.33,-,897百萬,,
富達基金—歐洲動能基金 (A股歐元),FTZA1-EQEFD027,歐元,股票型,2001/01/15,RR4,年配,2026/07/31,81.03,6.93,4.57,0.75,1.29,,16.59,0.01,0.86,-,"1,239百萬",,
首源投資環球傘型基金-首源亞洲優質債券基金-第一類股月配息 - (配現金)(本基金之配息來源可能為本金),FSZ19-BCUCC007,美元,債券型,2013/07/10,RR3,月配,2026/07/30,7.9713,-1.26,-1.69,0.73,11.18,,4.17,-0.03,1.19,-,"1,128百萬",,
聯博-全球成長基金AXX級別美元,ALBJ0-EQUAB014,美元,股票型,2013/12/23,RR3,無,2026/07/31,38.82,3.33,-0.28,0.73,18.5,,16.06,0.01,1.04,-,139百萬,,
富達基金—美元債券基金 (A股美元) - (配股數),FTZ33-BNUFD002,美元,債券型,1990/11/12,RR2,半年配,2026/07/31,6.96,-1.42,-1.73,0.7,6.51,,4.01,-0.03,1.18,-,"3,752百萬",,
原康健人壽標的＿富達基金－美元債券基金,FTZ33-CFUB0,美元,債券型,1990/11/12,RR2,半年配,2026/07/31,6.96,-1.42,-1.73,0.7,6.51,,4.01,-0.03,1.18,-,"3,752百萬",,
富達基金—美元債券基金 (A股月配息美元) - (配現金),FTZ71-BCUFD003,美元,債券型,2003/06/09,RR2,月配,2026/07/31,10.97,-1.38,-1.69,0.69,8.27,,3.99,-0.03,1.18,-,"3,752百萬",,
富達基金—美元債券基金 (A股月配息美元) - (配股數),FTZ71-BNUFD005,美元,債券型,2003/06/09,RR2,月配,2026/07/31,10.97,-1.38,-1.69,0.69,8.27,,3.99,-0.03,1.18,-,"3,752百萬",,
原康健人壽標的＿富達基金－美元債券基金（現金配息）,FTZ71-CFUB4,美元,債券型,2003/06/09,RR2,月配,2026/07/31,10.97,-1.38,-1.69,0.69,8.27,,3.99,-0.03,1.18,-,"3,752百萬",,
施羅德環球基金系列－亞洲債券(美元)A1-累積(本基金有相當比重投資於非投資等級之高風險債券且基金之配息來源可能為本金),PYZ45-BNUSC001,美元,債券型,2002/05/31,RR3,無,2026/07/30,15.4396,-0.19,-0.93,0.62,9.96,,2.99,-0.05,0.75,-,140百萬,,
原康健人壽標的＿施羅德環球基金系列－亞洲債券(本基金有相當比重投資於非投資等級之高風險債券),PYZ45-CRUB0,美元,債券型,2002/05/31,RR3,無,2026/07/30,15.4396,-0.19,-0.93,0.62,9.96,,2.99,-0.05,0.75,-,140百萬,,
施羅德環球基金系列－亞洲債券(美元)A1-月配固定 - (配現金)(本基金有相當比重投資於非投資等級之高風險債券且基金之配息來源可能為本金),PYZ56-BNUSC011,美元,債券型,2003/01/03,RR3,月配,2026/07/30,4.4116,-0.19,-0.92,0.62,9.96,,2.99,-0.05,0.75,-,140百萬,,
原康健人壽標的＿富達基金－澳洲多元股票基金,FTZ14-CFAS0,澳幣,股票型,1991/12/06,RR4,年配,2026/07/31,99.47,1.42,-0.53,0.61,23.4,,9.12,-0.01,0.81,-,509百萬,,
富達基金—澳洲多元股票基金 (A股澳幣),FTZ14-EQAFD001,澳幣,股票型,1991/12/06,RR4,年配,2026/07/31,99.47,1.42,-0.53,0.61,23.4,,9.12,-0.01,0.81,-,509百萬,,
貝萊德環球政府債券基金 A3 美元 - (配現金),SHZ94-BCUML005,美元,市政債券,2003/09/01,RR2,月配,2026/07/31,19.26,-0.48,-1.55,0.57,8.46,,4.07,-0.04,1.44,-,818百萬,,
貝萊德環球政府債券基金 A3 美元 - (配股數),SHZ94-BNUML005,美元,市政債券,2003/09/01,RR2,月配,2026/07/31,19.26,-0.48,-1.55,0.57,8.46,,4.07,-0.04,1.44,-,818百萬,,
百達-精選品牌-R 美元,PIC09-ECUPA008,美元,非必需消費股,2007/01/23,RR4,無,2026/07/30,276.32,6.58,0.33,0.47,7.77,,17.79,0.01,0.58,-,1284百萬,,
原康健人壽標的＿百達－精選品牌－R美元,PIC09-CPUS4,美元,非必需消費股,2007/01/23,RR4,無,2026/07/30,276.32,6.58,0.33,0.47,7.77,,17.79,0.01,0.58,-,1284百萬,,
富達基金－全球優質債券基金 (A股C月配息日圓避險) - (配現金)(本基金有相當比重投資於非投資等級之高風險債券且配息來源可能為本金),FTZA52-BCJFD053,日圓,債券型,2024/08/28,RR2,月配,2026/07/31,878,0,-1.36,0.41,-,,3.85,-0.06,0.1,-,"4,396百萬",,
富達基金－全球優質債券基金 (A股C月配息日圓避險) - (配股數)(本基金有相當比重投資於非投資等級之高風險債券且配息來源可能為本金),FTZA52-BNJFD054,日圓,債券型,2024/08/28,RR2,月配,2026/07/31,878,0,-1.36,0.41,-,,3.85,-0.06,0.1,-,"4,396百萬",,
百達-智慧城市-R美元,PIC26-EQUPA002,美元,股票型,2010/05/12,RR3,無,2026/07/30,229.26,-0.68,2.94,0.35,19.16,,16.76,0.01,0.93,-,584百萬,,
聯博-歐洲收益基金 AT股歐元 - (配現金)(本基金有相當比重投資於非投資等級之高風險債券且配息來源可能為本金),ALZ87-BCEAB001,歐元,債券型,2003/10/09,RR3,月配,2026/07/31,5.72,0.34,-1.03,0.32,13.64,,4.4,-0.05,1.01,-,"1,138百萬",,
聯博-歐洲收益基金 AT股歐元 - (配股數)(本基金有相當比重投資於非投資等級之高風險債券且配息來源可能為本金),ALZ87-BNEAB001,歐元,債券型,2003/10/09,RR3,月配,2026/07/31,5.72,0.34,-1.03,0.32,13.64,,4.4,-0.05,1.01,-,"1,138百萬",,
原康健人壽標的＿聯博－歐洲收益基金AT（現金配息）(本基金有相當比重投資於非投資等級之高風險債券且配息來源可能為本金),ALZ87-CUEB0,歐元,債券型,2003/10/09,RR3,月配,2026/07/31,5.72,0.34,-1.03,0.32,13.64,,4.4,-0.05,1.01,-,"1,138百萬",,
原康健人壽標的＿聯博－歐洲收益基金AT（單位數配息）(本基金有相當比重投資於非投資等級之高風險債券且配息來源可能為本金),ALZ87-CUEB1,歐元,債券型,2003/10/09,RR3,月配,2026/07/31,5.72,0.34,-1.03,0.32,13.64,,4.4,-0.05,1.01,-,"1,138百萬",,
東方匯理基金中國股票 A 美元,PIZB0-EQUPI005,美元,股票型,2001/11/30,RR5,無,2026/07/31,15.73,-2.48,-11.18,0.25,5.22,,21.47,0.02,0.71,-,637百萬,,
瀚亞投資-中印股票基金,IOF24-EQUPC003,美元,股票型,2005/10/17,RR5,無,2026/07/31,34.089,2.23,-4.91,0.23,16.08,,15.52,0,0.57,-,556百萬,,
聯博-歐洲收益基金AA(穩定月配)級別歐元 - (配現金)(本基金有相當比重投資於非投資等級之高風險債券且配息來源可能為本金),ALB74-BCEAB002,歐元,債券型,2014/01/09,RR3,月配,2026/07/31,9.81,0.03,-1.23,0.17,13.4,,4.46,-0.06,1.03,-,"1,138百萬",,
聯博-歐洲收益基金AA(穩定月配)級別歐元 - (配股數)(本基金有相當比重投資於非投資等級之高風險債券且配息來源可能為本金),ALB74-BNEAB002,歐元,債券型,2014/01/09,RR3,月配,2026/07/31,9.81,0.03,-1.23,0.17,13.4,,4.46,-0.06,1.03,-,"1,138百萬",,
聯博-美國收益基金AT股紐幣避險 - (配股數)(本基金有相當比重投資於非投資等級之高風險債券且配息來源可能為本金),ALB14-BNNAB028,紐幣,債券型,2012/09/28,RR3,月配,2026/07/31,9.51,-1.42,-2.27,0.1,11.53,,3.84,-0.08,1.01,-,"20,055百萬",,
原康健人壽標的＿百達－精選品牌－R歐元,PIC05-CPES2,歐元,非必需消費股,2005/05/31,RR4,無,2026/07/30,239.79,8.13,3.63,-0.02,3.04,,15.68,0,0.32,-,1126百萬,,
摩根投資基金－策略總報酬基金 - JPM策略總報酬(歐元)- A股(累計)(本基金有相當比重投資於非投資等級之高風險債券),JFZE7-BLEJF001,歐元,平衡型,1998/10/23,RR3,無,2026/07/30,187.13,1.92,-4.48,-0.11,2.95,,8.94,-0.03,0.4,-,"1,335百萬",,
法巴永續優化波動全球股票基金/月配 (美元) - (配現金)(基金之配息來源可能為本金),FLFF8-ECUBN015,美元,股票型,2015/04/16,RR3,月配,2026/07/30,141.83,7.73,2.4,-0.15,20.22,,12.86,-0.01,0.47,-,290百萬,,
法巴永續優化波動全球股票基金 C (美元)(基金之配息來源可能為本金),FLF01-EQUBN013,美元,股票型,2013/05/17,RR3,無,2026/07/30,866.96,7.73,2.4,-0.16,20.21,,12.86,-0.01,0.47,-,290百萬,,
原康健人壽標的＿聯博－美國收益基金（現金配息）（加幣避險）(本基金有相當比重投資於非投資等級之高風險債券且配息來源可能為本金),ALB25-CUCB0,加幣,債券型,2011/04/15,RR3,月配,2026/07/31,10.03,-1.57,-2.32,-0.17,10.24,,3.84,-0.1,1.02,-,"20,055百萬",,
M&G收益優化基金A(歐元),MMG41-BLEPC016,歐元,債券型,2018/09/07,RR3,無,2026/07/30,10.6747,-0.72,-1.75,-0.28,8.8,,5.09,-0.08,1.32,-,7921百萬,,
原康健人壽標的＿富達基金－中國聚焦基金,FTH07-CFUS9,美元,股票型,2003/08/18,RR5,年配,2026/07/31,70.55,-3.83,-10.41,-0.32,9.17,,20.33,0.01,0.18,-,"1,983百萬",,
富達基金—中國聚焦基金 (A股美元),FTH07-EQUFD014,美元,股票型,2003/08/18,RR5,年配,2026/07/31,70.55,-3.83,-10.41,-0.32,9.17,,20.33,0.01,0.18,-,"1,983百萬",,
法巴永續優化波動全球股票基金 C (歐元)(基金之配息來源可能為本金),FLFE3-EQEBN014,歐元,股票型,2013/05/21,RR3,無,2026/07/30,125.39,9.86,5.89,-0.36,15.32,,9.91,-0.03,0.24,-,290百萬,,
原康健人壽標的＿富達基金－歐元公司債基金,FTZP9-CFEBA,歐元,公司債券,2009/06/12,RR2,無,2026/07/31,32.36,-0.34,-1.28,-0.52,11.55,,2.17,-0.23,0.56,-,276百萬,,
原康健人壽標的＿富達基金－歐元公司債基金（現金配息）,FTZQ1-CFEBB,歐元,公司債券,2011/04/06,RR2,月配,2026/07/31,10.91,-0.35,-1.29,-0.55,11.53,,2.09,-0.24,0.54,-,276百萬,,
原康健人壽標的＿富達基金－歐元公司債基金（單位數配息）,FTZQ1-CFEBC,歐元,公司債券,2011/04/06,RR2,月配,2026/07/31,10.91,-0.35,-1.29,-0.55,11.53,,2.09,-0.24,0.54,-,276百萬,,
景順環球消費趨勢基金A股 美元,ISZ04-EQUIV010,美元,非必需消費股,1994/10/03,RR4,無,2026/07/31,89.28,-4.61,-5.15,-0.77,41.89,,38.26,0.03,0.97,-,1980百萬,,
原康健人壽標的＿景順環球消費趨勢基金,ISZ04-CIUS7,美元,非必需消費股,1994/10/03,RR4,無,2026/07/31,89.28,-4.61,-5.15,-0.77,41.89,,38.26,0.03,0.97,-,1980百萬,,
原康健人壽標的＿安聯德國基金（現金配息）(本基金自110年11月01日起停止新申購),TLZ01-CAES2,歐元,股票型,1956/03/26,RR4,年配,2026/07/30,152.44,7.56,6.41,-0.78,23.52,,18.1,-0.01,0.81,-,"1,879百萬",,
富達基金—歐元債券基金 (A股歐元) - (配股數),FTZ34-BNEFD014,歐元,債券型,1990/10/01,RR2,年配,2026/07/31,12.24,-0.49,-1.92,-0.88,7.36,,2.91,-0.2,0.78,-,688百萬,,
原康健人壽標的＿富達基金－歐元債券基金,FTZ34-CFEB0,歐元,債券型,1990/10/01,RR2,年配,2026/07/31,12.24,-0.49,-1.92,-0.88,7.36,,2.91,-0.2,0.78,-,688百萬,,
富達基金—歐元債券基金 (A股月配息歐元) - (配現金),FTZ72-BCEFD002,歐元,債券型,2003/06/06,RR2,月配,2026/07/31,10.16,-0.62,-1.95,-0.97,7.23,,3.03,-0.21,0.82,-,688百萬,,
原康健人壽標的＿富達基金－歐元債券基金（現金配息）,FTZ72-CFEB2,歐元,債券型,2003/06/06,RR2,月配,2026/07/31,10.16,-0.62,-1.95,-0.97,7.23,,3.03,-0.21,0.82,-,688百萬,,
摩根士丹利環球機會基金A,MST27-EQUCC004,美元,股票型,2010/11/30,RR3,無,2026/07/31,161.5,6.31,0.67,-1.11,50.12,,19.72,-0.01,1.22,-,12700百萬,,
原康健人壽標的＿摩根士丹利環球機會基金,MST27-CSUS8,美元,股票型,2010/11/30,RR3,無,2026/07/31,161.5,6.31,0.67,-1.11,50.12,,19.72,-0.01,1.22,-,12700百萬,,
富蘭克林坦伯頓全球投資系列-亞洲債券基金美元A(acc)股(本基金之配息來源可能為本金),FLZA8-BNUFT011,美元,債券型,2005/10/25,RR3,無,2026/07/31,16.01,-0.12,-2.2,-1.23,-1.11,,6.79,-0.1,0.96,-,66百萬,,
富蘭克林坦伯頓全球投資系列-亞洲債券基金美元A(Mdis)股 - (配現金)(本基金之配息來源可能為本金),FLZ78-BCUFT013,美元,債券型,2005/10/25,RR3,月配,2026/07/31,6.99,-0.3,-2.32,-1.34,-1.25,,6.81,-0.1,0.97,-,66百萬,,
富蘭克林坦伯頓全球投資系列-亞洲債券基金美元A(Mdis)股 - (配股數)(本基金之配息來源可能為本金),FLZ78-BNUFT013,美元,債券型,2005/10/25,RR3,月配,2026/07/31,6.99,-0.3,-2.32,-1.34,-1.25,,6.81,-0.1,0.97,-,66百萬,,
原康健人壽標的＿富蘭克林坦伯頓全球投資系列－亞洲債券基金(本基金之配息來源可能為本金),FLZ78-CKUB4,美元,債券型,2005/10/25,RR3,月配,2026/07/31,6.99,-0.3,-2.32,-1.34,-1.25,,6.81,-0.1,0.97,-,66百萬,,
原康健人壽標的＿富蘭克林坦伯頓全球投資系列亞洲債券基金（現金配息）（澳幣避險）(本基金之配息來源可能為本金),FLZF4-CKAB1,澳幣,債券型,2013/02/26,RR3,月配,2026/07/31,4.86,-0.03,-1.95,-1.42,-3.31,,6.93,-0.1,0.93,-,66百萬,,
原康健人壽標的＿富蘭克林坦伯頓全球投資系列亞洲債券基金（單位數配息）（澳幣避險）(本基金之配息來源可能為本金),FLZF4-CKAB2,澳幣,債券型,2013/02/26,RR3,月配,2026/07/31,4.86,-0.03,-1.95,-1.42,-3.31,,6.93,-0.1,0.93,-,66百萬,,
安聯全球高成長股票基金-AT累積類股(美元),TLZK6-EQUAL062,美元,股票型,2020/07/10,RR4,無,2026/07/31,12.1369,-0.1,-2.54,-1.48,10.54,,22.18,-0.01,1.5,-,333百萬,,
貝萊德環球政府債券基金 C3 美元 - (配現金),SHZF1-BCUML004,美元,市政債券,2007/10/03,RR2,月配,2026/07/31,18.65,-0.9,-2.71,-1.95,0.32,,3.97,-0.23,1.4,-,818百萬,,
貝萊德環球政府債券基金 C3 美元 - (配股數),SHZF1-BNUML004,美元,市政債券,2007/10/03,RR2,月配,2026/07/31,18.65,-0.9,-2.71,-1.95,0.32,,3.97,-0.23,1.4,-,818百萬,,
百達-全球主題-R美元,PIC61-EQUPA015,美元,股票型,2019/03/27,RR3,無,2026/07/30,204.03,-1.04,-3.44,-2.17,19.09,,19.07,-0.03,1.06,-,507百萬,,
原康健人壽標的＿景順歐洲大陸小型企業基金（美元對沖）,CTZJ1-CIUSG,美元,中小型股,2014/10/08,RR4,無,2026/07/31,32.87,2.3,0,-2.41,33.78,,16.84,-0.04,1,-,223百萬,,
景順歐洲大陸小型企業基金A(美元對沖)股 美元,CTZJ1-EQUIV014,美元,中小型股,2014/10/08,RR4,無,2026/07/31,32.87,2.3,0,-2.41,33.78,,16.84,-0.04,1,-,223百萬,,
美盛西方資產亞洲機會債券基金A類股美元配息型(M) - (配現金)(基金之配息來源可能為本金),WEA30-BCUMS006,美元,債券型,2010/01/07,RR3,月配,2026/07/31,88.94,-0.64,-2.64,-2.51,6.1,,6.57,-0.16,1.12,-,102百萬,,
美盛西方資產亞洲機會債券基金A類股澳幣增益配息型(M)(避險) - (配現金)(基金之配息來源可能為本金),WEA36-BCAMS002,澳幣,債券型,2011/09/28,RR3,月配,2026/07/31,65.24,-0.54,-2.57,-2.77,3.69,,6.58,-0.17,1.11,-,102百萬,,
法盛盧米斯賽勒斯美國成長股票基金-R/A(USD),IAE56-EQUCB002,美元,股票型,2016/06/08,RR4,無,2026/07/29,371.53,-3.24,-6.77,-3.01,45.83,,20.84,-0.03,1.18,-,5050百萬,,
瀚亞投資-亞洲當地貨幣債券基金(Adm) - (配現金)(本基金有相當比重投資於非投資等級之高風險債券且配息來源可能為本金),IOF18-BCUPC002,美元,債券型,2009/06/01,RR3,月配,2026/07/31,7.671,-1.04,-4.52,-3.38,8.74,,7.43,-0.17,1.36,-,34百萬,,
富達基金—中國內需消費基金 (A股累計美元),FTZJ9-EQUFD031,美元,必需性消費股,2011/02/23,RR5,無,2026/07/31,15.24,-3.85,-9.72,-3.48,-5.69,,19.85,-0.04,0.5,-,"2,347百萬",,
施羅德環球基金系列－印度優勢(美元)A-累積,PYZO9-EQUSC026,美元,中小型股,2013/09/10,RR5,無,2026/07/30,291.8639,4.97,1.94,-3.57,17.31,,16.86,-0.06,0.92,-,223百萬,,
瀚亞投資─亞洲當地貨幣債券基金Aadm(澳幣避險月配) - (配現金)(本基金有相當比重投資於非投資等級之高風險債券且配息來源可能為本金),IOF36-BCAPC004,澳幣,債券型,2012/06/18,RR3,月配,2026/07/31,6.278,-0.98,-4.57,-3.81,5.7,,7.45,-0.19,1.35,-,34百萬,,
原康健人壽標的＿瀚亞投資－亞洲當地貨幣債券基金（現金配息）（澳幣避險）(本基金有相當比重投資於非投資等級之高風險債券且配息來源可能為本金，本基金自112年4月7日起暫停新申購),IOF36-CDAB0,澳幣,債券型,2012/06/18,RR3,月配,2026/07/31,6.278,-0.98,-4.57,-3.81,5.7,,7.45,-0.19,1.35,-,34百萬,,
原康健人壽標的＿景順歐洲大陸小型企業基金,CTZ30-CIUS0,美元,中小型股,1993/01/13,RR4,年配,2026/07/31,440.61,0.06,-4.79,-4.07,30.77,,21.13,-0.05,1.32,-,223百萬,,
景順歐洲大陸小型企業基金A-年配息股 美元,CTZ30-EQUIV002,美元,中小型股,1993/01/13,RR4,年配,2026/07/31,440.61,0.06,-4.79,-4.07,30.77,,21.13,-0.05,1.32,-,223百萬,,
原康健人壽標的＿百達林木資源－R美元,PIC30-CPUS6,美元,天然資源,2008/09/29,RR4,無,2026/07/30,192,4.98,-3.97,-4.41,-10.35,,14.69,-0.09,0,-,388百萬,,
百達-林木資源-R 美元,PIC30-EQUPA004,美元,天然資源,2008/09/29,RR4,無,2026/07/30,192,4.98,-3.97,-4.41,-10.35,,14.69,-0.09,0,-,388百萬,,
原康健人壽標的＿首源投資環球傘型基金－首源全球債券基金,FSZ03-CSUB1,美元,債券型,2000/06/22,RR2,無,2026/07/30,12.9591,-2.83,-4.97,-4.57,-7.21,,6.94,-0.24,1.76,-,17百萬,,
摩根士丹利歐洲機會基金 AH (美元避險),MST43-EQUCC009,美元,股票型,2016/04/08,RR4,無,2026/07/31,57.11,6.73,-1.96,-4.72,8.47,,14.08,-0.11,0.69,-,699百萬,,
原康健人壽標的＿百達林木資源－R歐元,PIC31-CPES5,歐元,天然資源,2008/09/29,RR4,無,2026/07/30,166.58,6.5,-0.81,-4.88,-14.29,,12.49,-0.13,0,-,340百萬,,
貝萊德印度基金 A2 美元,SHZH8-EQUML015,美元,股票型,2006/04/28,RR5,無,2026/07/31,50.87,4.37,-1.22,-5.08,3.6,,18.06,-0.08,1.26,-,352百萬,,
百達-水資源-HR美元,PIC18-EQUPA019,美元,股票型,2008/10/15,RR3,無,2026/07/30,627.14,-3.05,-4.1,-5.11,8.8,,15.09,-0.1,0.46,-,7217百萬,,
法巴消費創新股票基金C(美元)(基金之配息來源可能為本金),FLF85-EQUBN011,美元,非必需消費股,2004/12/01,RR4,無,2026/07/30,367.75,-0.18,-5.65,-5.37,13.89,,15.39,-0.11,0.76,-,396百萬,,
野村基金(愛爾蘭系列)-印度領先股票基金(T美元類股),NFI17-EQUIG022,美元,股票型,2018/10/03,RR5,無,2026/07/30,195.098,7.03,1.37,-5.47,20.4,,19.37,-0.08,1.05,-,1090百萬,,
原康健人壽標的＿百達－水資源－R美元,PIC02-CPUS0,美元,股票型,2006/05/26,RR3,無,2026/07/30,477.35,-4.82,-7.95,-6.4,8.53,,16.56,-0.11,0.66,-,7217百萬,,
聯博-聚焦美國股票基金A級別美元(基金之配息來源可能為本金),ALH38-EQUAB012,美元,股票型,2013/12/23,RR4,無,2026/07/31,46.27,0.61,-3.2,-6.45,14.99,,11.19,-0.19,0.61,-,241百萬,,
安本基金-印度債券基金 A 月配息 美元 - (配現金),ANZK32-BCUAD012,美元,債券型,2015/09/01,RR3,月配,2026/07/31,7.2273,2.16,-1.85,-6.58,-0.51,,8.94,-0.25,0.15,-,37百萬,,
安本基金-印度債券基金 A 月中配息 美元 - (配現金),ANZK35-BCUAD017,美元,債券型,2017/08/09,RR3,月配,2026/07/31,6.6844,2.16,-1.85,-6.58,-0.51,,8.94,-0.25,0.15,-,37百萬,,
宏利環球基金-印度股票基金AA股,MAM14-EQUMA005,美元,股票型,2006/11/30,RR5,年配,2026/07/30,3.301,3.35,-1.03,-6.66,20.57,,16.34,-0.12,0.89,-,351百萬,,
原康健人壽標的＿百達－水資源－R歐元,PIC01-CPES0,歐元,股票型,2000/03/01,RR3,無,2026/07/30,414.27,-3.43,-4.92,-6.86,3.76,,15.14,-0.14,0.46,-,6334百萬,,
景順印度股票基金A-年配息股 美元,CTZ62-EQUIV015,美元,股票型,2006/12/11,RR5,無,2026/07/31,113.2,8.33,1.73,-7.11,18.48,,20.4,-0.09,1.38,-,552百萬,,
瑞銀 (盧森堡) 中國精選股票基金 (美元),SBZ30-EQUBS001,美元,股票型,1996/11/15,RR5,無,2026/07/30,1282.07,-5.42,-12.23,-7.2,4.25,,15.83,-0.14,0.31,-,"2,764百萬",,
聯博-印度成長基金 A股美元,ALZP6-EQUAB004,美元,股票型,2009/06/15,RR5,無,2026/07/31,226.03,4.01,-3.83,-7.43,11.63,,18.07,-0.12,1.26,-,106百萬,,
原康健人壽標的＿匯豐環球投資基金－印度股票(本基金之配息來源可能為本金，本基金自110年5月2日起停止申購),HSZ06-CHUS2,美元,股票型,1996/02/29,RR5,年配,2026/07/30,289.583,1.87,-5.48,-8.25,16.12,,18.43,-0.13,1.02,-,"1,082百萬",,
原康健人壽標的＿富達基金－印度聚焦基金,FTZA8-CFUSA,美元,股票型,2004/08/23,RR5,年配,2026/07/31,75.49,4.31,-3.54,-8.31,11,,17.41,-0.14,1.21,-,"2,125百萬",,
富達基金—印度聚焦基金 (A股美元),FTZA8-EQUFD010,美元,股票型,2004/08/23,RR5,年配,2026/07/31,75.49,4.31,-3.54,-8.31,11,,17.41,-0.14,1.21,-,"2,125百萬",,
柏瑞環球基金-柏瑞印度股票基金A,AIZ49-EQUPB001,美元,股票型,2005/09/12,RR5,無,2026/07/30,83.9097,1.97,-5.69,-8.36,12.23,,16.87,-0.15,0.9,-,578百萬,,
安本基金-印度股票基金 A 累積 美元,ANH03-EQUAD005,美元,股票型,2006/03/24,RR5,無,2026/07/31,207.0584,6.47,-0.86,-8.74,9.92,,19.21,-0.13,1.32,-,427百萬,,
安聯寵物新經濟基金-AT累積類股(美元),TLZK8-EQUAL063,美元,股票型,2021/06/15,RR3,無,2026/07/31,6.9656,0.57,-6.68,-8.89,-13.82,,14.14,-0.2,0.34,-,115百萬,,
摩根士丹利環球遠見基金 A (美元),MST41-EQUCC008,美元,股票型,2013/01/31,RR3,無,2026/07/31,85.13,-1.15,-3.55,-9.22,58.35,,21.08,-0.12,1.03,-,558百萬,,
安聯寵物新經濟基金-AT累積類股(歐元),TLZK5-EQEAL064,歐元,股票型,2019/01/22,RR3,無,2026/07/31,123.5,1.91,-3.59,-9.51,-17.51,,12.7,-0.24,0.1,-,115百萬,,
原康健人壽標的＿富蘭克林坦伯頓全球投資系列－印度基金,FLZ79-CKUSA,美元,股票型,2005/10/25,RR5,無,2026/07/31,61.02,5.72,-2.82,-10.03,11.07,,18.1,-0.16,1.24,-,2288百萬,,
富蘭克林坦伯頓全球投資系列-印度基金美元A(acc)股,FLZ79-EQUFT012,美元,股票型,2005/10/25,RR5,無,2026/07/31,61.02,5.72,-2.82,-10.03,11.07,,18.1,-0.16,1.24,-,2288百萬,,
安盛環球基金-數位經濟基金A CAP美元,AXA37-EQUCG024,美元,資訊科技股,2017/10/24,RR4,無,2026/07/30,213.38,8.2,1.1,-10.7,18.79,,25.04,-0.11,0.67,-,323百萬,,
摩根士丹利美國增長基金 A,MST22-EQUCC005,美元,股票型,1997/02/03,RR4,無,2026/07/31,229.72,-1.23,-4.27,-12.44,53.73,,23.62,-0.15,1.33,-,2700百萬,,
原康健人壽標的＿摩根士丹利系列基金－摩根士丹利美國優勢基金,MST09-CSUS5,美元,股票型,2005/12/01,RR4,無,2026/07/31,150.88,0.82,-2.85,-12.73,40.38,,18.35,-0.21,0.88,-,3200百萬,,
摩根士丹利美國優勢基金 A (美元),MST09-EQUCC010,美元,股票型,2005/12/01,RR4,無,2026/07/31,150.88,0.82,-2.85,-12.73,40.38,,18.35,-0.21,0.88,-,3200百萬,,
原康健人壽標的＿富達基金－印尼基金,FTZ19-CFUS3,美元,股票型,1994/12/05,RR5,年配,2026/07/31,18.57,-6.4,-17.32,-12.89,-27.52,,18.37,-0.21,0.63,-,138百萬,,
原康健人壽標的＿富達基金－印尼基金(現金配息),FTZ19-CFUSF,美元,股票型,1994/12/05,RR5,年配,2026/07/31,18.57,-6.4,-17.32,-12.89,-27.52,,18.37,-0.21,0.63,-,138百萬,,
富達基金—印尼基金 (A股美元),FTZ19-EQUFD024,美元,股票型,1994/12/05,RR5,年配,2026/07/31,18.57,-6.4,-17.32,-12.89,-27.52,,18.37,-0.21,0.63,-,138百萬,,
原康健人壽標的＿摩根士丹利系列基金－摩根士丹利環球品牌基金,MST19-CSUS6,美元,股票型,2000/10/30,RR3,無,2026/07/31,204.62,1.34,-3.9,-12.92,1.77,,13.01,-0.32,0.54,-,10300百萬,,
摩根士丹利環球品牌基金 A,MST19-EQUCC003,美元,股票型,2000/10/30,RR3,無,2026/07/31,204.62,1.34,-3.9,-12.92,1.77,,13.01,-0.32,0.54,-,10300百萬,,
原康健人壽標的＿百達－長壽樂活（原名：百達－健康）－R美元(本基金非屬環境、社會及治理相關主題基金),PIC06-CPUS2,美元,健康護理股,2004/06/30,RR3,無,2026/07/30,253.4,10.4,-5.69,-13.13,-11.75,,17.23,-0.23,0.56,-,322百萬,,
百達-長壽樂活-R美元,PIC06-EQUPA007,美元,健康護理股,2004/06/30,RR3,無,2026/07/30,253.4,10.4,-5.69,-13.13,-11.75,,17.23,-0.23,0.56,-,322百萬,,
原康健人壽標的＿百達－長壽樂活（原名：百達－健康）－R歐元(本基金非屬環境、社會及治理相關主題基金),PIC07-CPES3,歐元,健康護理股,2006/06/14,RR3,無,2026/07/30,219.87,12.01,-2.59,-13.55,-15.63,,16.93,-0.25,0.45,-,283百萬,,
原康健人壽標的＿首源投資環球傘型基金－首域盈信印度次大陸基金(本基金於2012/01/01起，停止開放新申購),FSZ01-CSUS1,美元,股票型,1999/08/23,RR5,無,2026/07/30,159.4136,2.81,-5.23,-13.66,9.38,,20.74,-0.19,1.11,-,384百萬,,
首源投資環球傘型基金-首域盈信印度次大陸基金,FSZ01-EQUCC001,美元,股票型,1999/08/23,RR5,無,2026/07/30,159.4136,2.81,-5.23,-13.66,9.38,,20.74,-0.19,1.11,-,384百萬,,
摩根印度基金,JFZ14-EQUJF007,美元,股票型,1989/11/23,RR5,無,2026/07/30,310.98,2.44,-6.18,-14.45,-2.88,,18.19,-0.24,0.99,-,483百萬,,
原康健人壽標的＿摩根印度基金,JFZ14-CBUS2,美元,股票型,1989/11/23,RR5,無,2026/07/30,310.98,2.44,-6.18,-14.45,-2.88,,18.19,-0.24,0.99,-,483百萬,,
原康健人壽標的＿瀚亞投資－印尼股票基金,IOF10-CDUS1,美元,股票型,2007/07/02,RR5,無,2026/07/31,9.287,-10.92,-23.68,-21.6,-39.14,,23.13,-0.28,0.82,-,77百萬,,
瀚亞投資-印尼股票基金,IOF10-EQUPC002,美元,股票型,2007/07/02,RR5,無,2026/07/31,9.287,-10.92,-23.68,-21.6,-39.14,,23.13,-0.28,0.82,-,77百萬,,
原康健人壽標的＿匯豐環球投資基金－俄羅斯股票(本基金之配息來源可能為本金，本基金自110年5月2日起停止申購),HSZ21-CHUS1,美元,股票型,2007/12/20,RR5,年配,2022/02/25,4.69,-42.16,-41.72,-32.3,-11.96,,38.92,-0.24,0.97,-,84百萬,,
原康健人壽標的＿百達俄羅斯股票－R歐元(本基金自111年2月28日起暫停申購),PIC53-CPES8,歐元,股票型,2008/01/11,RR5,無,2022/02/25,47.27,-44.22,-41.83,-32.64,-18.19,,39.65,-0.23,0.97,-,911百萬,,
百達-俄羅斯股票-R美元,PIC52-EQUPA011,美元,股票型,2008/01/11,RR5,無,2022/02/25,53.11,-44.14,-44.38,-38.17,-19.04,,40.2,-0.29,1,-,1019百萬,,
百達-俄羅斯股票-HR澳幣,PIC54-EQAPA012,澳幣,股票型,2018/06/28,RR5,無,2022/02/25,66.82,-44.78,-45.18,-39.47,-24.49,,40.53,-0.3,1.01,-,1442百萬,,
貝萊德新興歐洲基金 A2 歐元,SHZ33-EQEML011,歐元,股票型,1995/12/29,RR5,無,2022/02/28,53.6,-58.54,-59.46,-51.04,-46.47,,60.75,-0.21,1.36,-,269百萬,,
原康健人壽標的＿貝萊德全球系列基金－新興歐洲基金(本基金自111年2月28日起暫停申購),SHZ40-CLUS1,美元,股票型,1998/09/01,RR5,無,2022/02/28,60.16,-58.79,-61.34,-54.67,-47.22,,60.72,-0.25,1.62,-,269百萬,,
貝萊德新興歐洲基金 A2 美元,SHZ40-EQUML007,美元,股票型,1998/09/01,RR5,無,2022/02/28,60.16,-58.79,-61.34,-54.67,-47.22,,60.72,-0.25,1.62,-,269百萬,,
原康健人壽標的＿摩根基金－俄羅斯基金（現金配息）(本基金之配息來源可能為本金，本基金自111年3月1日起暫停申購),JFH44-CBUS5,美元,股票型,2005/11/18,RR5,年配,2025/03/24,0.0009,-,-,-,-99.99,,-,-,-,-,280百萬,,
施羅德環球基金系列－環球多元收益(美元)A-穩定月配 - (配現金)(本基金有相當比重投資於非投資等級之高風險債券且基金之配息來源可能為本金),PYZA67-BGUSC048,美元,平衡型,2025/11/19,RR3,月配,2026/07/30,100.2849,-0.12,0.3,-,-,,-,-,-,-,"1,804百萬",,
摩根基金－新興歐洲股票基金 - JPM新興歐洲股票(美元)- A股(累計),JFZ98-EQUJF023,美元,股票型,2011/06/10,RR5,無,2025/03/24,0.4679,-,-,-,-99.44,,-,-,-,-,4百萬,,
安聯全球多元投資風格股票基金-AMf2固定月配類股(美元) - (配現金)(基金之配息來源可能為本金),TLZS9-ECUAL091,美元,股票型,2025/11/03,RR3,月配,2026/07/31,106.27,6.27,7.95,-,-,,-,-,-,-,"5,737百萬",,
原康健人壽標的＿摩根基金－俄羅斯基金（單位數配息）(本基金之配息來源可能為本金，本基金自111年3月1日起暫停申購),JFH44-CBUSB,美元,股票型,2005/11/18,RR5,年配,2025/03/24,0.0009,-,-,-,-99.99,,-,-,-,-,280百萬,,
摩根亞洲股票高息基金-摩根亞洲股票高息(美元)(每月派息) - (配現金)(本基金有相當比重投資於非投資等級之高風險債券且配息來源可能為本金),JFZR0-ECUJF080,美元,股票型,2023/12/21,RR5,月配,2026/07/30,12.35,-0.53,-,-,-,,-,-,-,-,"3,419百萬",,
摩根基金－俄羅斯基金 - JPM 俄羅斯(美元)－ A股(分派)(本基金之配息來源可能為本金),JFH44-EQUJF015,美元,股票型,2005/11/18,RR5,年配,2025/03/24,0.0009,-,-,-,-99.99,,-,-,-,-,280百萬,,
安聯全球多元投資風格股票基金-AMf2固定月配類股(美元) - (配股數)(基金之配息來源可能為本金),TLZS9-EQUAL090,美元,股票型,2025/11/03,RR3,月配,2026/07/31,106.27,6.27,7.95,-,-,,-,-,-,-,"5,737百萬",,
施羅德環球基金系列－環球多元收益(日圓避險)A-穩定月配 - (配現金)(本基金有相當比重投資於非投資等級之高風險債券且基金之配息來源可能為本金),PYZA68-BGJSC046,日圓,平衡型,2025/11/19,RR3,月配,2026/07/30,9804.1263,-0.85,-1.17,-,-,,-,-,-,-,"1,804百萬",,
施羅德環球基金系列－環球多元收益(美元)A-穩定月配 - (配股數)(本基金有相當比重投資於非投資等級之高風險債券且基金之配息來源可能為本金),PYZA67-BSUSC047,美元,平衡型,2025/11/19,RR3,月配,2026/07/30,100.2849,-0.12,0.3,-,-,,-,-,-,-,"1,804百萬",,
施羅德環球基金系列－環球多元收益(日圓避險)A-穩定月配 - (配股數)(本基金有相當比重投資於非投資等級之高風險債券且基金之配息來源可能為本金),PYZA68-BSJSC045,日圓,平衡型,2025/11/19,RR3,月配,2026/07/30,9804.1263,-0.85,-1.17,-,-,,-,-,-,-,"1,804百萬",,
摩根亞洲股票高息基金-摩根亞洲股票高息(美元)(每月派息) - (配股數)(本基金有相當比重投資於非投資等級之高風險債券且配息來源可能為本金),JFZR0-EQUJF079,美元,股票型,2023/12/21,RR5,月配,2026/07/30,12.35,-0.53,-,-,-,,-,-,-,-,"3,419百萬",,
美洲金礦產業精選,XME~TBUSS005,美元,工業金屬,2006/06/19,RR5,季配,2026/07/30,15.1651,-14.49,-14.75,36.52,85.98,,32.18,0.3,0.42,-,"4,383百萬",,
美洲金礦產業精選( 3 ),XME~TCUSS005,美元,工業金屬,2006/06/19,RR5,季配,2026/07/30,27.8914,-14.53,-14.84,36.25,84.86,,32.18,0.3,0.42,-,"4,383百萬",,
SPDR S&P 金屬與採礦指數股票型基金,XME~TFUSS005,美元,工業金屬,2006/06/19,RR5,季配,2026/07/30,101.86,-14.21,-14.2,38.3,93.39,,32.18,0.3,0.42,-,"4,383百萬",,
全球股票精選,VT~TBUVG093,美元,股票型,2008/06/24,RR4,季配,2026/07/30,10.9377,2.48,6.19,-,-,,12.72,0.38,0.92,-,97000百萬,,
全球股票精選(3),VT~TCUVG093,美元,股票型,2008/06/24,RR4,季配,2026/07/30,10.9251,2.43,6.08,-,-,,12.72,0.38,0.92,-,97000百萬,,
Vanguard全世界股票指數股票型基金,VT~TFUVG093,美元,股票型,2008/06/24,RR4,季配,2026/07/30,155.45,2.81,6.88,-,-,,12.72,0.38,0.92,-,97000百萬,,
標普大型股產業精選(3),VOO~TCUVG087,美元,股票型,2010/09/07,RR4,季配,2026/07/30,12.3897,2.83,6.37,15.16,-,,13.26,0.32,0.99,-,1700000百萬,,
Vanguard標普500指數指數股票型基金,VOO~TFUVG087,美元,股票型,2010/09/07,RR4,季配,2026/07/30,681.79,3.21,7.16,16.9,-,,13.26,0.32,0.99,-,1700000百萬,,
美洲REITs精選( 3 ),VNQ~TCUVG001,美元,房地產,2004/09/23,-,季配,2023/04/10,24.1176,-2.51,6.07,-25.73,0.27,,13.6,0.24,0.98,-,71400百萬,,
Vanguard REIT 指數股票型基金,VNQ~TFUVG001,美元,房地產,2004/09/23,-,季配,2023/04/10,82.77,-2.15,6.88,-24.6,4.89,,13.6,0.24,0.98,-,71400百萬,,
越南股市精選( 3 ),VNM~TCUVE009,美元,股票型,2009/08/11,RR5,年配,2026/07/30,9.4992,-8.15,-9.59,6.75,12.11,,23,0.06,0.99,-,496百萬,,
VanEck Vectors 越南指數股票型基金,VNM~TFUVE009,美元,股票型,2009/08/11,RR5,年配,2026/07/30,17.37,-7.8,-8.91,8.36,17.29,,23,0.06,0.99,-,496百萬,,
美國必需性消費類精選,VDC~TBUVG095,美元,必需性消費股,2004/01/26,RR4,季配,2026/07/30,10.8709,-0.65,1.3,-,-,,15.58,0.11,0.27,-,9200百萬,,
美國必需性消費類精選(3),VDC~TCUVG095,美元,必需性消費股,2004/01/26,RR4,季配,2026/07/30,10.8583,-0.7,1.2,-,-,,15.58,0.11,0.27,-,9200百萬,,
Vanguard必需性消費類股指數股票型基金,VDC~TFUVG095,美元,必需性消費股,2004/01/26,RR4,季配,2026/07/30,231.37,-0.33,1.96,-,-,,15.58,0.11,0.27,-,9200百萬,,
二倍作多-美洲原物料產業精選( 3 ),UYM~TCUPS006,美元,槓桿商品,2007/01/30,-,季配,2026/07/30,69.6614,-1.69,5.21,25.15,14.82,,33.05,0.21,1.64,-,37百萬,,
ProShares 二倍道瓊美國原料指數股票型基金,UYM~TFUPS006,美元,槓桿商品,2007/01/30,-,季配,2026/07/30,30.4522,-1.32,5.99,27.04,20.13,,33.05,0.21,1.64,-,37百萬,,
二倍作多-美洲金融產業精選( 3 ),UYG~TCUPS008,美元,槓桿股票,2007/01/30,-,季配,2026/07/30,148.644,17.47,9.92,-1.34,85.86,,25.47,0.02,2.05,-,829百萬,,
ProShares 二倍道瓊美國金融股指數股票型基金,UYG~TFUPS008,美元,槓桿股票,2007/01/30,-,季配,2026/07/30,96,17.91,10.74,0.16,94.44,,25.47,0.02,2.05,-,829百萬,,
美元匯市精選( 3 ),UUP~TCUDB004,美元,槓桿股票,2007/02/20,-,年配,2022/12/23,8.7746,-8.06,-0.25,7.13,1.86,,5.62,0.03,-0.24,-,447百萬,,
PowerShares 德銀美元指數股票型基金,UUP~TFUDB004,美元,槓桿股票,2007/02/20,-,年配,2022/12/23,27.98,-7.72,0.5,8.74,6.55,,5.62,0.03,-0.24,-,447百萬,,
原油商品精選( 3 ),USO~TCUUS001,美元,能源,2006/04/10,-,無,2026/07/30,4.5159,-13.66,59.13,54.97,69.04,,67.1,0.27,0.97,-,"1,880百萬",,
美國石油指數股票型基金,USO~TFUUS001,美元,能源,2006/04/10,-,無,2026/07/30,127.48,-13.33,60.31,57.31,76.83,,67.1,0.27,0.97,-,"1,880百萬",,
二倍作多-美洲不動產產業精選( 3 ),URE~TCUPS009,美元,槓桿股票,2007/01/30,-,季配,2026/07/30,75.0877,2.59,16.57,9.94,18.29,,27.81,0.16,1.99,-,60百萬,,
ProShares 二倍道瓊美國地產指數股票型基金,URE~TFUPS009,美元,槓桿股票,2007/01/30,-,季配,2026/07/30,72.25,2.98,17.44,11.6,23.76,,27.81,0.16,1.99,-,60百萬,,
放空一倍-美元匯率精選( 3 ),UDN~TCUDB005,美元,反向其他,2007/02/20,-,年配,2016/01/08,7.8087,-3.61,-2.83,-8.87,-23.93,,5.8,-0.1,0.26,-,113百萬,,
PowerShares 德銀放空美元指數股票型基金,UDN~TFUDB005,美元,反向其他,2007/02/20,-,年配,2016/01/08,21.49,-3.24,-2.1,-7.49,-20.42,,5.8,-0.1,0.26,-,113百萬,,
土耳其股市精選( 3 ),TUR~TCUBC054,美元,股票型,2008/03/26,RR5,半年配,2026/07/30,5.7721,-11.56,-9.24,10.39,8.21,,26.67,0.13,0.94,-,209百萬,,
iShares MSCI 土耳其指數股票型基金,TUR~TFUBC054,美元,股票型,2008/03/26,RR5,半年配,2026/07/30,37.72,-11.23,-8.56,12.06,13.21,,26.67,0.13,0.94,-,209百萬,,
美國長期政府公債精選,TLT~TBUBC042,美元,債券型,2002/07/22,RR2,月配,2026/07/30,5.9661,-3.61,-5.58,-5.92,-20.23,,9.55,-0.14,1.01,-,"41,544百萬",,
美國長期政府公債精選( 3 ),TLT~TCUBC042,美元,債券型,2002/07/22,RR2,月配,2026/07/30,6.1906,-3.66,-5.67,-6.1,-20.71,,9.55,-0.14,1.01,-,"41,544百萬",,
iShares 20+年公債指數股票型基金,TLT~TFUBC042,美元,債券型,2002/07/22,RR2,月配,2026/07/30,82.8,-3.29,-4.97,-4.69,-17.04,,9.55,-0.14,1.01,-,"41,544百萬",,
美洲抗通膨公債精選,TIP~TBUBC015,美元,抗通膨債券,2003/12/04,RR2,月配,2026/07/30,7.8365,-3.74,-3.11,-3.19,-3.29,,3.03,-0.13,0.74,-,"14,603百萬",,
美洲抗通膨公債精選( 3 ),TIP~TCUBC015,美元,抗通膨債券,2003/12/04,RR2,月配,2026/07/30,8.2638,-3.78,-3.2,-3.38,-3.87,,3.03,-0.13,0.74,-,"14,603百萬",,
iShares 抗通膨指數債券指數股票型基金,TIP~TFUBC015,美元,抗通膨債券,2003/12/04,RR2,月配,2026/07/30,107.74,-3.42,-2.48,-1.92,0.57,,3.03,-0.13,0.74,-,"14,603百萬",,
泰國股市精選,THD~TBUBC059,美元,股票型,2008/03/26,RR5,半年配,2026/07/30,9.665,1.69,13.49,25.11,-0.81,,21.63,0.34,1.16,-,366百萬,,
泰國股市精選( 3 ),THD~TCUBC059,美元,股票型,2008/03/26,RR5,半年配,2026/07/30,13.679,1.64,13.37,24.86,-1.41,,21.63,0.34,1.16,-,366百萬,,
iShares MSCI 泰國指數股票型基金,THD~TFUBC059,美元,股票型,2008/03/26,RR5,半年配,2026/07/30,72.14,2.02,14.22,26.74,3.15,,21.63,0.34,1.16,-,366百萬,,
全球太陽能產業精選,TAN~TBUCA001,美元,新能源,2008/04/15,RR4,年配,2026/07/30,9.5973,-14.95,-8.04,30.98,-29.79,,43.46,0.23,0.98,-,1720百萬,,
全球太陽能產業精選( 3 ),TAN~TCUCA001,美元,新能源,2008/04/15,RR4,年配,2026/07/30,5.3855,-14.99,-8.13,30.72,-30.21,,43.46,0.23,0.98,-,1720百萬,,
Claymore/MAC 太陽能指數股票型基金,TAN~TFUCA001,美元,新能源,2008/04/15,RR4,年配,2026/07/30,49.84,-14.67,-7.45,32.69,-26.99,,43.46,0.23,0.98,-,1720百萬,,
歐洲藍籌股精選,STX50EEX@GR.WS~TBEID001,歐元,股票型,2000/12/27,RR4,季配,2026/07/30,11.7434,7.84,6.92,16.02,36.99,,13.33,0.4,0.82,-,"9,228百萬",,
歐洲藍籌股精選( 3 ),STX50EEX@GR.WS~TCEID001,歐元,股票型,2000/12/27,RR4,季配,2026/07/30,22.0162,7.79,6.82,15.79,36.16,,13.33,0.4,0.82,-,"9,228百萬",,
iShares 歐盟50指數股票型基金,STX50EEX@GR.WS~TFEID001,歐元,股票型,2000/12/27,RR4,季配,2026/07/30,64.6,8.19,7.61,17.54,42.45,,13.33,0.4,0.82,-,"9,228百萬",,
澳洲股市精選-澳幣( 3 ),STW@AX.WS~TCASS001,澳幣,股票型,2001/08/24,RR4,季配,2026/07/30,14.9496,2.52,0.01,0.26,14.65,,11.72,0.07,1.04,-,"6,495百萬",,
SPDR S&P/ASX200 FUND,STW@AX.WS~TFASS001,澳幣,股票型,2001/08/24,RR4,季配,2026/07/30,80.06,2.9,0.76,1.78,19.94,,11.72,0.07,1.04,-,"6,495百萬",,
二倍作多-美國藍籌股精選( 3 ),SSO~TCUPS014,美元,槓桿股票,2006/06/19,-,季配,2016/10/21,57.393,-2.2,4.51,10.77,45.67,,27.19,0.3,2.03,-,"7,809百萬",,
ProShares 二倍S&P 500指數股票型基金,SSO~TFUPS014,美元,槓桿股票,2006/06/19,-,季配,2016/10/21,69.3,-1.83,5.3,12.45,-23.81,,27.19,0.3,2.03,-,"7,809百萬",,
放空二倍-美洲不動產產業精選( 3 ),SRS~TCUPS003,美元,反向股票,2007/01/30,-,季配,2015/05/19,0.2229,4.43,-12.01,-26.16,-63.04,,27.05,-0.21,-1.94,-,15百萬,,
ProShares 二倍放空型道瓊美國房地產指數股票型基金,SRS~TFUPS003,美元,反向股票,2007/01/30,-,季配,2015/05/19,12.18,4.82,-11.35,-25.05,-61.33,,27.05,-0.21,-1.94,-,15百萬,,
美國中期政府公債精選,SPTI~TBUSS004,美元,債券型,2007/05/23,RR2,月配,2026/07/30,7.9342,-1.76,-3.02,-2.71,-3.97,,3.16,-0.16,0.69,-,"10,176百萬",,
美國中期政府公債精選( 3 ),SPTI~TCUSS004,美元,債券型,2007/05/23,RR2,月配,2026/07/30,7.4355,-1.8,-3.12,-2.9,-4.55,,3.16,-0.16,0.69,-,"10,176百萬",,
SPDR投資組合中期公債指數股票型基金,SPTI~TFUSS004,美元,債券型,2007/05/23,RR2,月配,2026/07/30,28.14,-1.44,-2.39,-1.44,-0.14,,3.16,-0.16,0.69,-,"10,176百萬",,
美洲半導體產業精選,SOXX~TBUBC052,美元,資訊科技股,2001/07/10,RR4,季配,2026/07/30,243.2139,8.99,44.76,100.86,173.05,,54.19,0.46,1,-,"44,687百萬",,
美洲半導體產業精選( 3 ),SOXX~TCUBC052,美元,資訊科技股,2001/07/10,RR4,季配,2026/07/30,253.2517,8.93,44.62,100.46,171.42,,54.19,0.46,1,-,"44,687百萬",,
iShares S&P 北美半導體指數股票型基金,SOXX~TFUBC052,美元,資訊科技股,2001/07/10,RR4,季配,2026/07/30,504.53,9.34,45.69,103.48,-5.36,,54.19,0.46,1,-,"44,687百萬",,
放空二倍-美洲原物料產業精選( 3 ),SMN~TCUPS002,美元,反向商品,2007/01/30,-,季配,2021/05/24,0.0461,-27.6,-40.67,-71.31,-76.21,,31.38,-0.26,-1.53,-,4百萬,,
ProShares 二倍放空型道瓊美國原物料股基金,SMN~TFUPS002,美元,反向商品,2007/01/30,-,季配,2021/05/24,6.38,-27.33,-40.23,-70.87,-75.11,,31.38,-0.26,-1.53,-,4百萬,,
VanEck美國半導體產業精選,SMH~TBUVE072,美元,資訊科技股,2011/12/20,RR4,年配,2026/07/30,22.9374,6.01,32.72,79.56,-,,44.23,0.45,0.81,-,68100百萬,,
VanEck美國半導體產業精選( 3 ),SMH~TCUVE072,美元,資訊科技股,2011/12/20,RR4,年配,2026/07/30,22.8309,5.96,32.58,79.2,-,,44.23,0.45,0.81,-,68100百萬,,
VanEck美國半導體指數股票型基金,SMH~TFUVE072,美元,資訊科技股,2011/12/20,RR4,年配,2026/07/30,538.9,6.35,33.57,81.9,-,,44.23,0.45,0.81,-,68100百萬,,
全球鋼鐵產業精選,SLX~TBUVE006,美元,鋼鐵,2006/10/10,RR5,年配,2026/07/30,16.96,2.58,12.49,50.75,47.97,,25.68,0.51,1.39,-,169百萬,,
全球鋼鐵產業精選( 3 ),SLX~TCUVE006,美元,鋼鐵,2006/10/10,RR5,年配,2026/07/30,14.56,2.53,12.38,50.45,47.08,,25.68,0.51,1.39,-,169百萬,,
VanEck Vectors 鋼鐵指數股票型基金,SLX~TFUVE006,美元,鋼鐵,2006/10/10,RR5,年配,2026/07/30,106.43,2.91,13.21,52.72,53.87,,25.68,0.51,1.39,-,169百萬,,
白銀商品精選( 3 ),SLV~TCUBC033,美元,貴重金屬,2006/04/21,-,無,2025/06/06,21.6202,9.69,14.86,12.87,53.41,,50.81,0.31,1,-,"28,081百萬",,
iShares 白銀指數股票型基金,SLV~TFUBC033,美元,貴重金屬,2006/04/21,-,無,2025/06/06,32.69,10.1,15.72,14.58,60.48,,50.81,0.31,1,-,"28,081百萬",,
美國雲端運算產業精選,SKYY~TBUFT075,美元,資訊科技股,2011/07/05,RR4,季配,2026/07/30,14.2136,17.52,16.79,10.55,-,,31.45,0.14,1,-,"2,720百萬",,
美國雲端運算產業精選(3),SKYY~TCUFT075,美元,資訊科技股,2011/07/05,RR4,季配,2026/07/30,14.1475,17.46,16.67,10.33,-,,31.45,0.14,1,-,"2,720百萬",,
First Trust雲端運算指數股票型基金,SKYY~TFUFT075,美元,資訊科技股,2011/07/05,RR4,季配,2026/07/30,140.03,17.9,17.54,12,-,,31.45,0.14,1,-,"2,720百萬",,
放空二倍-美洲金融產業精選( 3 ),SKF~TCUPS005,美元,反向股票,2007/01/30,-,季配,2014/11/05,0.4382,-17.4,-20.79,-33.3,-79.25,,23.9,-0.21,-2.04,-,10百萬,,
ProShares 二倍放空型道瓊美國金融股指數股票型基金,SKF~TFUPS005,美元,反向股票,2007/01/30,-,季配,2014/11/05,13.44,-17.09,-20.19,-32.29,-78.29,,23.9,-0.21,-2.04,-,10百萬,,
全球小型銀礦業精選,SILJ~TBUAI092,美元,貴重金屬,2012/11/28,RR5,年配,2026/07/30,8.9498,-15.18,-22.04,-,-,,59.79,0.32,1.01,-,"3,405百萬",,
全球小型銀礦業精選(3),SILJ~TCUAI092,美元,貴重金屬,2012/11/28,RR5,年配,2026/07/30,8.9395,-15.22,-22.12,-,-,,59.79,0.32,1.01,-,"3,405百萬",,
Amplify小型銀礦指數股票型基金,SILJ~TFUAI092,美元,貴重金屬,2012/11/28,RR5,年配,2026/07/30,24.95,-14.9,-21.54,-,-,,59.79,0.32,1.01,-,"3,405百萬",,
全球銀礦業產業精選(3),SIL~TCUGM088,美元,貴重金屬,2010/04/19,RR5,半年配,2026/07/30,15.532,-14.31,-19.8,56.57,-,,55.97,0.29,1.11,-,"4,207百萬",,
Global X銀礦業指數股票型基金,SIL~TFUGM088,美元,貴重金屬,2010/04/19,RR5,半年配,2026/07/30,76.19,-13.99,-19.2,58.93,-,,55.97,0.29,1.11,-,"4,207百萬",,
美國1-3年公債精選( 3 ),SHY~TCUBC070,美元,債券型,2002/07/22,RR2,月配,2026/07/30,8.2588,-0.94,-1.91,-2.1,-3.34,,1.11,-0.23,1.02,-,"25,081百萬",,
iShares短期美國公債指數股票型基金,SHY~TFUBC070,美元,債券型,2002/07/22,RR2,月配,2026/07/30,82.01,-0.57,-1.18,-0.62,1.12,,1.11,-0.23,1.02,-,"25,081百萬",,
美國短期政府公債精選,SHV~TBUBC021,美元,債券型,2007/01/05,RR2,月配,2026/07/30,7.9344,-0.34,-0.71,-1.32,-3.88,,0.17,-0.2,0.98,-,"20,699百萬",,
美國短期政府公債精選( 3 ),SHV~TCUBC021,美元,債券型,2007/01/05,RR2,月配,2026/07/30,7.7212,-0.39,-0.8,-1.52,-4.46,,0.17,-0.2,0.98,-,"20,699百萬",,
iShares 短期美國國庫券指數股票型基金,SHV~TFUBC021,美元,債券型,2007/01/05,RR2,月配,2026/07/30,110.37,-0.02,-0.06,-0.03,-0.05,,0.17,-0.2,0.98,-,"20,699百萬",,
澳洲大型股精選-澳幣( 3 ),SFY@AX.WS~TCASS002,澳幣,股票型,2001/08/24,RR4,季配,2026/07/30,14.2215,3.45,2.96,0.76,14.8,,12.13,0.08,1.07,-,710百萬,,
SPDR S&P/ASX50 FUND,SFY@AX.WS~TFASS002,澳幣,股票型,2001/08/24,RR4,季配,2026/07/30,78.71,3.84,3.73,2.29,20.09,,12.13,0.08,1.07,-,710百萬,,
全球海運產業精選( 3 ),SEA~TCUCA002,美元,工業類股,2022/01/19,-,年配,2010/04/29,12.6272,10.58,17.95,-,-,,18.76,0.49,0.05,-,18百萬,,
Claymore/Delta 航運業指數股票型基金,SEA~TFUCA002,美元,工業類股,2022/01/19,-,年配,2010/04/28,15.2933,9.79,24.23,-,-,,18.76,0.49,0.05,-,18百萬,,
放空二倍-美國藍籌股精選( 3 ),SDS~TCUPS011,美元,反向股票,2006/07/11,-,季配,2025/06/06,0.025,-14.27,-5.14,-27.34,-60.57,,24.23,-0.36,-1.81,-,418百萬,,
ProShares 二倍放空型S&P500指數股票型基金,SDS~TFUPS011,美元,反向股票,2006/07/11,-,季配,2025/06/06,17.9,-13.94,-4.43,-26.25,-58.76,,24.23,-0.36,-1.81,-,418百萬,,
全球稀土與戰略金屬產業精選,REMX~TBUVE096,美元,工業金屬,2010/10/27,RR4,年配,2026/07/30,8.9223,-37.18,-22.9,-,-,,53.23,0.22,0.66,-,1900百萬,,
全球稀土與戰略金屬產業精選(3),REMX~TCUVE096,美元,工業金屬,2010/10/27,RR4,年配,2026/07/30,8.912,-37.21,-22.97,-,-,,53.23,0.22,0.66,-,1900百萬,,
VanEck稀土與戰略金屬指數股票型基金,REMX~TFUVE096,美元,工業金屬,2010/10/27,RR4,年配,2026/07/30,66.45,-36.97,-22.4,-,-,,53.23,0.22,0.66,-,1900百萬,,
美洲科技精選,QQQ~TBUNY001,美元,股票型,1999/03/10,RR4,季配,2026/07/30,118.1485,2.04,9.21,18.79,71.42,,22.03,0.24,1,-,490100百萬,,
美洲科技精選( 3 ),QQQ~TCUNY001,美元,股票型,1999/03/10,RR4,季配,2026/07/30,163.6264,1.99,9.11,18.55,70.39,,22.03,0.24,1,-,490100百萬,,
Invesco 那斯達克100指數股票型基金,QQQ~TFUNY001,美元,股票型,1999/03/10,RR4,季配,2026/07/30,683.55,2.37,9.92,20.34,78.25,,22.03,0.24,1,-,490100百萬,,
二倍作多-美洲科技精選( 3 ),QLD~TCUPS016,美元,槓桿股票,2006/06/19,-,季配,2025/06/06,907.0744,11.87,-6.24,14.54,107.31,,45.98,0.23,2.09,-,"12,760百萬",,
PowerShares 二倍那斯達克100指數股票型基金,QLD~TFUPS016,美元,槓桿股票,2006/06/19,-,季配,2025/06/06,108.95,12.3,-5.53,16.28,116.86,,45.98,0.23,2.09,-,"12,760百萬",,
放空二倍-美洲科技精選( 3 ),QID~TCUPS013,美元,反向股票,2006/07/11,-,季配,2025/06/06,0.0032,-22.95,-12.5,-34.51,-76.45,,38.72,-0.27,-1.75,-,274百萬,,
ProShares 二倍放空型那斯達克100指數股票型基金,QID~TFUPS013,美元,反向股票,2006/07/11,-,季配,2025/06/06,27.68,-22.66,-11.85,-33.53,23.19,,38.72,-0.27,-1.75,-,274百萬,,
水資源精選,PHO~TBUIP001,美元,水資源,2005/12/06,RR4,季配,2026/07/30,34.6,1.52,-4.05,-1.8,16.23,,12.89,-0.07,0.99,-,2000百萬,,
全球水資源產業精選( 3 ),PHO~TCUIP001,美元,水資源,2005/12/06,RR4,季配,2026/07/30,42.317,1.47,-4.14,-1.99,15.53,,12.89,-0.07,0.99,-,2000百萬,,
PowerShares 水資源指數股票型基金,PHO~TFUIP001,美元,水資源,2005/12/06,RR4,季配,2026/07/30,69.98,1.85,-3.43,-0.51,20.86,,12.89,-0.07,0.99,-,2000百萬,,
美洲優先股精選,PFF~TBUBC056,美元,股票型,2007/03/26,RR4,月配,2026/07/30,6.8263,-3.52,-4.56,-3.6,-5.64,,7.19,-0.03,0.98,-,"13,153百萬",,
美洲優先股精選( 3 ),PFF~TCUBC056,美元,股票型,2007/03/26,RR4,月配,2026/07/30,6.5629,-3.57,-4.66,-3.8,-6.2,,7.19,-0.03,0.98,-,"13,153百萬",,
iShares S&P 美國優先股指數股票型基金,PFF~TFUBC056,美元,股票型,2007/03/26,RR4,月配,2026/07/30,30.44,-3.21,-3.94,-2.34,-1.87,,7.19,-0.03,0.98,-,"13,153百萬",,
美洲潔淨能源產業精選,PBW~TBUIP002,美元,新能源,2005/03/03,RR4,季配,2026/07/30,8.08,-16.41,-5.59,38.26,-27.05,,45.19,0.27,1.33,-,413百萬,,
美洲潔淨能源產業精選( 3 ),PBW~TCUIP002,美元,新能源,2005/03/03,RR4,季配,2026/07/30,6.0549,-16.45,-5.68,37.98,-27.49,,45.19,0.27,1.33,-,413百萬,,
PowerShares WilderHill 潔淨能源指數股票型基金,PBW~TFUIP002,美元,新能源,2005/03/03,RR4,季配,2026/07/30,32.06,-16.14,-4.98,40.06,-24.14,,45.19,0.27,1.33,-,413百萬,,
史丹普美國大型股精選,OEF~TBUBC020,美元,股票型,2000/10/23,RR4,季配,2026/07/30,42.4323,2.7,5.72,15.17,64.49,,15.49,0.27,1.13,-,"19,760百萬",,
iShares S&P 100指數股票型基金,OEF~TFUBC020,美元,股票型,2000/10/23,RR4,季配,2026/07/30,365.57,3.04,6.41,16.68,71.04,,15.49,0.27,1.13,-,"19,760百萬",,
全球核能產業精選,NLR~TBUVE002,美元,能源,2007/08/13,RR4,年配,2026/07/30,16.188,-26.01,-27.6,-7.73,73.82,,41.5,0,0.73,-,3800百萬,,
全球核能產業精選( 3 ),NLR~TCUVE002,美元,能源,2007/08/13,RR4,年配,2026/07/30,15.1792,-26.04,-27.67,-7.91,72.78,,41.5,0,0.73,-,3800百萬,,
VanEck Vectors 核能指數股票型基金,NLR~TFUVE002,美元,能源,2007/08/13,RR4,年配,2026/07/30,108.36,-25.77,-27.13,-6.52,80.75,,41.5,0,0.73,-,3800百萬,,
MSCI美國動能產業精選(3),MTUM~TCUBC079,美元,股票型,2013/04/16,RR4,季配,2026/07/30,14.0307,4.82,15.89,21.95,-,,27.74,0.23,2.01,-,"25,316百萬",,
iShares MSCI美國動能因子指數股票型基金,MTUM~TFUBC079,美元,股票型,2013/04/16,RR4,季配,2026/07/30,298.77,5.21,16.76,23.79,-,,27.74,0.23,2.01,-,"25,316百萬",,
全球農業產業精選,MOO~TBUVE003,美元,農產品,2007/08/31,RR4,年配,2026/07/30,13.8917,-0.72,3.33,13.07,-7.96,,14.89,0.23,0.42,-,975百萬,,
全球農業產業精選( 3 ),MOO~TCUVE003,美元,農產品,2007/08/31,RR4,年配,2026/07/30,22.2052,-0.77,3.23,12.85,-8.51,,14.89,0.23,0.42,-,975百萬,,
VanEck Vectors 農業企業指數股票型基金,MOO~TFUVE003,美元,農產品,2007/08/31,RR4,年配,2026/07/30,83.52,-0.39,4,14.55,-4.29,,14.89,0.23,0.42,-,975百萬,,
超大型成長股指數精選(3),MGK~TCUVG086,美元,股票型,2007/12/17,RR4,季配,2026/07/30,12.1722,1.26,4.41,10.54,-,,20.12,0.16,1,-,33300百萬,,
Vanguard超大型成長股指數股票型基金,MGK~TFUVG086,美元,股票型,2007/12/17,RR4,季配,2026/07/30,85.38,1.64,-78.96,-77.56,-,,20.12,0.16,1,-,33300百萬,,
美國MBS債券精選 ( 3 ),MBB~TCUBC048,美元,債券型,2007/03/13,RR2,月配,2026/07/30,6.7552,-1.94,-3.23,-1.32,-3.98,,3.58,0.02,1.01,-,"38,929百萬",,
iShares MBS債指數股票型基金,MBB~TFUBC048,美元,債券型,2007/03/13,RR2,月配,2026/07/30,93.29,-1.57,-2.51,0.17,0.45,,3.58,0.02,1.01,-,"38,929百萬",,
美洲公司債精選,LQD~TBUBC002,美元,公司債券,2002/07/22,RR3,月配,2026/07/30,7.9014,-2.56,-4.38,-3.71,-4.86,,4.42,-0.13,1.24,-,"33,046百萬",,
美洲公司債精選( 3 ),LQD~TCUBC002,美元,公司債券,2002/07/22,RR3,月配,2026/07/30,8.5351,-2.61,-4.48,-3.9,-5.43,,4.42,-0.13,1.24,-,"33,046百萬",,
iShares iBoxx 投資等級公司債指數股票型基金,LQD~TFUBC002,美元,公司債券,2002/07/22,RR3,月配,2026/07/30,106.41,-2.24,-3.76,-2.45,-1.06,,4.42,-0.13,1.24,-,"33,046百萬",,
全球煤礦產業精選 ( 3 ),KOLD~TCUVE005,美元,反向商品,2011/10/04,RR5,季配,2020/12/14,2.3517,21.84,28.9,-13.51,-42.25,,115.9,0.15,-0.91,-,97百萬,,
VanEck Vectors 煤碳指數股票型基金,KOLD~TFUVE005,美元,反向商品,2011/10/04,RR5,季配,2020/12/14,94.92,22.29,29.88,778.08,504.2,,115.9,0.15,-0.91,-,97百萬,,
摩根美國動能產業精選(3),JMOM~TCUJP078,美元,股票型,2017/11/08,RR4,季配,2026/07/30,13.4764,5.35,14.15,22.18,-,,16.87,0.35,1.37,-,"2,558百萬",,
JPMorgan美國動能因子指數股票型基金,JMOM~TFUJP078,美元,股票型,2017/11/08,RR4,季配,2026/07/30,80.58,5.75,15,24.03,-,,16.87,0.35,1.37,-,"2,558百萬",,
全球噴射機產業精選,JETS~TBUBC076,美元,股票型,2015/04/28,RR4,年配,2026/07/30,14.7408,24.22,12.62,30.02,-,,29.48,0.27,0.49,-,959百萬,,
全球噴射機產業精選(3),JETS~TCUBC076,美元,股票型,2015/04/28,RR4,年配,2026/07/30,14.6722,24.16,12.5,29.76,-,,29.48,0.27,0.49,-,959百萬,,
U.S.全球噴射機指數股票型基金,JETS~TFUBC076,美元,股票型,2015/04/28,RR4,年配,2026/07/30,31.68,24.63,13.35,31.73,-,,29.48,0.27,0.49,-,959百萬,,
美洲通訊產業精選,IYZ~TBUBC034,美元,電信股,2000/05/22,RR3,季配,2026/07/30,15.312,-4.62,11.94,33.75,74.73,,15.71,0.58,0.73,-,"1,190百萬",,
美洲通訊產業精選( 3 ),IYZ~TCUBC034,美元,電信股,2000/05/22,RR3,季配,2026/07/30,19.2845,-4.67,11.83,33.48,73.68,,15.71,0.58,0.73,-,"1,190百萬",,
iShares 道瓊美國電訊指數股票型基金,IYZ~TFUBC034,美元,電信股,2000/05/22,RR3,季配,2026/07/30,40.39,-4.31,12.66,35.49,81.69,,15.71,0.58,0.73,-,"1,190百萬",,
美洲不動產產業精選( 3 ),IYR~TCUBC011,美元,房地產,2000/06/12,-,季配,2022/09/22,24.5873,-4.1,-18.26,-20.16,-11.19,,13.55,0.2,0.97,-,"4,599百萬",,
iShares 道瓊美國房地產指數股票型基金,IYR~TFUBC011,美元,房地產,2000/06/12,-,季配,2022/09/22,86.94,-3.73,-17.64,-18.95,-7.09,,13.55,0.2,0.97,-,"4,599百萬",,
美洲原物料產業精選,IYM~TBUBC023,美元,原物料,2000/06/12,RR4,季配,2026/07/30,21.7991,-1.6,4.57,24.24,25.51,,18.86,0.33,0.96,-,"1,160百萬",,
美洲原物料產業精選( 3 ),IYM~TCUBC023,美元,原物料,2000/06/12,RR4,季配,2026/07/30,36.9452,-1.65,4.47,23.99,24.76,,18.86,0.33,0.96,-,"1,160百萬",,
iShares 道瓊美國原物料指數股票型基金,IYM~TFUBC023,美元,原物料,2000/06/12,RR4,季配,2026/07/30,179.22,-1.28,5.24,25.87,30.51,,18.86,0.33,0.96,-,"1,160百萬",,
美洲非景氣循環消費產業精選,IYK~TBUBC014,美元,必需性消費股,2000/06/12,RR4,季配,2026/07/30,28.167,4.63,4.74,7.22,5.87,,16.75,0.15,1.03,-,"1,415百萬",,
美洲非景氣循環消費產業精選( 3 ),IYK~TCUBC014,美元,必需性消費股,2000/06/12,RR4,季配,2026/07/30,40.4663,4.58,4.63,7,5.24,,16.75,0.15,1.03,-,"1,415百萬",,
iShares 美國消費品指數股票型基金,IYK~TFUBC014,美元,必需性消費股,2000/06/12,RR4,季配,2026/07/30,75.34,4.97,5.41,8.62,-63.3,,16.75,0.15,1.03,-,"1,415百萬",,
美洲工業產業精選( 3 ),IYJ~TCUBC030,美元,工業類股,2000/06/12,RR4,季配,2026/07/30,66.4888,2.54,5.29,10.66,43.46,,14.12,0.21,0.78,-,"1,943百萬",,
iShares 道瓊美國工業指數股票型基金,IYJ~TFUBC030,美元,工業類股,2000/06/12,RR4,季配,2026/07/30,163.24,2.92,6.08,12.33,50.08,,14.12,0.21,0.78,-,"1,943百萬",,
美洲健康醫療產業精選( 3 ),IYH~TCUBC028,美元,健康護理股,2000/06/12,RR4,季配,2026/07/30,53.859,11.88,5.14,20.33,15.62,,14.84,0.4,0.99,-,"3,563百萬",,
iShares 道瓊美國醫療保健指數股票型基金,IYH~TFUBC028,美元,健康護理股,2000/06/12,RR4,季配,2026/07/30,68.82,12.3,5.93,22.15,-75.81,,14.84,0.4,0.99,-,"3,563百萬",,
美洲金融產業精選,IYF~TBUBC027,美元,金融股,2000/05/22,RR4,季配,2026/07/30,46.9595,8.04,4.86,8.26,63.7,,12.11,0.19,1.03,-,"4,431百萬",,
美洲金融產業精選( 3 ),IYF~TCUBC027,美元,金融股,2000/05/22,RR4,季配,2026/07/30,57.5032,7.98,4.75,8.04,62.72,,12.11,0.19,1.03,-,"4,431百萬",,
iShares 道瓊美國金融指數股票型基金,IYF~TFUBC027,美元,金融股,2000/05/22,RR4,季配,2026/07/30,134.77,8.39,5.54,9.68,70.23,,12.11,0.19,1.03,-,"4,431百萬",,
美洲原油天然氣產業精選( 3 ),IYE~TCUBC026,美元,能源,2000/06/12,RR4,季配,2026/07/30,18.6002,-1.4,15.06,32.28,31.83,,22.97,0.41,0.97,-,"1,756百萬",,
iShares 道瓊美國能源指數股票型基金,IYE~TFUBC026,美元,能源,2000/06/12,RR4,季配,2026/07/30,62.56,-1.03,15.92,34.28,37.92,,22.97,0.41,0.97,-,"1,756百萬",,
美洲景氣循環消費產業精選( 3 ),IYC~TCUBC025,美元,非必需消費股,2000/06/12,RR4,季配,2026/07/30,73.0737,-3.51,-4.75,-2.32,31.3,,10.06,-0.05,0.54,-,"1,193百萬",,
iShares 道瓊美國景氣循環指數股票型基金,IYC~TFUBC025,美元,非必需消費股,2000/06/12,RR4,季配,2026/07/30,99.64,-3.15,-4.04,-0.85,37.36,,10.06,-0.05,0.54,-,"1,193百萬",,
iShares 羅素2000價值股指數股票型基金,IWN~TFUBC012,美元,股票型,2000/07/24,RR4,季配,2026/07/30,221.79,6.76,14.4,36.75,48.03,,13.38,0.67,1,-,"14,290百萬",,
羅素美國小型股精選,IWM~TBUBC004,美元,股票型,2000/05/22,RR4,季配,2026/07/30,30.571,4.92,11.96,30.36,43.24,,15.9,0.49,1,-,"80,105百萬",,
羅素美國小型股精選( 3 ),IWM~TCUBC004,美元,股票型,2000/05/22,RR4,季配,2026/07/30,49.8842,4.87,11.85,30.1,42.38,,15.9,0.49,1,-,"80,105百萬",,
iShares 羅素2000指數股票型基金,IWM~TFUBC004,美元,股票型,2000/05/22,RR4,季配,2026/07/30,292.59,5.26,12.69,32.06,48.95,,15.9,0.49,1,-,"80,105百萬",,
羅素美國大型股精選,IWB~TBUBC018,美元,股票型,2000/05/15,RR4,季配,2026/07/30,40.5686,2.97,6.54,14.94,55.09,,12.82,0.32,1,-,"48,279百萬",,
羅素美國大型股精選( 3 ),IWB~TCUBC018,美元,股票型,2000/05/15,RR4,季配,2026/07/30,68.7932,2.92,6.43,14.71,54.16,,12.82,0.32,1,-,"48,279百萬",,
iShares 美國羅素1000指數股票型基金,IWB~TFUBC018,美元,股票型,2000/05/15,RR4,季配,2026/07/30,405.8,3.3,7.22,16.45,61.27,,12.82,0.32,1,-,"48,279百萬",,
美國藍籌股精選-澳幣( 3 ),IVV@AX.WS~TCABC003,澳幣,股票型,2000/05/15,RR4,季配,2026/07/30,67.6737,5.11,5.67,5.95,47.35,,12.68,0.11,0.75,-,"14,281百萬",,
iShares S&P 500 Index Fund(ASX：IVV),IVV@AX.WS~TFABC003,澳幣,股票型,2000/05/15,RR4,季配,2026/07/30,70.2,5.5,6.46,7.55,54.15,,12.68,0.11,0.75,-,"14,281百萬",,
美國藍籌股精選,IVV~TBUBC003,美元,股票型,2000/05/15,RR4,季配,2026/07/30,40.4827,2.87,6.53,15.38,56.05,,13.27,0.32,0.99,-,"869,200百萬",,
美國藍籌股精選( 3 ),IVV~TCUBC003,美元,股票型,2000/05/15,RR4,季配,2026/07/30,68.8031,2.82,6.42,15.15,55.12,,13.27,0.32,0.99,-,"869,200百萬",,
iShares S&P 500指數股票型基金,IVV~TFUBC003,美元,股票型,2000/05/15,RR4,季配,2026/07/30,745.2,3.2,7.22,16.89,62.28,,13.27,0.32,0.99,-,"869,200百萬",,
美洲航空國防產業精選,ITA~TBUBC035,美元,工業類股,2006/05/01,RR4,季配,2026/07/30,68.525,8.6,1.82,18.33,95.85,,18.58,0.28,1,-,"14,096百萬",,
美洲航空國防產業精選( 3 ),ITA~TCUBC035,美元,工業類股,2006/05/01,RR4,季配,2026/07/30,99.603,8.55,1.72,18.1,94.68,,18.58,0.28,1,-,"14,096百萬",,
iShares 道瓊美國航空與國防指數股票型基金,ITA~TFUBC035,美元,工業類股,2006/05/01,RR4,季配,2026/07/30,238.13,8.95,2.47,19.88,103.65,,18.58,0.28,1,-,"14,096百萬",,
全球股市精選-澳幣( 3 ),IOO@AX.WS~TCABC002,澳幣,股票型,2000/12/05,RR4,半年配,2026/07/30,48.8494,4.38,6.34,12.18,61.5,,15.23,0.18,0.8,-,"5,711百萬",,
iShares Global 100 ETF(ASX：IOO),IOO@AX.WS~TFABC002,澳幣,股票型,2000/12/05,RR4,半年配,2026/07/30,194.3,4.77,7.13,13.87,68.96,,15.23,0.18,0.8,-,"5,711百萬",,
拉美股市精選,ILF~TBUBC036,美元,股票型,2001/10/25,RR5,半年配,2026/07/30,6.7116,-3.22,-0.59,39.36,20.73,,19.92,0.52,0.9,-,"3,842百萬",,
拉美股市精選( 3 ),ILF~TCUBC036,美元,股票型,2001/10/25,RR5,半年配,2026/07/30,9.7512,-3.27,-0.68,39.08,20.01,,19.92,0.52,0.9,-,"3,842百萬",,
iShares S&P 拉丁美洲40指數股票型基金,ILF~TFUBC036,美元,股票型,2001/10/25,RR5,半年配,2026/07/30,35.38,-2.91,0.06,41.18,25.55,,19.92,0.52,0.9,-,"3,842百萬",,
史丹普美國小型股精選,IJR~TBUBC019,美元,股票型,2000/05/22,RR4,季配,2026/07/30,35.2731,5.78,13.8,28.74,34.23,,14.72,0.52,0.76,-,"109,627百萬",,
iShares S&P 小型股指數股票型基金,IJR~TFUBC019,美元,股票型,2000/05/22,RR4,季配,2026/07/30,145.5,6.13,14.54,30.42,39.58,,14.72,0.52,0.76,-,"109,627百萬",,
美國中型股精選,IJH~TBUBC005,美元,股票型,2000/05/22,RR4,季配,2026/07/30,35.5987,3.21,9.02,16.67,33.58,,11.94,0.39,0.75,-,"122,394百萬",,
美國中型股精選( 3 ),IJH~TCUBC005,美元,股票型,2000/05/22,RR4,季配,2026/07/30,55.8753,3.16,8.92,16.44,32.78,,11.94,0.39,0.75,-,"122,394百萬",,
iShares S&P 中型股400指數股票型基金,IJH~TFUBC005,美元,股票型,2000/05/22,RR4,季配,2026/07/30,75.35,3.55,9.73,18.2,-72.22,,11.94,0.39,0.75,-,"122,394百萬",,
Markit iBoxx非投資等級債券精選( 3 ),IHYU@LN.WS~TCUBC063,美元,非投資等級債券,2011/09/13,RR4,半年配,2026/07/30,6.8488,-1.35,-2.64,-2.26,-0.57,,4.31,-0.01,1.33,-,"2,427百萬",,
iShares安碩Markit iBoxx$高收益債券,IHYU@LN.WS~TFUBC063,美元,非投資等級債券,2011/09/13,RR4,半年配,2026/07/30,94.52,-0.98,-1.91,-0.79,4.02,,4.31,-0.01,1.33,-,"2,427百萬",,
美洲製藥產業精選( 3 ),IHE~TCUBC053,美元,健康護理股,2006/05/01,RR4,季配,2026/07/30,42.3868,16.49,17.33,50,59.61,,15.81,0.79,1,-,"1,646百萬",,
iShares 道瓊美國製藥指數股票型基金,IHE~TFUBC053,美元,健康護理股,2006/05/01,RR4,季配,2026/07/30,102.46,16.92,18.2,52.27,-44.34,,15.81,0.79,1,-,"1,646百萬",,
美國科技軟體產業精選,IGV~TBUBC074,美元,資訊科技股,2001/07/10,RR4,半年配,2026/07/30,10.3763,10.84,2.66,-18.29,-,,33.97,-0.13,0.87,-,"13,296百萬",,
美國科技軟體產業精選(3),IGV~TCUBC074,美元,資訊科技股,2001/07/10,RR4,半年配,2026/07/30,10.3254,10.79,2.56,-18.45,-,,33.97,-0.13,0.87,-,"13,296百萬",,
iShares擴展科技軟體類股指數股票型基金,IGV~TFUBC074,美元,資訊科技股,2001/07/10,RR4,半年配,2026/07/30,93.31,11.2,3.32,-17.22,-,,33.97,-0.13,0.87,-,"13,296百萬",,
全球基礎建設產業精選( 3 ),IGF~TCUBC051,美元,公共事業股,2007/12/10,RR4,半年配,2026/07/30,15.0548,-2.6,3.25,11.57,34.83,,10.89,0.32,0.61,-,"10,930百萬",,
iShares S&P 全球基礎建設指數股票型基金,IGF~TFUBC051,美元,公共事業股,2007/12/10,RR4,半年配,2026/07/30,67,-2.23,4.02,13.25,41.05,,10.89,0.32,0.61,-,"10,930百萬",,
美洲自然資源產業精選,IGE~TBUBC013,美元,能源,2001/10/22,RR4,季配,2026/07/30,12.8125,-4.11,6.11,30.8,40.72,,20.14,0.42,0.35,-,747百萬,,
美洲自然資源產業精選( 3 ),IGE~TCUBC013,美元,能源,2001/10/22,RR4,季配,2026/07/30,19.1657,-4.16,6,30.54,39.88,,20.14,0.42,0.35,-,747百萬,,
iShares S&P 北美天然資源指數股票型基金,IGE~TFUBC013,美元,能源,2001/10/22,RR4,季配,2026/07/30,60.04,-3.8,6.79,32.51,46.33,,20.14,0.42,0.35,-,747百萬,,
美洲石油設備服務產業精選( 3 ),IEZ~TCUBC060,美元,能源,2006/05/01,RR4,季配,2026/07/30,4.2739,-16.05,5.72,45.81,10.38,,30.28,0.43,1,-,359百萬,,
iShares安碩道瓊美國石油設備與服務指數基金,IEZ~TFUBC060,美元,能源,2006/05/01,RR4,季配,2026/07/30,27.16,-15.73,6.51,48.01,15.48,,30.28,0.43,1,-,359百萬,,
歐洲股市精選,IEV~TBUBC006,美元,股票型,2000/07/25,RR4,半年配,2026/07/30,18.7616,3.75,3.36,17.96,38.32,,11.86,0.45,0.83,-,"1,668百萬",,
歐洲股市精選( 3 ),IEV~TCUBC006,美元,股票型,2000/07/25,RR4,半年配,2026/07/30,14.8977,3.7,3.26,17.73,37.49,,11.86,0.45,0.83,-,"1,668百萬",,
iShares S&P 歐洲350指數股票型基金,IEV~TFUBC006,美元,股票型,2000/07/25,RR4,半年配,2026/07/30,74.62,4.09,4.03,19.51,43.83,,11.86,0.45,0.83,-,"1,668百萬",,
摩根新興市場債精選( 3 ),IEMB@LN.WS~TCUBC062,美元,債券型,2008/02/15,RR3,月配,2026/07/30,6.1339,-1.9,-3.03,-0.36,0.97,,6.9,0.13,0.28,-,"4,101百萬",,
iShares安碩JPMorgan $ 新興市場債券,IEMB@LN.WS~TFUBC062,美元,債券型,2008/02/15,RR3,月配,2026/07/30,90.99,-1.54,-2.31,1.14,5.63,,6.9,0.13,0.28,-,"4,101百萬",,
新興市場精選-澳幣( 3 ),IEM@AX.WS~TCABC001,澳幣,股票型,2003/04/07,RR5,半年配,2026/07/30,15.1736,-0.93,1.07,14.95,36.45,,20.72,0.28,0.98,-,"1,810百萬",,
iShares MSCI Emerging Markets Index Fund(ASX：IEM),IEM@AX.WS~TFABC001,澳幣,股票型,2003/04/07,RR5,半年配,2026/07/30,88.42,-0.56,1.82,16.68,42.75,,20.72,0.28,0.98,-,"1,810百萬",,
美國3-7年公債精選( 3 ),IEI~TCUBC071,美元,債券型,2007/01/05,RR2,月配,2026/07/30,8.062,-1.71,-3,-2.85,-3.07,,2.81,-0.19,1,-,"17,718百萬",,
iShares 3-7年期美國公債指數股票型基金,IEI~TFUBC071,美元,債券型,2007/01/05,RR2,月配,2026/07/30,116.64,-1.34,-2.27,-1.39,1.41,,2.81,-0.19,1,-,"17,718百萬",,
美國7-10年公債精選( 3 ),IEF~TCUBC001,美元,債券型,2002/07/22,RR2,月配,2026/07/30,7.4661,-2.23,-3.57,-3.16,-6.82,,4.49,-0.13,1,-,"47,187百萬",,
iShares 7-10年公債指數股票型基金,IEF~TFUBC001,美元,債券型,2002/07/22,RR2,月配,2026/07/30,93.21,-1.86,-2.85,-1.7,-2.52,,4.49,-0.13,1,-,"47,187百萬",,
印尼股市精選,IDX~TBUVE007,美元,股票型,2009/01/15,RR5,年配,2026/07/30,3.1588,-16.7,-30.69,-29.79,-43.09,,27.46,-0.32,1.02,-,35百萬,,
印尼股市精選( 3 ),IDX~TCUVE007,美元,股票型,2009/01/15,RR5,年配,2026/07/30,4.2077,-16.74,-30.76,-29.93,-43.43,,27.46,-0.32,1.02,-,35百萬,,
VanEck Vectors 印尼指數股票型基金,IDX~TFUVE007,美元,股票型,2009/01/15,RR5,年配,2026/07/30,10.89,-16.42,-30.24,-28.87,-40.82,,27.46,-0.32,1.02,-,35百萬,,
全球股市UCITS精選,IDWR@LN.WS~TBUBC094,美元,股票型,2005/10/28,RR4,季配,2026/07/30,10.7063,2.87,5.48,-,-,,14.08,0.3,1.01,-,"9,266百萬",,
全球股市UCITS精選(3),IDWR@LN.WS~TCUBC094,美元,股票型,2005/10/28,RR4,季配,2026/07/30,10.6939,2.81,5.38,-,-,,14.08,0.3,1.01,-,"9,266百萬",,
iShares MSCI全球股市UCITS指數股票型基金(Dist),IDWR@LN.WS~TFUBC094,美元,股票型,2005/10/28,RR4,季配,2026/07/30,102.25,3.2,6.16,-,-,,14.08,0.3,1.01,-,"9,266百萬",,
美洲公用事業產業精選( 3 ),IDU~TCUBC031,美元,公共事業股,2000/06/12,RR3,季配,2026/07/30,28.7365,-4.75,2.23,2.34,29.89,,14.46,0.04,0.98,-,"1,460百萬",,
iShares 道瓊美國公共事業指數股票型基金,IDU~TFUBC031,美元,公共事業股,2000/06/12,RR3,季配,2026/07/30,113.1,-4.4,3,3.89,35.89,,14.46,0.04,0.98,-,"1,460百萬",,
2033年12月期公債指數精選(3),IBTO~TCUBC084,美元,債券型,2023/06/27,RR2,月配,2026/07/30,9.8391,-2.03,-3.43,-3.15,-,,4.13,-0.13,1.16,-,464百萬,,
iShares iBonds 2033年12月期公債指數股票型基金,IBTO~TFUBC084,美元,債券型,2023/06/27,RR2,月配,2026/07/30,23.845,-1.66,-2.71,-1.69,-,,4.13,-0.13,1.16,-,464百萬,,
2033年12月期公司債指數精選(3),IBDY~TCUBC085,美元,公司債券,2023/06/21,RR2,月配,2026/07/30,9.8718,-2.15,-3.77,-3.09,-,,3.34,-0.08,0.97,-,"1,105百萬",,
iShares iBonds 2033年12月期公司債券指數股票型基金,IBDY~TFUBC085,美元,公司債券,2023/06/21,RR2,月配,2026/07/30,25.38,-1.78,-3.06,-1.63,-,,3.34,-0.08,0.97,-,"1,105百萬",,
美洲生技產業精選,IBB~TBUBC046,美元,生物科技,2001/02/05,RR4,季配,2026/07/30,48.1083,12.24,9.46,40.25,40.67,,17.05,0.54,1.09,-,"9,213百萬",,
美洲生技產業精選( 3 ),IBB~TCUBC046,美元,生物科技,2001/02/05,RR4,季配,2026/07/30,69.6804,12.19,9.35,39.97,39.83,,17.05,0.54,1.09,-,"9,213百萬",,
iShares 那斯達克生技指數股票型基金,IBB~TFUBC046,美元,生物科技,2001/02/05,RR4,季配,2026/07/30,189.96,12.61,10.17,42.08,46.28,,17.05,0.54,1.09,-,"9,213百萬",,
黃金商品精選( 3 ),IAU~TCUBC010,美元,貴重金屬,2005/01/21,-,無,2026/07/30,34.2773,-11.33,-15.87,23.58,99.07,,26.67,0.22,0.99,-,"59,744百萬",,
iShares COMEX 黃金指數股票型基金,IAU~TFUBC010,美元,貴重金屬,2005/01/21,-,無,2026/07/30,77.3,-11,-15.24,25.45,108.24,,26.67,0.22,0.99,-,"59,744百萬",,
美國非投資等級債精選,HYG~TBUBC049,美元,非投資等級債券,2007/04/04,RR4,月配,2026/07/30,7.549,-1.45,-2.66,-2.35,1.46,,2.27,0.11,0.82,-,"17,113百萬",,
美國非投資等級債精選( 3 ),HYG~TCUBC049,美元,非投資等級債券,2007/04/04,RR4,月配,2026/07/30,7.1207,-1.5,-2.76,-2.54,0.85,,2.27,0.11,0.82,-,"17,113百萬",,
iShares iBoxx 高收益公司債指數股票型基金,HYG~TFUBC049,美元,非投資等級債券,2007/04/04,RR4,月配,2026/07/30,79.47,-1.13,-2.03,-1.07,5.51,,2.27,0.11,0.82,-,"17,113百萬",,
歐股匯率避險指數精選( 3 ),HEDJ~TCUWT001,美元,股票型,2009/12/31,RR4,季配,2026/07/30,14.7852,4.24,4.33,14.03,30.12,,10.07,0.39,0.74,-,"1,843百萬",,
WisdomTree歐洲股票型匯率避險指數股票型基金,HEDJ~TFUWT001,美元,股票型,2009/12/31,RR4,季配,2026/07/30,57.1255,4.63,5.11,15.76,-31.94,,10.07,0.39,0.74,-,"1,843百萬",,
高盛商品指數精選( 3 ),GSG~TCUBC022,美元,原物料,2006/07/10,-,無,2017/04/28,5.2642,-7.91,-4.26,-5.86,-58.62,,31.76,0.32,-0.17,-,839百萬,,
iShares S&P 高盛商品指數股票型基金,GSG~TFUBC022,美元,原物料,2006/07/10,-,無,2017/04/28,14.43,-7.56,-3.54,-4.44,-56.71,,31.76,0.32,-0.17,-,839百萬,,
新興亞洲股市精選 ( 3 ),GMF~TCUSS008,美元,股票型,2007/03/20,RR5,半年配,2026/07/30,15.9991,-0.35,3.98,14.93,37.08,,16.25,0.28,0.82,-,438百萬,,
SPDR S&P 新興亞太指數股票型基金,GMF~TFUSS008,美元,股票型,2007/03/20,RR5,半年配,2026/07/30,150.4389,0.02,4.76,16.66,43.4,,16.25,0.28,0.82,-,438百萬,,
全球小型黃金礦業精選(3),GDXJ~TCUVE089,美元,貴重金屬,2009/11/10,RR5,年配,2026/07/30,14.421,-15.19,-20.78,50.72,-,,55.98,0.27,1.73,-,6900百萬,,
VanEck小型黃金礦業指數股票型基金,GDXJ~TFUVE089,美元,貴重金屬,2009/11/10,RR5,年配,2026/07/30,99.04,-14.87,-20.19,52.98,-,,55.98,0.27,1.73,-,6900百萬,,
全球礦脈產業精選,GDX~TBUVE001,美元,貴重金屬,2006/05/16,RR5,年配,2026/07/30,9.9671,-13.32,-19.02,46.37,140.37,,50.59,0.26,1.02,-,22700百萬,,
全球礦脈產業精選( 3 ),GDX~TCUVE001,美元,貴重金屬,2006/05/16,RR5,年配,2026/07/30,18.4038,-13.36,-19.1,46.08,138.93,,50.59,0.26,1.02,-,22700百萬,,
VanEck Vectors 全球礦脈指數股票型基金,GDX~TFUVE001,美元,貴重金屬,2006/05/16,RR5,年配,2026/07/30,76.78,-13.04,-18.49,48.28,149.93,,50.59,0.26,1.02,-,22700百萬,,
德國藍籌股精選,GDAXIEX@GR.WS~TBEID002,歐元,股票型,2000/12/27,RR4,年配,2026/07/30,22.8443,4.92,3.17,3.62,47.25,,14.15,0.06,0.99,-,"8,580百萬",,
德國藍籌股精選( 3 ),GDAXIEX@GR.WS~TCEID002,歐元,股票型,2000/12/27,RR4,年配,2026/07/30,38.4177,4.87,3.07,3.41,46.36,,14.15,0.06,0.99,-,"8,580百萬",,
iShares 德國DAX指數股票型基金,GDAXIEX@GR.WS~TFEID002,歐元,股票型,2000/12/27,RR4,年配,2026/07/30,211.15,5.26,3.84,4.97,53.12,,14.15,0.06,0.99,-,"8,580百萬",,
日圓匯市精選( 3 ),FXY~TCURI002,美元,匯率型,2007/02/12,-,無,2015/09/04,7.2864,3.98,-0.37,-13.25,-37.74,,6.74,-0.4,-0.94,-,429百萬,,
CurrencyShares 日圓指數股票型基金,FXY~TFURI002,美元,匯率型,2007/02/12,-,無,2015/09/04,81.53,4.38,0.38,-11.94,-34.87,,6.74,-0.4,-0.94,-,429百萬,,
富時中國股票精選( 3 ),FXI~TCUBC061,美元,股票型,2004/10/05,RR5,半年配,2026/07/30,8.2255,-1.1,-8.48,-4.77,16.05,,22.87,-0.03,-0.17,-,"4,524百萬",,
iShares中國大型股ETF,FXI~TFUBC061,美元,股票型,2004/10/05,RR5,半年配,2026/07/30,36.52,-0.73,-7.8,-3.34,21.41,,22.87,-0.03,-0.17,-,"4,524百萬",,
歐元匯市精選( 3 ),FXE~TCURI001,美元,匯率型,2005/12/09,-,月配,2015/09/04,7.6855,-1.35,-0.45,-15.65,-16.31,,5.34,-0.1,1.02,-,375百萬,,
CurrencyShares 歐元指數股票型基金,FXE~TFURI001,美元,匯率型,2005/12/09,-,月配,2015/09/04,109.31,-0.98,0.3,-14.37,-12.45,,5.34,-0.1,1.02,-,375百萬,,
澳幣匯市精選( 3 ),FXA~TCURI003,美元,匯率型,2006/06/21,-,月配,2015/09/04,9.0456,-10.2,-12.18,-27.08,-35.27,,8.86,0.22,1.01,-,100百萬,,
CurrencyShares 澳幣信託指數股票型基金,FXA~TFURI003,美元,匯率型,2006/06/21,-,月配,2015/09/04,69.25,-9.85,-11.51,-25.98,-32.29,,8.86,0.22,1.01,-,100百萬,,
美洲天然氣產業精選 ( 3 ),FCG~TCUFT001,美元,能源,2007/05/08,RR4,季配,2026/07/30,2.691,-8.62,11.62,18.56,8.29,,27.08,0.25,1,-,590百萬,,
First Trust ISE 天然氣指數股票型基金,FCG~TFUFT001,美元,能源,2007/05/08,RR4,季配,2026/07/30,28.8,-8.28,12.46,20.35,13.3,,27.08,0.25,1,-,590百萬,,
全球風力能源產業精選( 3 ),FAN~TCUFT002,美元,新能源,2008/06/16,RR5,季配,2015/09/04,6.1099,-13.01,-4.52,-17.38,49.96,,18.78,0.34,0.95,-,304百萬,,
First Trust ISE 全球風力資源指數股票型基金,FAN~TFUFT002,美元,新能源,2008/06/16,RR5,季配,2015/09/04,10.4,-12.68,-3.79,-16.13,56.86,,18.78,0.34,0.95,-,304百萬,,
南非股市精選,EZA~TBUBC037,美元,股票型,2003/02/03,RR5,半年配,2026/07/30,8.2229,-6.33,-12.98,17.21,37.03,,28.33,0.26,1.35,-,544百萬,,
南非股市精選( 3 ),EZA~TCUBC037,美元,股票型,2003/02/03,RR5,半年配,2026/07/30,13.3243,-6.38,-13.07,16.98,36.21,,28.33,0.26,1.35,-,544百萬,,
iShares MSCI 南非指數股票型基金,EZA~TFUBC037,美元,股票型,2003/02/03,RR5,半年配,2026/07/30,64.11,-6.02,-12.42,18.74,42.5,,28.33,0.26,1.35,-,544百萬,,
歐洲高股利精選( 3 ),EXSG@GR.WS~TCEBC001,歐元,股票型,2005/05/03,RR4,季配,2026/07/30,10.9829,6.23,9.87,17.53,46.82,,10.19,0.56,0.64,-,572百萬,,
iShares 歐洲高股利指數股票型基金,EXSG@GR.WS~TFEBC001,歐元,股票型,2005/05/03,RR4,季配,2026/07/30,23.825,6.62,10.69,19.3,53.59,,10.19,0.56,0.64,-,572百萬,,
巴西股市精選,EWZ~TBUBC038,美元,股票型,2000/07/10,RR5,半年配,2026/07/30,5.0642,-8.28,-2.01,34.15,5.21,,24.07,0.43,0.98,-,"9,067百萬",,
巴西股市精選( 3 ),EWZ~TCUBC038,美元,股票型,2000/07/10,RR5,半年配,2026/07/30,6.8034,-8.33,-2.11,33.88,4.58,,24.07,0.43,0.98,-,"9,067百萬",,
iShares MSCI 巴西指數股票型基金,EWZ~TFUBC038,美元,股票型,2000/07/10,RR5,半年配,2026/07/30,36.53,-7.98,-1.38,35.9,9.4,,24.07,0.43,0.98,-,"9,067百萬",,
南韓股市精選,EWY~TBUBC041,美元,股票型,2000/05/09,RR5,年配,2026/07/30,25.7649,-0.04,30.86,115.99,129.72,,63.27,0.44,0.93,-,"24,468百萬",,
南韓股市精選( 3 ),EWY~TCUBC041,美元,股票型,2000/05/09,RR5,年配,2026/07/30,40.4785,-0.09,30.73,115.56,128.34,,63.27,0.44,0.93,-,"24,468百萬",,
iShares MSCI 南韓指數股票型基金,EWY~TFUBC041,美元,股票型,2000/05/09,RR5,年配,2026/07/30,161.21,0.28,31.7,118.8,138.87,,63.27,0.44,0.93,-,"24,468百萬",,
墨西哥股市精選,EWW~TBUBC055,美元,股票型,1996/03/12,RR5,半年配,2026/07/30,11.7203,0.55,1.99,26.5,13.45,,16.97,0.43,1.02,-,"1,836百萬",,
墨西哥股市精選( 3 ),EWW~TCUBC055,美元,股票型,1996/03/12,RR5,半年配,2026/07/30,12.076,0.5,1.89,26.25,12.77,,16.97,0.43,1.02,-,"1,836百萬",,
iShares MSCI 墨西哥指數股票型基金,EWW~TFUBC055,美元,股票型,1996/03/12,RR5,半年配,2026/07/30,77.11,0.88,2.65,28.15,17.98,,16.97,0.43,1.02,-,"1,836百萬",,
新加坡股市精選,EWS~TBUBC040,美元,股票型,1996/03/12,RR5,半年配,2026/07/30,11.1857,11.47,14.15,19.51,56.54,,10.38,0.58,0.88,-,922百萬,,
新加坡股市精選( 3 ),EWS~TCUBC040,美元,股票型,1996/03/12,RR5,半年配,2026/07/30,18.253,11.42,14.04,19.27,55.6,,10.38,0.58,0.88,-,922百萬,,
iShares MSCI 新加坡指數股票型基金,EWS~TFUBC040,美元,股票型,1996/03/12,RR5,半年配,2026/07/30,32.41,11.84,14.89,21.07,62.78,,10.38,0.58,0.88,-,922百萬,,
iShares MSCI西班牙指數股票型基金,EWP~TFUBC067,美元,股票型,1996/03/12,RR5,半年配,2026/07/30,61.44,8.42,9.15,37.51,107.92,,10.37,0.89,0.84,-,"1,887百萬",,
奧地利股市精選( 3 ),EWO~TCUBC066,美元,股票型,1996/03/12,RR5,半年配,2026/07/30,22.6787,8.51,12.3,41.61,93.48,,14.88,0.71,1.01,-,141百萬,,
iShares MSCI奧地利指數股票型基金,EWO~TFUBC066,美元,股票型,1996/03/12,RR5,半年配,2026/07/30,42.505,8.91,13.14,43.74,102.4,,14.88,0.71,1.01,-,141百萬,,
馬來西亞股市精選,EWM~TBUBC039,美元,股票型,1996/03/12,RR5,半年配,2026/07/30,4.4854,-4.09,-3.78,17.01,25.99,,12.56,0.43,0.71,-,324百萬,,
馬來西亞股市精選( 3 ),EWM~TCUBC039,美元,股票型,1996/03/12,RR5,半年配,2026/07/30,7.1905,-4.14,-3.87,16.78,25.23,,12.56,0.43,0.71,-,324百萬,,
iShares MSCI 馬來西亞指數股票型基金,EWM~TFUBC039,美元,股票型,1996/03/12,RR5,半年配,2026/07/30,28.26,-3.78,-3.15,18.54,31.02,,12.56,0.43,0.71,-,324百萬,,
iShares MSCI 日本指數股票型基金,EWJ~TFUBC009,美元,股票型,1996/03/12,RR4,半年配,2026/07/30,93.29,4.7,8.83,26.1,46.45,,15.47,0.46,0.4,-,"22,312百萬",,
香港股市精選,EWH~TBUBC032,美元,股票型,1996/03/12,RR5,半年配,2026/07/30,11.8907,-2.09,-0.98,9.84,12.09,,18.54,0.21,0.73,-,"1,131百萬",,
香港股市精選( 3 ),EWH~TCUBC032,美元,股票型,1996/03/12,RR5,半年配,2026/07/30,15.7563,-2.14,-1.08,9.62,11.41,,18.54,0.21,0.73,-,"1,131百萬",,
iShares MSCI 香港指數股票型基金,EWH~TFUBC032,美元,股票型,1996/03/12,RR5,半年配,2026/07/30,23.3,-1.77,-0.34,11.27,16.56,,18.54,0.21,0.73,-,"1,131百萬",,
澳洲股市精選,EWA~TBUBC047,美元,股票型,1996/03/12,RR4,半年配,2026/07/30,11.1615,0.79,6.77,12.56,23.98,,16.36,0.22,1.29,-,"1,454百萬",,
澳洲股市精選( 3 ),EWA~TCUBC047,美元,股票型,1996/03/12,RR4,半年配,2026/07/30,16.7587,0.74,6.66,12.34,23.23,,16.36,0.22,1.29,-,"1,454百萬",,
iSares MSCI 澳洲指數股票型基金,EWA~TFUBC047,美元,股票型,1996/03/12,RR4,半年配,2026/07/30,29.82,1.12,7.46,14.03,28.92,,16.36,0.22,1.29,-,"1,454百萬",,
亞太股市精選,EPP~TBUBC008,美元,股票型,2001/10/25,RR5,半年配,2026/07/30,8.4084,2.45,6.09,13.65,26.18,,13.98,0.29,0.4,-,"2,029百萬",,
亞太股市精選( 3 ),EPP~TCUBC008,美元,股票型,2001/10/25,RR5,半年配,2026/07/30,16.9684,2.4,5.98,13.42,25.42,,13.98,0.29,0.4,-,"2,029百萬",,
iShares MSCI 太平洋不含日本指數股票型基金,EPP~TFUBC008,美元,股票型,2001/10/25,RR5,半年配,2026/07/30,57.22,2.78,6.77,15.13,31.21,,13.98,0.29,0.4,-,"2,029百萬",,
波蘭股市精選( 3 ),EPOL~TCUBC065,美元,股票型,2010/05/25,RR5,半年配,2026/07/30,19.695,11,12.91,30.78,94.55,,15.84,0.58,1.1,-,679百萬,,
iShares MSCI波蘭指數股票型基金,EPOL~TFUBC065,美元,股票型,2010/05/25,RR5,半年配,2026/07/30,42.76,11.41,13.75,32.75,103.52,,15.84,0.58,1.1,-,679百萬,,
印度股市精選,EPI~TBUBC045,美元,股票型,2008/02/22,RR5,季配,2026/07/30,17.8996,-1.61,-4.68,-5.35,14.19,,14.31,-0.14,1,-,"2,123百萬",,
印度股市精選( 3 ),EPI~TCUBC045,美元,股票型,2008/02/22,RR5,季配,2026/07/30,26.8825,-1.66,-4.78,-5.54,13.5,,14.31,-0.14,1,-,"2,123百萬",,
WisdomTree 印度盈利指數股票型基金,EPI~TFUBC045,美元,股票型,2008/02/22,RR5,季配,2026/07/30,42.96,-1.29,-4.06,-4.11,18.74,,14.31,-0.14,1,-,"2,123百萬",,
菲律賓股市精選( 3 ),EPHE~TCUBC069,美元,股票型,2010/09/28,RR5,半年配,2026/07/30,6.2429,5.76,-1.81,-3.31,-9.26,,17.72,0.01,0.89,-,128百萬,,
iShares MSCI菲律賓指數股票型基金,EPHE~TFUBC069,美元,股票型,2010/09/28,RR5,半年配,2026/07/30,25.69,6.16,-1.08,-1.85,-5.06,,17.72,0.01,0.89,-,128百萬,,
新興市場債精選,EMB~TBUBC043,美元,債券型,2007/12/17,RR3,月配,2026/07/30,7.1459,-1.37,-2.48,0.77,4.1,,5.74,0.17,0.25,-,"14,615百萬",,
新興市場債精選( 3 ),EMB~TCUBC043,美元,債券型,2007/12/17,RR3,月配,2026/07/30,8.171,-1.42,-2.58,0.57,3.48,,5.74,0.17,0.25,-,"14,615百萬",,
iShares JPMorgan 美元新興市場債券指數股票型基金,EMB~TFUBC043,美元,債券型,2007/12/17,RR3,月配,2026/07/30,94.79,-1.05,-1.85,2.09,8.26,,5.74,0.17,0.25,-,"14,615百萬",,
以色列股市精選( 3 ),EIS~TCUBC058,美元,股票型,2008/03/26,RR5,半年配,2026/07/30,17.1508,-9.27,-0.67,25.28,102.4,,21.56,0.35,1.08,-,898百萬,,
iShares MSCI 以色列指數股票型基金,EIS~TFUBC058,美元,股票型,2008/03/26,RR5,半年配,2026/07/30,119.08,-8.93,0.08,27.17,111.74,,21.56,0.35,1.08,-,898百萬,,
放空二倍-歐澳遠東精選( 3 ),EFU~TCUPA001,美元,反向股票,2007/10/23,-,季配,2013/06/06,1.4582,-3.29,-18.07,-43.48,-70.61,,24.18,-0.52,-1.49,-,1百萬,,
ProShares 二倍放空型MSCI歐澳遠東指數股票型基金,EFU~TFUPA001,美元,反向股票,2007/10/23,-,季配,2013/06/06,14.6776,-2.93,-17.45,-42.62,-69.26,,24.18,-0.52,-1.49,-,1百萬,,
歐澳遠東精選,EFA~TBUBC007,美元,股票型,2001/08/14,RR4,半年配,2026/07/30,10.2726,3.5,4.78,18.54,37.25,,12.09,0.46,0.73,-,"77,218百萬",,
歐澳遠東精選( 3 ),EFA~TCUBC007,美元,股票型,2001/08/14,RR4,半年配,2026/07/30,20.8633,3.44,4.68,18.3,36.42,,12.09,0.46,0.73,-,"77,218百萬",,
iShares MSCI 歐澳遠東指數股票型基金,EFA~TFUBC007,美元,股票型,2001/08/14,RR4,半年配,2026/07/30,106.24,3.83,5.46,20.09,42.72,,12.09,0.46,0.73,-,"77,218百萬",,
放空二倍-新興市場精選( 3 ),EEV~TCUPS010,美元,反向股票,2007/10/30,-,季配,2025/06/06,0.1241,-13.86,-19.03,-25.76,-37.22,,39.56,-0.46,-1.92,-,3百萬,,
ProShares 二倍放空型MSCI新興市場指數股票型基金,EEV~TFUPS010,美元,反向股票,2007/10/30,-,季配,2025/06/06,13.5583,-13.53,-18.42,-24.64,-34.33,,39.56,-0.46,-1.92,-,3百萬,,
新興亞洲指數精選( 3 ),EEMA~TCUBC068,美元,股票型,2012/02/08,RR5,半年配,2026/07/30,14.766,-0.13,8.65,28.72,50.92,,23.04,0.36,1.16,-,905百萬,,
iShares MSCI新興亞洲指數股票型基金,EEMA~TFUBC068,美元,股票型,2012/02/08,RR5,半年配,2026/07/30,110.12,0.24,9.46,30.66,57.88,,23.04,0.36,1.16,-,905百萬,,
新興市場精選,EEM~TBUBC017,美元,股票型,2003/04/07,RR5,半年配,2026/07/30,10.1504,-0.95,6.91,28.52,45.84,,21.63,0.38,1.06,-,"30,316百萬",,
新興市場精選( 3 ),EEM~TCUBC017,美元,股票型,2003/04/07,RR5,半年配,2026/07/30,18.3621,-1,6.8,28.27,44.97,,21.63,0.38,1.06,-,"30,316百萬",,
iShares MSCI 新興市場指數股票型基金,EEM~TFUBC017,美元,股票型,2003/04/07,RR5,半年配,2026/07/30,63.59,-0.63,7.6,30.2,51.66,,21.63,0.38,1.06,-,"30,316百萬",,
智利股市精選,ECH~TBUBC057,美元,股票型,2007/11/12,RR5,半年配,2026/07/30,5.4945,-4.95,-12.55,33.33,23.28,,22,0.37,-,-,"1,033百萬",,
智利股市精選( 3 ),ECH~TCUBC057,美元,股票型,2007/11/12,RR5,半年配,2026/07/30,5.7169,-5,-12.63,33.07,22.54,,22,0.37,-,-,"1,033百萬",,
iShares MSCI 智利指數股票型基金,ECH~TFUBC057,美元,股票型,2007/11/12,RR5,半年配,2026/07/30,39.82,-4.65,-11.98,35.07,28.2,,22,0.37,-,-,"1,033百萬",,
日股匯率避險指數精選(3),DXJ~TCUWT080,美元,股票型,2006/06/16,RR4,季配,2026/07/30,15.4866,7.52,13.68,44.99,-,,14.39,0.73,0.31,-,"7,080百萬",,
WisdomTree日本股票匯率避險指數股票型基金,DXJ~TFUWT080,美元,股票型,2006/06/16,RR4,季配,2026/07/30,174.91,7.92,14.52,47.18,-,,14.39,0.73,0.31,-,"7,080百萬",,
放空二倍-道瓊工業精選( 3 ),DXD~TCUPS012,美元,反向股票,2006/07/11,-,季配,2025/06/06,0.0438,-5.14,3.29,-21.85,-46.62,,19.4,-0.5,-1.94,-,40百萬,,
ProShares 二倍放空型道瓊工業指數股票型基金,DXD~TFUPS012,美元,反向股票,2006/07/11,-,季配,2025/06/06,25.87,-4.78,4.06,-20.67,-44.16,,19.4,-0.5,-1.94,-,40百萬,,
美洲高股利精選,DVY~TBUBC016,美元,股票型,2003/11/03,RR4,季配,2026/07/30,21.0738,3.82,6.93,17.82,32.17,,9.65,0.54,1,-,"22,901百萬",,
美洲高股利精選( 3 ),DVY~TCUBC016,美元,股票型,2003/11/03,RR4,季配,2026/07/30,37.945,3.77,6.83,17.59,31.37,,9.65,0.54,1,-,"22,901百萬",,
iShares 道瓊股息指數股票型基金,DVY~TFUBC016,美元,股票型,2003/11/03,RR4,季配,2026/07/30,161.93,4.16,7.62,19.36,37.44,,9.65,0.54,1,-,"22,901百萬",,
放空二倍-美洲原油天然氣產業精選( 3 ),DUG~TCUPS004,美元,反向商品,2007/01/30,-,季配,2013/06/06,1.2137,-8.88,-25.79,-43.45,-78.6,,41.89,-0.44,-1.76,-,21百萬,,
ProShares 二倍放空型道瓊美國石油與天然氣股指數股票型基金,DUG~TFUPS004,美元,反向商品,2007/01/30,-,季配,2013/06/06,15.97,-8.53,-25.23,-42.6,-77.61,,41.89,-0.44,-1.76,-,21百萬,,
二倍作多-美洲原油天然氣產業精選( 3 ),DIG~TCUPS007,美元,槓桿商品,2007/01/30,-,季配,2026/07/30,16.5889,-4.37,28.17,67.34,46.31,,49,0.39,2.07,-,83百萬,,
ProShare 二倍道瓊美國石油與天然氣指數股票型基金,DIG~TFUPS007,美元,槓桿商品,2007/01/30,-,季配,2026/07/30,60.08,-4.01,29.12,69.86,53.07,,49,0.39,2.07,-,83百萬,,
道瓊工業精選,DIA~TBUSS001,美元,股票型,1998/01/14,RR4,月配,2026/07/30,31.6026,4.67,5.96,15.74,41.48,,9.94,0.45,1,-,"44,063百萬",,
道瓊工業精選( 3 ),DIA~TCUSS001,美元,股票型,1998/01/14,RR4,月配,2026/07/30,51.2705,4.61,5.85,15.51,40.63,,9.94,0.45,1,-,"44,063百萬",,
道瓊工業指數股票型基金,DIA~TFUSS001,美元,股票型,1998/01/14,RR4,月配,2026/07/30,521.51,5.01,6.64,17.26,47.12,,9.94,0.45,1,-,"44,063百萬",,
環球藍籌股精選,DGT~TBUSS002,美元,股票型,2000/09/25,RR4,季配,2026/07/30,18.9664,3.24,7.35,21.96,54.13,,10.93,0.57,0.74,-,618百萬,,
環球藍籌股精選( 3 ),DGT~TCUSS002,美元,股票型,2000/09/25,RR4,季配,2026/07/30,34.3491,3.19,7.24,21.72,53.2,,10.93,0.57,0.74,-,618百萬,,
SPDR 道瓊全球泰坦指數股票型基金,DGT~TFUSS002,美元,股票型,2000/09/25,RR4,季配,2026/07/30,187.4112,3.58,8.04,23.56,60.27,,10.93,0.57,0.74,-,618百萬,,
二倍作多-道瓊工業精選( 3 ),DDM~TCUPS015,美元,槓桿股票,2006/06/19,-,季配,2015/09/04,40.3721,-19.65,-21.44,-12.1,52.02,,20.03,0.42,2.01,-,515百萬,,
ProShares 二倍道瓊30指數股票型基金,DDM~TFUPS015,美元,槓桿股票,2006/06/19,-,季配,2015/09/04,55.17,-19.34,-60.42,-55.39,-20.49,,20.03,0.42,2.01,-,515百萬,,
能源商品指數精選( 3 ),DBE~TCUDB003,美元,能源,2007/01/05,-,年配,2020/07/15,4.2991,15.85,-32.1,-34.33,-20.84,,53.9,0.31,0.55,-,82百萬,,
PowerShares 德銀能源指數股票型基金,DBE~TFUDB003,美元,能源,2007/01/05,-,年配,2020/07/15,9.64,16.28,-31.58,-33.33,-17.18,,53.9,0.31,0.55,-,82百萬,,
德銀商品指數精選( 3 ),DBC~TCUDB002,美元,原物料,2006/02/03,-,年配,2020/07/15,5.536,11.14,-19.66,-21.02,-16.19,,23.94,0.36,0,-,1580百萬,,
PowerShares 德銀商品指數股票型基金,DBC~TFUDB002,美元,原物料,2006/02/03,-,年配,2020/07/15,12.74,11.56,-19.06,-19.82,-12.32,,23.94,0.36,0,-,1580百萬,,
基礎金屬商品精選( 3 ),DBB~TCUDB001,美元,工業金屬,2007/01/05,-,年配,2023/04/06,11.3144,-0.82,3.97,-25.43,53.58,,14.69,0.53,0.57,-,352百萬,,
PowerShares 德銀金屬指數股票型基金,DBB~TFUDB001,美元,工業金屬,2007/01/05,-,年配,2023/04/06,19.63,-0.46,4.75,-24.3,60.64,,14.69,0.53,0.57,-,352百萬,,
德銀農業商品指數精選( 3 ),DBA~TCUPS001,美元,農產品,2007/01/05,-,年配,2026/07/30,8.9576,-2.33,6.3,4.28,19.45,,11.2,0.16,0.75,-,1160百萬,,
PowerShares 德銀農業指數股票型基金,DBA~TFUPS001,美元,農產品,2007/01/05,-,年配,2026/07/30,27.48,-1.96,7.09,5.86,24.97,,11.2,0.16,0.75,-,1160百萬,,
美國可轉債精選,CWB~TBUSS009,美元,可轉換債券,2009/04/14,RR3,月配,2026/07/30,22.2537,0.12,7.96,18.03,36.14,,15.92,0.31,2.05,-,"6,197百萬",,
美國可轉債精選 ( 3 ),CWB~TCUSS009,美元,可轉換債券,2009/04/14,RR3,月配,2026/07/30,21.4097,0.07,7.86,17.79,35.33,,15.92,0.31,2.05,-,"6,197百萬",,
SPDR 彭博巴克萊可轉債指數股票型基金,CWB~TFUSS009,美元,可轉換債券,2009/04/14,RR3,月配,2026/07/30,101.49,0.45,8.66,19.57,41.57,,15.92,0.31,2.05,-,"6,197百萬",,
全球銅礦產業精選(3),COPX~TCUVG099,美元,工業金屬,2010/04/19,RR4,半年配,2026/07/30,10.2836,-,-,-,-,,42.15,0.47,1.06,-,"7,154百萬",,
Global X銅礦指數股票型基金,COPX~TFUVG099,美元,工業金屬,2010/04/19,RR4,半年配,2026/07/30,79.5,-,-,-,-,,42.15,0.47,1.06,-,"7,154百萬",,
法國藍籌股精選,CAC@FP.WS~TBELX001,歐元,股票型,2019/09/05,RR4,年配,2026/07/30,12.1269,5.8,6.2,6.39,8.9,,32.55,-0.17,1.33,-,"4,466百萬",,
法國藍籌股精選( 3 ),CAC@FP.WS~TCELX001,歐元,股票型,2019/09/05,RR4,年配,2026/07/30,22.0132,5.74,6.09,6.18,8.25,,32.55,-0.17,1.33,-,"4,466百萬",,
Lyxor 法國CAC 40 指數股票型基金,CAC@FP.WS~TFELX001,歐元,股票型,2019/09/05,RR4,年配,2026/07/30,85.56,6.14,6.88,7.79,13.25,,32.55,-0.17,1.33,-,"4,466百萬",,
非美國全球政府公債精選,BWX~TBUSS003,美元,債券型,2007/10/02,RR2,月配,2026/07/30,6.6498,-2.56,-5.3,-5,-8.1,,6.25,-0.24,1.02,-,"1,346百萬",,
非美國全球政府公債精選( 3 ),BWX~TCUSS003,美元,債券型,2007/10/02,RR2,月配,2026/07/30,6.6388,-2.61,-5.39,-5.19,-8.65,,6.25,-0.24,1.02,-,"1,346百萬",,
SPDR 彭博巴克萊全球國庫券指數股票型基金,BWX~TFUSS003,美元,債券型,2007/10/02,RR2,月配,2026/07/30,21.77,-2.25,-4.68,-3.76,-4.43,,6.25,-0.24,1.02,-,"1,346百萬",,
全球區塊鏈精選,BKCH~TBUGM091,美元,資訊科技股,2021/07/12,RR5,半年配,2026/07/30,10.584,-8.16,-6.05,-,-,,75.24,0.13,2.07,-,285百萬,,
全球區塊鏈精選(3),BKCH~TCUGM091,美元,資訊科技股,2021/07/12,RR5,半年配,2026/07/30,10.5718,-8.2,-6.14,-,-,,75.24,0.13,2.07,-,285百萬,,
Global X區塊鏈指數股票型基金,BKCH~TFUGM091,美元,資訊科技股,2021/07/12,RR5,半年配,2026/07/30,68.12,-7.86,-5.44,-,-,,75.24,0.13,2.07,-,285百萬,,
成長配置產業精選(3),AOR~TCUBC082,美元,平衡型,2008/11/04,RR4,季配,2026/07/30,11.6947,0.8,2.45,9.5,-,,8.42,0.35,0.78,-,"3,668百萬",,
iShares核心成長配置指數股票型基金,AOR~TFUBC082,美元,平衡型,2008/11/04,RR4,季配,2026/07/30,68.49,1.18,3.21,11.15,-,,8.42,0.35,0.78,-,"3,668百萬",,
穩健配置產業精選(3),AOM~TCUBC083,美元,平衡型,2008/11/04,RR4,季配,2026/07/30,11.0477,-0.01,0.59,5.31,-,,6.41,0.29,0.58,-,"1,793百萬",,
iShares核心穩健配置指數股票型基金,AOM~TFUBC083,美元,平衡型,2008/11/04,RR4,季配,2026/07/30,49.08,0.37,1.34,6.9,-,,6.41,0.29,0.58,-,"1,793百萬",,
積極配置產業精選(3),AOA~TCUBC081,美元,平衡型,2008/11/04,RR4,季配,2026/07/30,12.3394,1.52,4.22,13.31,-,,10.29,0.38,0.95,-,"3,206百萬",,
iShares核心積極配置指數股票型基金,AOA~TFUBC081,美元,平衡型,2008/11/04,RR4,季配,2026/07/30,96.46,1.9,5,15.03,-,,10.29,0.38,0.95,-,"3,206百萬",,
全球中大型產業精選(3),ACWI~TCUBC077,美元,股票型,2008/03/26,RR4,半年配,2026/07/30,14.3033,2.34,6.19,17.41,-,,12.74,0.39,0.92,-,"33,204百萬",,
iShares MSCI全世界指數股票型基金,ACWI~TFUBC077,美元,股票型,2008/03/26,RR4,半年配,2026/07/30,155.66,2.72,6.98,19.18,-,,12.74,0.39,0.92,-,"33,204百萬",,
亞洲股市精選,AAXJ~TBUBC050,美元,股票型,2008/08/13,RR5,半年配,2026/07/30,17.386,-0.35,8.82,28.59,49.87,,23.24,0.35,0.54,-,"3,971百萬",,
亞洲股市精選( 3 ),AAXJ~TCUBC050,美元,股票型,2008/08/13,RR5,半年配,2026/07/30,15.3986,-0.4,8.71,28.33,48.97,,23.24,0.35,0.54,-,"3,971百萬",,
iShares MSCI 亞洲不含日本指數股票型基金,AAXJ~TFUBC050,美元,股票型,2008/08/13,RR5,半年配,2026/07/30,109.84,-0.03,9.52,30.27,55.85,,23.24,0.35,0.54,-,"3,971百萬",,
華夏滬深300指數精選( 3 ),83188.HK~TCRCA001,人民幣,股票型,2012/07/17,RR5,年配,2026/07/30,15.9061,-5.7,-4.04,8.26,7.2,,17.53,0.16,1,-,"17,686百萬",,
華夏滬深300指數ETF,83188.HK~TFRCA001,人民幣,股票型,2012/07/17,RR5,年配,2026/07/30,47.1,-5.35,-3.33,9.89,12.14,,17.53,0.16,1,-,"17,686百萬",,
嘉實中國A股指數精選( 3 ),83118.HK~TCRHG001,人民幣,股票型,2012/10/12,RR5,年配,2026/07/30,15.3182,-7.94,-7.45,3.19,3.64,,16.77,0.08,0.92,-,42百萬,,
嘉實MSCI中國A股指數ETF,83118.HK~TFRHG001,人民幣,股票型,2012/10/12,RR5,年配,2026/07/30,15.45,-7.6,-6.76,4.75,8.42,,16.77,0.08,0.92,-,42百萬,,
南方中國A50指數精選( 3 ),82822.HK~TCRCS001,人民幣,股票型,2012/08/28,RR5,年配,2026/07/30,13.8494,-4.53,-0.74,2.92,-0.99,,12.79,0.07,0.62,-,"6,473百萬",,
南方富時中國A50ETF,82822.HK~TFRCS001,人民幣,股票型,2012/08/28,RR5,年配,2026/07/30,13.31,-4.18,0,4.47,3.58,,12.79,0.07,0.62,-,"6,473百萬",,
滬深能源產業精選( 3 ),3050.HK~TCHBR003,港幣,股票型,2021/03/10,RR5,年配,2017/02/13,4.431,-0.73,6.5,27.38,-10.2,,22.89,0.15,0.99,-,39百萬,,
iShares安碩滬深A股能源指數股票型基金,3050.HK~TFHBR003,港幣,股票型,2021/03/10,RR5,年配,2017/02/13,5.7302,-0.34,7.31,29.35,-6.06,,22.89,0.15,0.99,-,39百萬,,
滬深原材料產業精選( 3 ),3039.HK~TCHBR002,港幣,股票型,2022/10/10,RR5,年配,2017/02/13,8.0276,18.17,32.25,52.37,54.74,,22.89,0.04,1.02,-,578百萬,,
iShares安碩滬深A股原材料指數股票型基金,3039.HK~TFHBR002,港幣,股票型,2022/10/10,RR5,年配,2017/02/13,11.2335,18.62,33.26,54.73,61.87,,22.89,0.04,1.02,-,578百萬,,
亞洲中型股精選( 3 ),3032.HK~TCHBR005,港幣,資訊科技股,2020/09/02,RR5,年配,2015/12/04,9.1252,9.83,-10.83,-5.92,-8.47,,27.13,-0.14,0.09,-,"6,376百萬",,
iShares安碩MSCI亞洲APEX中型股指數股票型基金,3032.HK~TFHBR005,港幣,資訊科技股,2020/09/02,RR5,年配,2015/12/04,37.1497,10.24,-10.16,-4.5,-4.25,,27.13,-0.14,0.09,-,"6,376百萬",,
亞洲大型股精選( 3 ),3010.HK~TCHBR004,港幣,股票型,2009/03/12,RR5,年配,2015/09/04,10.4366,-21.38,-17.11,-21.26,-1.76,,25.22,0.34,1.06,-,"6,022百萬",,
iShares 安碩MSCI 亞洲APEX 50指數股票型基金,3010.HK~TFHBR004,港幣,股票型,2009/03/12,RR5,年配,2015/09/04,37.25,-21.08,-16.48,-20.06,2.76,,25.22,0.34,1.06,-,"6,022百萬",,
滬深金融產業精選( 3 ),2829.HK~TCHBN001,港幣,債券型,2021/10/18,RR5,半年配,2017/03/28,10.4998,16.44,20.83,20.34,48.36,,3.18,0.21,0,-,"3,416百萬",,
iShares安碩滬深A股金融指數股票型基金,2829.HK~TFHBN001,港幣,債券型,2021/10/18,RR5,半年配,2017/03/28,13.4397,16.87,21.74,22.18,55.19,,3.18,0.21,0,-,"3,416百萬",,
滬深300指數精選( 3 ),2827.HK~TCHBP001,港幣,股票型,2007/07/17,RR5,年配,2026/07/30,11.9856,-2.58,0.95,16.46,21.23,,17.08,0.3,0.97,-,868百萬,,
標智滬深300指數股票型基金,2827.HK~TFHBP001,港幣,股票型,2007/07/17,RR5,年配,2026/07/30,46.72,-2.22,1.7,18.22,26.82,,17.08,0.3,0.97,-,868百萬,,
A50中國指數精選( 3 ),2823.HK~TCHBR001,港幣,股票型,2004/11/15,RR5,年配,2026/07/30,11.1027,-3.5,2.58,9.76,12.83,,13.87,0.22,0.71,-,"12,902百萬",,
iShares 安碩新華富時A50中國指數股票型基金,2823.HK~TFHBR001,港幣,股票型,2004/11/15,RR5,年配,2026/07/30,16.69,-3.13,3.34,11.42,18.03,,13.87,0.22,0.71,-,"12,902百萬",,
日經股市精選( 3 ),1321.JP~TCJNM001,日圓,股票型,2001/07/09,RR4,年配,2026/07/30,54.0394,2.99,14.83,50.81,81.82,,31.66,0.46,0.99,-,18836600百萬,,
Nomura 日本日經225指數股票型基金,1321.JP~TFJNM001,日圓,股票型,2001/07/09,RR4,年配,2026/07/30,64080,3.37,15.69,53.08,90.2,,31.66,0.46,0.99,-,18836600百萬,,
日本東證股市精選( 3 ),1306.JP~TCJNM002,日圓,股票型,2001/07/11,RR4,年配,2026/07/30,36.3522,4.33,9.41,34.05,66.45,,17.37,0.56,0.94,-,34184140百萬,,
Nomura 日本東證一部指數股票型基金,1306.JP~TFJNM002,日圓,股票型,2001/07/11,RR4,年配,2026/07/30,412.7,4.72,-88.98,-86.39,-82.59,,17.37,0.56,0.94,-,34184140百萬,,
安聯台灣產業精選(3)(本基金之配息來源可能為收益平準金),00993A.TW~TCTAL105,台幣,股票型,2026/01/20,RR4,年配,2026/07/30,8.101,-,-,-,-,,-,-,-,-,"9,229百萬",,
安聯台灣主動式交易所交易基金(本基金之配息來源可能為收益平準金),00993A.TW~TFTAL105,台幣,股票型,2026/01/20,RR4,年配,2026/07/30,10.7,-,-,-,-,,-,-,-,-,"9,229百萬",,
復華台灣產業精選(3) (本基金之配息來源可能為收益平準金),00991A.TW~TCTFT108,台幣,股票型,2025/12/09,RR4,半年配,2026/07/30,7.319,-,-,-,-,,-,-,-,-,"65,949百萬",,
復華台灣未來50主動式交易所交易基金 (本基金之配息來源可能為收益平準金),00991A.TW~TFTFT108,台幣,股票型,2025/12/09,RR4,半年配,2026/07/30,14.01,-,-,-,-,,-,-,-,-,"65,949百萬",,
元大全球AI產業精選(3),00990A.TW~TCTYU109,台幣,股票型,2025/12/02,RR4,無,2026/07/30,7.5118,-,-,-,-,,-,-,-,-,"35,806百萬",,
元大全球AI新經濟主動式交易所交易基金,00990A.TW~TFTYU109,台幣,股票型,2025/12/02,RR4,無,2026/07/30,13.65,-,-,-,-,,-,-,-,-,"35,806百萬",,
安聯台灣高息成長精選(3)(本基金之配息來源可能為收益平準金且基金並無保證收益及配息),00984A.TW~TCTAL098,台幣,股票型,2025/07/03,RR4,季配,2026/07/30,8.136,-,-,-,-,,29.7,0.44,0.88,-,"9,202百萬",,
安聯台灣高息成長主動式交易所交易基金(本基金之配息來源可能為收益平準金且基金並無保證收益及配息),00984A.TW~TFTAL098,台幣,股票型,2025/07/03,RR4,季配,2026/07/30,13.27,-,-,-,-,,29.7,0.44,0.88,-,"9,202百萬",,
群益台灣產業精選(3)(本基金之配息來源可能為收益平準金),00982A.TW~TCTCP107,台幣,股票型,2025/05/13,RR4,季配,2026/07/30,7.8278,-,-,-,-,,45.83,0.47,1.3,-,"46,526百萬",,
群益台灣精選強棒主動式交易所交易基金(本基金之配息來源可能為收益平準金),00982A.TW~TFTCP107,台幣,股票型,2025/05/13,RR4,季配,2026/07/30,18.54,-,-,-,-,,45.83,0.47,1.3,-,"46,526百萬",,
統一台股增長精選(3)(本基金之配息來源可能為收益平準金),00981A.TW~TCTUP106,台幣,股票型,2025/05/15,RR4,季配,2026/07/30,8.0821,-,-,-,-,,50.53,0.53,1.31,-,"287,997百萬",,
統一台股增長主動式交易所交易基金(本基金之配息來源可能為收益平準金),00981A.TW~TFTUP106,台幣,股票型,2025/05/15,RR4,季配,2026/07/30,23.76,-,-,-,-,,50.53,0.53,1.31,-,"287,997百萬",,
凱基台灣產業精選(3),009816.TW~TCTKG104,台幣,股票型,2026/01/22,RR4,無,2026/07/30,8.765,-,-,-,-,,-,-,-,-,"177,726百萬",,
凱基台灣TOP 50指數股票型基金,009816.TW~TFTKG104,台幣,股票型,2026/01/22,RR4,無,2026/07/30,13.41,-,-,-,-,,-,-,-,-,"177,726百萬",,
聯博投資等級債入息精選(3)(本基金有一定比重得投資於非投資等級之高風險債券，配息來源可能為收益平準金且並無保證收益及配息),00980D.TW~TCTAB099,台幣,債券型,2025/07/24,RR2,月配,2026/07/30,9.9402,-,-,-,-,,-,-,-,-,"2,032百萬",,
聯博投資等級債入息主動式交易所交易基金(本基金有一定比重得投資於非投資等級之高風險債券，配息來源可能為收益平準金且並無保證收益及配息),00980D.TW~TFTAB099,台幣,債券型,2025/07/24,RR2,月配,2026/07/30,20.4,-,-,-,-,,-,-,-,-,"2,032百萬",,
中信日本商社精選,00955.TW~TBTCB097,台幣,股票型,2024/08/09,RR4,年配,2026/07/30,11.2589,-1.64,3.44,-,-,,24.16,0.54,-0.09,-,"8,435百萬",,
中信日本商社精選(3),00955.TW~TCTCB097,台幣,股票型,2024/08/09,RR4,年配,2026/07/30,11.2459,-1.69,3.34,-,-,,24.16,0.54,-0.09,-,"8,435百萬",,
中國信託日本商社及批發指數股票型基金,00955.TW~TFTCB097,台幣,股票型,2024/08/09,RR4,年配,2026/07/30,14.94,-1.32,4.11,-,-,,24.16,0.54,-0.09,-,"8,435百萬",,
第一金太空衛星產業精選(3),00910.TW~TCTFR103,台幣,工業類股,2022/07/12,RR4,無,2026/07/30,8.8065,-,-,-,-,,63.84,0.3,1.21,-,"6,630百萬",,
第一金太空衛星指數股票型基金,00910.TW~TFTFR103,台幣,工業類股,2022/07/12,RR4,無,2026/07/30,51.55,-,-,-,-,,63.84,0.3,1.21,-,"6,630百萬",,
國泰數位支付產業精選(3),00909.TW~TCTCF090,台幣,資訊科技股,2022/07/01,RR5,年配,2026/07/30,12.607,0.01,-3.73,15.61,-,,47.97,0.24,1.65,-,"4,825百萬",,
國泰全球數位支付服務指數股票型基金,00909.TW~TFTCF090,台幣,資訊科技股,2022/07/01,RR5,年配,2026/07/30,41.59,0.39,-3.01,17.35,-,,47.97,0.24,1.65,-,"4,825百萬",,
國泰臺韓科技產業精選(3),00735.TW~TCTCA102,台幣,資訊科技股,2018/05/29,RR5,半年配,2026/07/30,7.8248,-,-,-,-,,58.89,0.59,0.93,-,"11,995百萬",,
國泰臺韓科技指數股票型基金,00735.TW~TFTCA102,台幣,資訊科技股,2018/05/29,RR5,半年配,2026/07/30,83.7,-,-,-,-,,58.89,0.59,0.93,-,"11,995百萬",,
滬深股市精選,0061.TW~TBTPL004,台幣,股票型,2009/08/04,RR5,無,2026/07/30,13.1261,-1.18,2.01,24.49,22.31,,15.17,0.52,0.83,-,"2,408百萬",,
滬深股市精選( 3 ),0061.TW~TCTPL004,台幣,股票型,2009/08/04,RR5,無,2026/07/30,9.455,-1.23,1.91,24.24,21.57,,15.17,0.52,0.83,-,"2,408百萬",,
元大標智滬深300證券投資信託基金,0061.TW~TFTPL004,台幣,股票型,2009/08/04,RR5,無,2026/07/30,24.19,-0.86,2.67,26.12,27.18,,15.17,0.52,0.83,-,"2,408百萬",,
台灣高股息精選( 3 ),0056.TW~TCTPL009,台幣,股票型,2007/12/13,RR4,季配,2026/07/30,15.7726,12.76,22.27,31.15,20.96,,28.31,0.49,1.01,-,"704,722百萬",,
元大台灣高股息證券投資信託基金,0056.TW~TFTPL009,台幣,股票型,2007/12/13,RR4,季配,2026/07/30,46.29,13.18,23.18,33.13,26.54,,28.31,0.49,1.01,-,"704,722百萬",,
台灣金融產業精選( 3 ),0055.TW~TCTPL006,台幣,金融股,2007/07/04,RR5,年配,2026/07/30,27.0154,27.37,31.74,43.03,67.64,,23.45,0.6,1.05,-,"4,011百萬",,
元大台灣ETF傘型證券投資信託基金之金融證券投資信託基金,0055.TW~TFTPL006,台幣,金融股,2007/07/04,RR5,年配,2026/07/30,42.51,27.85,32.72,45.18,75.37,,23.45,0.6,1.05,-,"4,011百萬",,
台灣電子產業精選( 3 ),0053.TW~TCTPL007,台幣,資訊科技股,2007/07/04,RR5,年配,2026/07/30,62.787,-1.59,27,86.73,181.86,,39.24,0.6,1.04,-,"1,235百萬",,
元大台灣ETF傘型證券投資信託基金之電子科技證券投資信託基金,0053.TW~TFTPL007,台幣,資訊科技股,2007/07/04,RR5,年配,2026/07/30,206.7,-1.22,27.95,89.55,194.86,,39.24,0.6,1.04,-,"1,235百萬",,
台灣中型股精選,0051.TW~TBTPL005,台幣,股票型,2006/08/24,RR5,年配,2026/07/30,37.3012,-2.13,15.89,57.4,61.94,,30.73,0.57,0.92,-,"3,175百萬",,
台灣中型股精選( 3 ),0051.TW~TCTPL005,台幣,股票型,2006/08/24,RR5,年配,2026/07/30,35.7266,-2.18,15.77,57.08,60.97,,30.73,0.57,0.92,-,"3,175百萬",,
元大台灣中型100證券投資信託基金,0051.TW~TFTPL005,台幣,股票型,2006/08/24,RR5,年配,2026/07/30,124.45,-1.81,16.64,59.45,68.4,,30.73,0.57,0.92,-,"3,175百萬",,
台灣股市50精選,0050.TW~TBTPL003,台幣,股票型,2003/06/25,RR4,半年配,2026/07/30,57.9474,2.98,27.96,80.97,177.74,,34.73,0.64,1.01,-,2287852百萬,,
台灣股市50精選( 3 ),0050.TW~TCTPL003,台幣,股票型,2003/06/25,RR4,半年配,2026/07/30,54.2524,2.93,27.84,80.61,176.07,,34.73,0.64,1.01,-,2287852百萬,,
元大台灣卓越50證券投資信託基金,0050.TW~TFTPL003,台幣,股票型,2003/06/25,RR4,半年配,2026/07/30,93.5,3.31,28.79,83.33,-27.8,,34.73,0.64,1.01,-,2287852百萬,,
復華投信全委代操全球贏新投資組合-累積,FFTFH003,台幣,類全委,2019-01-15,RR3,無,2026/07/29,21.63,-1.41,11.78,43.91,63.37,,-,-,-,-,視保戶實際申購狀況而定,,
復華投信全委代操全球贏新投資組合-月撥回(現金)(撥回率或撥回金額非固定，全權委託帳戶之資產撥回機制來源可能為本金),FFTFH004,台幣,類全委,2019-01-15,RR3,現金,2026/07/29,15.15,-1.81,11.23,40.02,45.81,,-,-,-,-,視保戶實際申購狀況而定,,
復華投信全委代操全球贏新投資組合-月撥回(撥回率或撥回金額非固定，全權委託帳戶之資產撥回機制來源可能為本金),FFTFH028,台幣,類全委,2023-08-28,RR3,現金,2026/07/29,15.05,-1.83,11.23,40,50.5,,-,-,-,-,視保戶實際申購狀況而定,,
復華投信全委代操全球贏新投資組合-月撥回Plus(撥回率或撥回金額非固定，全權委託帳戶之資產撥回機制來源可能為本金),FFTFH036,台幣,類全委,2025-07-01,RR3,現金,2026/07/29,12.6,-3.52,7.42,26,-,,-,-,-,-,視保戶實際申購狀況而定,,
凱基投信全委代操環球多元動態組合投資帳戶(撥回率或撥回金額非固定，全權委託帳戶之資產撥回機制來源可能為本金),FFTKG001,台幣,類全委,2015-10-20,RR3,現金,2026/07/29,10.08,-5.26,4.78,22.03,28.08,,-,-,-,-,視保戶實際申購贖回而定,,
元大投信代操台灣ETF精選投資帳戶-累積,FFTPL032,台幣,類全委,2024-11-11,RR4,無,2026/07/29,16.8623,-0.42,25.84,74.79,-,,-,-,-,-,依實際交易狀況,,
元大投信代操台灣ETF精選投資帳戶-月撥回(撥回率或撥回金額非固定，全權委託帳戶之資產撥回機制來源可能為本金),FFTPL033,台幣,類全委,2024-11-11,RR4,現金,2026/07/29,15.1947,-2.41,21.14,62.42,-,,-,-,-,-,依實際交易狀況,,
安達人壽全權委託聯博投信環球主題趨勢投資帳戶-累積,FFUAB019,美元,類全委,2022-06-24,RR3,無,2026/07/29,13.74,0.81,1.25,9.22,28.05,,-,-,-,-,視保戶實際申購狀況而定,,
安達人壽全權委託聯博投信環球主題趨勢投資帳戶-月撥回(現金)(撥回率或撥回金額非固定，全權委託帳戶之資產撥回機制來源可能為本金),FFUAB020,美元,類全委,2022-07-18,RR3,現金,2026/07/29,9.96,-1.97,-4.14,-2.16,-2.26,,-,-,-,-,視保戶實際申購狀況而定,,
霸菱投顧全委代操優利贏新投資組合-月撥回(現金)(撥回率或撥回金額非固定，全權委託帳戶之資產撥回機制來源可能為本金),FFUBR011,美元,類全委,2019-12-27,RR3,現金,2026/07/29,7.8271,-0.6,-1.99,0.66,-1.5,,-,-,-,-,視保戶實際申購狀況而定,,
霸菱投顧全委代操優利贏新投資組合-月撥回(股數)(撥回率或撥回金額非固定，全權委託帳戶之資產撥回機制來源可能為本金),FFUBR012,美元,類全委,2019-12-27,RR3,單位,2026/07/29,7.8271,-0.6,-1.99,0.66,-1.5,,-,-,-,-,視保戶實際申購狀況而定,,
中國信託投信全委代操美歐動態策略價值投資組合-累積投資帳戶,FFUCB005,美元,類全委,2017-08-30,RR4,無,2026/07/29,19.5101,5.13,4.68,12.17,19.17,,-,-,-,-,視保戶實際申購狀況而定,,
中國信託投信全委代操美歐動態策略價值投資組合-月撥回(現金)投資帳戶(撥回率或撥回金額非固定，全權委託帳戶之資產撥回機制來源可能為本金),FFUCB006,美元,類全委,2017-08-30,RR4,現金,2026/07/29,10.6154,3.79,1.87,6.48,-2.9,,-,-,-,-,視保戶實際申購狀況而定,,
中國信託投信全委代操美國價值戰略平衡投資帳戶-累積,FFUCB015,美元,類全委,2021-05-10,RR3,無,2026/07/29,11.6636,1.01,1.55,4.79,18.87,,-,-,-,-,視保戶實際申購狀況而定,,
中國信託投信全委代操美國價值戰略平衡投資帳戶-月撥回(現金)(撥回率或撥回金額非固定，全權委託帳戶之資產撥回機制來源可能為本金),FFUCB016,美元,類全委,2021-05-10,RR3,現金,2026/07/29,8.5731,-0.61,-1.63,-1.65,-0.88,,-,-,-,-,視保戶實際申購狀況而定,,
中國信託投信代操大師策略管理投資帳戶-累積,FFUCB021,美元,類全委,2022-09-02,RR4,無,2026/07/29,13.3216,1.24,3.82,7.6,18.66,,-,-,-,-,視保戶實際申購狀況而定,,
中國信託投信代操大師策略管理投資帳戶-月撥回(現金)(撥回率或撥回金額非固定，全權委託帳戶之資產撥回機制來源可能為本金),FFUCB022,美元,類全委,2022-09-02,RR4,現金,2026/07/29,10.4004,0.09,1.24,2.49,-4.7,,-,-,-,-,視保戶實際申購狀況而定,,
中國信託投信全委代操美歐動態策略價值投資組合-月撥回投資帳戶(撥回率或撥回金額非固定，全權委託帳戶之資產撥回機制來源可能為本金),FFUCB026,美元,類全委,2023-06-27,RR4,現金,2026/07/29,10.3138,3.79,2.13,6.75,2.4,,-,-,-,-,視保戶實際申購狀況而定,,
中國信託投信代操大師策略管理投資帳戶-月撥回(撥回率或撥回金額非固定，全權委託帳戶之資產撥回機制來源可能為本金),FFUCB029,美元,類全委,2023-07-31,RR4,現金,2026/07/29,10.185,0.09,1.49,2.75,1.85,,-,-,-,-,視保戶實際申購狀況而定,,
中國信託投信全委代操美國夢想家ETF投資帳戶-累積,FFUCB034,美元,類全委,2025-03-28,RR4,無,2026/07/29,10.0771,0,0,-,-,,-,-,-,-,-,,
中國信託投信全委代操美國夢想家ETF投資帳戶-月撥回(撥回率或撥回金額非固定，全權委託帳戶之資產撥回機制來源可能為本金),FFUCB035,美元,類全委,2025-03-28,RR4,現金,2026/07/29,10.6106,0.98,1.11,4.04,-,,-,-,-,-,-,,
復華投信全委代操戰略贏家價值投資組合-累積,FFUFH001,美元,類全委,2016-07-11,RR4,無,2026/07/29,21.33,4.71,3.34,9.67,30.06,,-,-,-,-,視保戶實際申購狀況而定,,
復華投信全委代操戰略贏家價值投資組合-月撥回(現金)(撥回率或撥回金額非固定，全權委託帳戶之資產撥回機制來源可能為本金),FFUFH002,美元,類全委,2016-07-11,RR4,現金,2026/07/29,10.85,2.75,-0.73,1.21,4.53,,-,-,-,-,視保戶實際申購狀況而定,,
復華投信全委代操戰略贏家價值投資組合-月撥回(撥回率或撥回金額非固定，全權委託帳戶之資產撥回機制來源可能為本金),FFUFH024,美元,類全委,2023-08-07,RR4,現金,2026/07/29,10.77,2.67,-0.83,1.13,7.7,,-,-,-,-,視保戶實際申購狀況而定,,
復華投信全委代操戰略贏家投資組合-月撥回Plus(撥回率或撥回金額非固定，全權委託帳戶之資產撥回機制來源可能為本金),FFUFH037,美元,類全委,2025-12-31,RR4,現金,2026/07/29,10.15,3.26,-0.39,-,-,,-,-,-,-,視保戶實際申購狀況而定,,
富蘭克林華美投信全委代操&#29319;騰積極組合投資帳戶,FFUFT001,美元,類全委,2009-08-03,RR4,現金,2026/07/29,19.82,0.66,2.69,12.61,32.58,,-,-,-,-,視保戶實際申購狀況而定,,
富蘭克林華美投信全委代操鑫富穩健組合投資帳戶(撥回率或撥回金額非固定，全權委託帳戶之資產提減機制來源可能為本金),FFUFT002,美元,類全委,2009-08-03,RR4,現金,2026/07/29,5.91,-1.34,-1.34,3.32,4.79,,-,-,-,-,視保戶實際申購狀況而定,,
富蘭克林華美投信全委代操鑫富穩健組合投資帳戶 -(股數)(撥回率或撥回金額非固定，全權委託帳戶之資產提減機制來源可能為本金),FFUFT003,美元,類全委,2012-08-03,RR4,單位,2026/07/29,5.91,-1.34,-1.34,3.32,4.79,,-,-,-,-,視保戶實際申購狀況而定,,
富蘭克林華美投信全委代操點時成金投資帳戶(撥回率或撥回金額非固定，全權委託帳戶之資產撥回機制來源可能為本金),FFUFT013,美元,類全委,2015-07-15,RR4,現金,2026/07/29,8.07,-1.51,-2.11,2.49,4.78,,-,-,-,-,視保戶實際申購狀況而定,,
兆豐國際投信全委代操發拉利投資帳戶(撥回率或撥回金額非固定，全權委託帳戶之資產撥回機制來源可能為本金),FFUMG001,美元,類全委,2015-10-01,RR4,現金,2026/07/29,8.2183,0.87,0.02,4.1,10.11,,-,-,-,-,視保戶實際申購狀況而定,,
兆豐國際投信全委代操發拉利投資帳戶 - (股數)(撥回率或撥回金額非固定，全權委託帳戶之資產撥回機制來源可能為本金),FFUMG002,美元,類全委,2015-10-01,RR4,單位,2026/07/29,8.2183,0.87,0.02,4.1,10.11,,-,-,-,-,視保戶實際申購狀況而定,,
瀚亞投信全委代操年年守成投資帳戶-累積,FFUPC018,美元,類全委,2021-12-20,RR3,現金,2026/07/29,11.7576,0.55,0.65,8.09,23.05,,-,-,-,-,視保戶實際申購狀況而定,,
元大投信代操名家動態投資帳戶-累積,FFUPL030,美元,類全委,2023-10-25,RR3,無,2026/07/29,13.8547,-7.75,-3.84,14.03,-,,-,-,-,-,視保戶實際申購情況而定,,
元大投信代操名家動態投資帳戶-月撥回(撥回率或撥回金額非固定，全權委託帳戶之資產撥回機制來源可能為本金),FFUPL031,美元,類全委,2023-10-30,RR3,現金,2026/07/29,11.148,-10.1,-8.82,1.9,-,,-,-,-,-,視保戶實際申購情況而定,,
統一投顧全委代操致富未來投資帳戶,FFUPM013,美元,類全委,2021-01-11,RR3,現金,2026/07/29,11.329,2.53,5.34,15.98,39.84,,-,-,-,-,視保戶實際申購狀況而定,,
統一投顧全委代操致富未來投資帳戶-月撥回(現金)(撥回率或撥回金額非固定，全權委託帳戶之資產撥回機制來源可能為本金),FFUPM014,美元,類全委,2021-01-27,RR3,現金,2026/07/29,9.0166,-1.09,0.06,7.89,22.09,,-,-,-,-,視保戶實際申購狀況而定,,
統一投顧全委代操創新七雄投資帳戶-累積,FFUPM017,美元,類全委,2021-08-10,RR3,無,2026/07/29,10.8305,1.69,2.09,11.19,27.97,,-,-,-,-,視保戶實際申購狀況而定,,
合庫投信全委代操雙享利投資帳戶(撥回率或撥回金額非固定，全權委託帳戶之資產撥回機制來源可能為本金),FFUTC001,美元,類全委,2014-04-28,RR4,現金,2026/07/29,9.7388,-2.75,-5.88,8.74,14.91,,-,-,-,-,視保戶實際申購狀況而定,,
合庫投信全委代操雙享利投資帳戶 - (股數)(撥回率或撥回金額非固定，全權委託帳戶之資產撥回機制來源可能為本金),FFUTC002,美元,類全委,2014-04-28,RR4,單位,2026/07/29,9.7388,-2.75,-5.88,8.74,14.91,,-,-,-,-,視保戶實際申購狀況而定,,
華南永昌投信全委代操享利88投資組合-月撥回(現金)(撥回率或撥回金額非固定，全權委託帳戶之資產撥回機制來源可能為本金),FFUTN003,美元,類全委,2018-07-30,RR4,現金,2026/07/29,8.9803,-0.32,0.69,7.19,7.32,,-,-,-,-,視保戶實際申購狀況而定,,
華南永昌投信全委代操享利88投資組合-月撥回(股數)(撥回率或撥回金額非固定，全權委託帳戶之資產撥回機制來源可能為本金),FFUTN004,美元,類全委,2018-07-30,RR4,單位,2026/07/29,8.9803,-0.32,0.69,7.19,7.32,,-,-,-,-,視保戶實際申購狀況而定,,
台新投信全委代操美歐戰略價值投資組合-累積,FFUTS001,美元,類全委,2016-01-04,RR4,無,2026/07/29,18.0544,4.05,2.65,8.49,29.42,,-,-,-,-,視保戶實際申購狀況而定,,
台新投信全委代操美歐戰略價值投資組合-月撥回(現金)(撥回率或撥回金額非固定，全權委託帳戶之資產撥回機制來源可能為本金),FFUTS002,美元,類全委,2016-01-04,RR4,現金,2026/07/29,10.3634,2.89,-0.7,2.38,11.69,,-,-,-,-,視保戶實際申購狀況而定,,
台新投信全委代操智能戰略投資組合-累積投資帳戶,FFUTS003,美元,類全委,2017-01-10,RR4,無,2026/07/29,11.6767,0.71,2.16,9.79,30.6,,-,-,-,-,視保戶實際申購狀況而定,,
台新投信全委代操智能戰略投資組合-月撥回(現金)投資帳戶(撥回率或撥回金額非固定，全權委託帳戶之資產撥回機制來源可能為本金),FFUTS004,美元,類全委,2017-01-10,RR4,現金,2026/07/29,8.3783,0.01,0.66,6.61,18.77,,-,-,-,-,視保戶實際申購狀況而定,,
台新投信全委代操TS戰略投資組合-累積投資帳戶,FFUTS009,美元,類全委,2018-06-11,RR4,無,2026/07/29,11.6225,0.73,1.99,9.59,29.18,,-,-,-,-,視保戶實際申購狀況而定,,
台新投信全委代操TS戰略投資組合-月撥回(現金)投資帳戶(撥回率或撥回金額非固定，全權委託帳戶之資產撥回機制來源可能為本金),FFUTS010,美元,類全委,2018-06-11,RR4,現金,2026/07/29,8.7699,-0.32,0.4,5.97,19.2,,-,-,-,-,視保戶實際申購狀況而定,,
台新投信全委代操美歐戰略價值投資組合-月撥回(撥回率或撥回金額非固定，全權委託帳戶之資產撥回機制來源可能為本金),FFUTS023,美元,類全委,2023-07-01,RR4,現金,2026/07/29,10.5361,2.9,-0.68,1.66,5.36,,-,-,-,-,視保戶實際申購狀況而定,,
華南永昌投信全委代操神機妙算I投資帳戶(撥回率或撥回金額非固定，全權委託帳戶之資產撥回機制來源可能為本金),FFUYT001,美元,類全委,2010-12-27,RR4,現金,2026/07/29,4.1376,-1.41,-3.2,-4.31,-16.29,,-,-,-,-,視保戶實際申購狀況而定,,
華南永昌投信全委代操神機妙算Ι投資帳戶 - (股數)(撥回率或撥回金額非固定，全權委託帳戶之資產撥回機制來源可能為本金),FFUYT002,美元,類全委,2010-12-27,RR4,單位,2026/07/29,4.1376,-1.41,-3.2,-4.31,-16.29,,-,-,-,-,視保戶實際申購狀況而定,,
澳幣貨幣帳戶,CAAAC007,澳幣,貨幣帳戶,-,-,無,-,-,-,-,-,-,,-,-,-,-,-,,
瑞士法郎貨幣帳戶,CACAC009,瑞郎,貨幣帳戶,-,-,無,-,-,-,-,-,-,,-,-,-,-,-,,
歐元貨幣帳戶,CAEAC004,歐元,貨幣帳戶,-,-,無,-,-,-,-,-,-,,-,-,-,-,-,,
英磅貨幣帳戶,CAGAC005,英鎊,貨幣帳戶,-,-,無,-,-,-,-,-,-,,-,-,-,-,-,,
港幣貨幣帳戶,CAHAC006,港幣,貨幣帳戶,-,-,無,-,-,-,-,-,-,,-,-,-,-,-,,
日圓貨幣帳戶,CAJAC003,日圓,貨幣帳戶,-,-,無,-,-,-,-,-,-,,-,-,-,-,-,,
人民幣貨幣帳戶,CARAC010,人民幣,貨幣帳戶,-,-,無,-,-,-,-,-,-,,-,-,-,-,-,,
新臺幣貨幣帳戶,CATAC001,台幣,貨幣帳戶,-,-,無,-,-,-,-,-,-,,-,-,-,-,-,,
美元貨幣帳戶,CAUAC002,美元,貨幣帳戶,-,-,無,-,-,-,-,-,-,,-,-,-,-,-,,
紐西蘭幣貨幣帳戶,CAZAC008,紐幣,貨幣帳戶,-,-,無,-,-,-,-,-,-,,-,-,-,-,-,,
南非幣貨幣帳戶,CAZAC011,南非幣,貨幣帳戶,-,-,無,-,-,-,-,-,-,,-,-,-,-,-,,